ISO-10303-21;
HEADER;
FILE_DESCRIPTION(('STEP AP242'),'1');
FILE_NAME('0430450400.stp','2026-03-17T16:40:06',('TraceParts'),('TraceParts S.A.S.'),'Spatial InterOp 3D',' ',' ');
FILE_SCHEMA(('AP242_MANAGED_MODEL_BASED_3D_ENGINEERING_MIM_LF  {1 0 10303 442 1 1 4}'));
ENDSEC;
DATA;
#1=MECHANICAL_DESIGN_GEOMETRIC_PRESENTATION_REPRESENTATION(' ',(#10),#6);
#2=PRODUCT_DEFINITION_CONTEXT('',#11,'design');
#3=APPLICATION_PROTOCOL_DEFINITION('INTERNATIONAL STANDARD','ap242_managed_model_based_3d_engineering',2014,#11);
#4=PRODUCT_CATEGORY_RELATIONSHIP('NONE','NONE',#12,#13);
#5=SHAPE_DEFINITION_REPRESENTATION(#14,#15);
#6= (GEOMETRIC_REPRESENTATION_CONTEXT(3)GLOBAL_UNCERTAINTY_ASSIGNED_CONTEXT((#18))GLOBAL_UNIT_ASSIGNED_CONTEXT((#20,#21,#22))REPRESENTATION_CONTEXT('NONE','WORKSPACE'));
#10=STYLED_ITEM('',(#24),#25);
#11=APPLICATION_CONTEXT('managed model based 3d engineering');
#12=PRODUCT_CATEGORY('part','NONE');
#13=PRODUCT_RELATED_PRODUCT_CATEGORY('detail',' ',(#26));
#14=PRODUCT_DEFINITION_SHAPE('NONE','NONE',#27);
#15=ADVANCED_BREP_SHAPE_REPRESENTATION('1',(#25,#28),#6);
#18=UNCERTAINTY_MEASURE_WITH_UNIT(LENGTH_MEASURE(1.0E-06),#20,'','');
#20= (CONVERSION_BASED_UNIT('MILLIMETRE',#31)LENGTH_UNIT()NAMED_UNIT(#34));
#21= (NAMED_UNIT(#36)PLANE_ANGLE_UNIT()SI_UNIT($,.RADIAN.));
#22= (NAMED_UNIT(#36)SOLID_ANGLE_UNIT()SI_UNIT($,.STERADIAN.));
#24=PRESENTATION_STYLE_ASSIGNMENT((#42));
#25=MANIFOLD_SOLID_BREP('1',#43);
#26=PRODUCT('1','','PART--DESC',(#44));
#27=PRODUCT_DEFINITION('','NONE',#45,#2);
#28=AXIS2_PLACEMENT_3D('',#46,#47,#48);
#31=LENGTH_MEASURE_WITH_UNIT(LENGTH_MEASURE(1.0),#49);
#34=DIMENSIONAL_EXPONENTS(1.0,0.0,0.0,0.0,0.0,0.0,0.0);
#36=DIMENSIONAL_EXPONENTS(0.0,0.0,0.0,0.0,0.0,0.0,0.0);
#42=SURFACE_STYLE_USAGE(.BOTH.,#50);
#43=CLOSED_SHELL('',(#51,#52,#53,#54,#55,#56,#57,#58,#59,#60,#61,#62,#63,#64,#65,#66,#67,#68,#69,#70,#71,#72,#73,#74,#75,#76,#77,#78,#79,#80,#81,#82,#83,#84,#85,#86,#87,#88,#89,#90,#91,#92,#93,#94,#95,#96,#97,#98,#99,#100,#101,#102,#103,#104,#105,#106,#107,#108,#109,#110,#111,#112,#113,#114,#115,#116,#117,#118,#119,#120,#121,#122,#123,#124,#125,#126,#127,#128,#129,#130,#131,#132,#133,#134,#135,#136,#137,#138,#139,#140,#141,#142,#143,#144,#145,#146,#147,#148,#149,#150,#151,#152,#153,#154,#155,#156,#157,#158,#159,#160,#161,#162,#163,#164,#165,#166,#167,#168,#169,#170,#171,#172,#173,#174,#175,#176,#177,#178,#179,#180,#181,#182,#183,#184,#185,#186,#187,#188,#189,#190,#191,#192,#193,#194,#195,#196,#197,#198,#199,#200,#201,#202,#203,#204,#205,#206,#207,#208,#209,#210,#211,#212,#213,#214,#215,#216,#217,#218,#219,#220,#221,#222,#223,#224,#225,#226,#227,#228,#229,#230,#231,#232,#233,#234,#235,#236,#237,#238,#239,#240,#241,#242,#243,#244,#245,#246,#247,#248,#249,#250,#251,#252,#253,#254,#255,#256,#257,#258,#259,#260,#261,#262,#263,#264,#265,#266,#267,#268,#269,#270,#271,#272,#273,#274,#275,#276,#277,#278,#279,#280,#281,#282,#283,#284,#285,#286,#287,#288,#289,#290,#291,#292,#293,#294,#295,#296,#297,#298,#299,#300,#301,#302,#303,#304,#305,#306,#307,#308,#309,#310,#311,#312,#313));
#44=PRODUCT_CONTEXT('',#11,'mechanical');
#45=PRODUCT_DEFINITION_FORMATION_WITH_SPECIFIED_SOURCE(' ','NONE',#26,.NOT_KNOWN.);
#46=CARTESIAN_POINT('',(0.0,0.0,0.0));
#47=DIRECTION('',(0.0,0.0,1.0));
#48=DIRECTION('',(1.0,0.0,0.0));
#49= (NAMED_UNIT(#34)LENGTH_UNIT()SI_UNIT(.MILLI.,.METRE.));
#50=SURFACE_SIDE_STYLE('',(#315));
#51=ADVANCED_FACE('',(#316),#317,.F.);
#52=ADVANCED_FACE('',(#318),#319,.F.);
#53=ADVANCED_FACE('',(#320),#321,.T.);
#54=ADVANCED_FACE('',(#322),#323,.T.);
#55=ADVANCED_FACE('',(#324),#325,.T.);
#56=ADVANCED_FACE('',(#326),#327,.F.);
#57=ADVANCED_FACE('',(#328),#329,.T.);
#58=ADVANCED_FACE('',(#330),#331,.T.);
#59=ADVANCED_FACE('',(#332),#333,.F.);
#60=ADVANCED_FACE('',(#334),#335,.T.);
#61=ADVANCED_FACE('',(#336),#337,.T.);
#62=ADVANCED_FACE('',(#338),#339,.F.);
#63=ADVANCED_FACE('',(#340),#341,.T.);
#64=ADVANCED_FACE('',(#342),#343,.T.);
#65=ADVANCED_FACE('',(#344),#345,.F.);
#66=ADVANCED_FACE('',(#346),#347,.T.);
#67=ADVANCED_FACE('',(#348),#349,.T.);
#68=ADVANCED_FACE('',(#350),#351,.F.);
#69=ADVANCED_FACE('',(#352),#353,.F.);
#70=ADVANCED_FACE('',(#354),#355,.F.);
#71=ADVANCED_FACE('',(#356),#357,.F.);
#72=ADVANCED_FACE('',(#358),#359,.F.);
#73=ADVANCED_FACE('',(#360),#361,.F.);
#74=ADVANCED_FACE('',(#362),#363,.F.);
#75=ADVANCED_FACE('',(#364),#365,.F.);
#76=ADVANCED_FACE('',(#366),#367,.T.);
#77=ADVANCED_FACE('',(#368),#369,.T.);
#78=ADVANCED_FACE('',(#370),#371,.F.);
#79=ADVANCED_FACE('',(#372),#373,.F.);
#80=ADVANCED_FACE('',(#374),#375,.F.);
#81=ADVANCED_FACE('',(#376),#377,.F.);
#82=ADVANCED_FACE('',(#378),#379,.F.);
#83=ADVANCED_FACE('',(#380),#381,.T.);
#84=ADVANCED_FACE('',(#382),#383,.F.);
#85=ADVANCED_FACE('',(#384),#385,.F.);
#86=ADVANCED_FACE('',(#386),#387,.F.);
#87=ADVANCED_FACE('',(#388),#389,.F.);
#88=ADVANCED_FACE('',(#390),#391,.T.);
#89=ADVANCED_FACE('',(#392),#393,.F.);
#90=ADVANCED_FACE('',(#394),#395,.T.);
#91=ADVANCED_FACE('',(#396),#397,.T.);
#92=ADVANCED_FACE('',(#398),#399,.T.);
#93=ADVANCED_FACE('',(#400),#401,.T.);
#94=ADVANCED_FACE('',(#402),#403,.T.);
#95=ADVANCED_FACE('',(#404),#405,.T.);
#96=ADVANCED_FACE('',(#406),#407,.T.);
#97=ADVANCED_FACE('',(#408),#409,.T.);
#98=ADVANCED_FACE('',(#410),#411,.T.);
#99=ADVANCED_FACE('',(#412),#413,.F.);
#100=ADVANCED_FACE('',(#414),#415,.F.);
#101=ADVANCED_FACE('',(#416),#417,.F.);
#102=ADVANCED_FACE('',(#418),#419,.F.);
#103=ADVANCED_FACE('',(#420),#421,.T.);
#104=ADVANCED_FACE('',(#422),#423,.T.);
#105=ADVANCED_FACE('',(#424),#425,.F.);
#106=ADVANCED_FACE('',(#426),#427,.F.);
#107=ADVANCED_FACE('',(#428),#429,.T.);
#108=ADVANCED_FACE('',(#430),#431,.T.);
#109=ADVANCED_FACE('',(#432),#433,.T.);
#110=ADVANCED_FACE('',(#434),#435,.F.);
#111=ADVANCED_FACE('',(#436),#437,.T.);
#112=ADVANCED_FACE('',(#438),#439,.T.);
#113=ADVANCED_FACE('',(#440),#441,.T.);
#114=ADVANCED_FACE('',(#442),#443,.T.);
#115=ADVANCED_FACE('',(#444),#445,.T.);
#116=ADVANCED_FACE('',(#446),#447,.T.);
#117=ADVANCED_FACE('',(#448),#449,.T.);
#118=ADVANCED_FACE('',(#450),#451,.T.);
#119=ADVANCED_FACE('',(#452),#453,.T.);
#120=ADVANCED_FACE('',(#454),#455,.T.);
#121=ADVANCED_FACE('',(#456),#457,.T.);
#122=ADVANCED_FACE('',(#458),#459,.T.);
#123=ADVANCED_FACE('',(#460),#461,.F.);
#124=ADVANCED_FACE('',(#462),#463,.F.);
#125=ADVANCED_FACE('',(#464),#465,.F.);
#126=ADVANCED_FACE('',(#466),#467,.F.);
#127=ADVANCED_FACE('',(#468),#469,.T.);
#128=ADVANCED_FACE('',(#470),#471,.T.);
#129=ADVANCED_FACE('',(#472),#473,.T.);
#130=ADVANCED_FACE('',(#474),#475,.T.);
#131=ADVANCED_FACE('',(#476),#477,.T.);
#132=ADVANCED_FACE('',(#478),#479,.T.);
#133=ADVANCED_FACE('',(#480),#481,.T.);
#134=ADVANCED_FACE('',(#482),#483,.T.);
#135=ADVANCED_FACE('',(#484),#485,.T.);
#136=ADVANCED_FACE('',(#486),#487,.T.);
#137=ADVANCED_FACE('',(#488),#489,.F.);
#138=ADVANCED_FACE('',(#490),#491,.F.);
#139=ADVANCED_FACE('',(#492,#493),#494,.T.);
#140=ADVANCED_FACE('',(#495),#496,.F.);
#141=ADVANCED_FACE('',(#497),#498,.F.);
#142=ADVANCED_FACE('',(#499),#500,.T.);
#143=ADVANCED_FACE('',(#501),#502,.T.);
#144=ADVANCED_FACE('',(#503),#504,.T.);
#145=ADVANCED_FACE('',(#505),#506,.T.);
#146=ADVANCED_FACE('',(#507),#508,.F.);
#147=ADVANCED_FACE('',(#509),#510,.T.);
#148=ADVANCED_FACE('',(#511),#512,.F.);
#149=ADVANCED_FACE('',(#513),#514,.F.);
#150=ADVANCED_FACE('',(#515),#516,.F.);
#151=ADVANCED_FACE('',(#517),#518,.F.);
#152=ADVANCED_FACE('',(#519),#520,.T.);
#153=ADVANCED_FACE('',(#521),#522,.T.);
#154=ADVANCED_FACE('',(#523),#524,.F.);
#155=ADVANCED_FACE('',(#525),#526,.F.);
#156=ADVANCED_FACE('',(#527),#528,.F.);
#157=ADVANCED_FACE('',(#529),#530,.T.);
#158=ADVANCED_FACE('',(#531),#532,.F.);
#159=ADVANCED_FACE('',(#533),#534,.F.);
#160=ADVANCED_FACE('',(#535),#536,.F.);
#161=ADVANCED_FACE('',(#537),#538,.F.);
#162=ADVANCED_FACE('',(#539),#540,.F.);
#163=ADVANCED_FACE('',(#541),#542,.T.);
#164=ADVANCED_FACE('',(#543),#544,.T.);
#165=ADVANCED_FACE('',(#545),#546,.T.);
#166=ADVANCED_FACE('',(#547),#548,.T.);
#167=ADVANCED_FACE('',(#549),#550,.T.);
#168=ADVANCED_FACE('',(#551),#552,.T.);
#169=ADVANCED_FACE('',(#553),#554,.T.);
#170=ADVANCED_FACE('',(#555),#556,.T.);
#171=ADVANCED_FACE('',(#557,#558),#559,.T.);
#172=ADVANCED_FACE('',(#560,#561),#562,.T.);
#173=ADVANCED_FACE('',(#563,#564),#565,.T.);
#174=ADVANCED_FACE('',(#566,#567),#568,.T.);
#175=ADVANCED_FACE('',(#569),#570,.F.);
#176=ADVANCED_FACE('',(#571,#572,#573,#574,#575),#576,.T.);
#177=ADVANCED_FACE('',(#577),#578,.F.);
#178=ADVANCED_FACE('',(#579),#580,.F.);
#179=ADVANCED_FACE('',(#581),#582,.F.);
#180=ADVANCED_FACE('',(#583),#584,.F.);
#181=ADVANCED_FACE('',(#585),#586,.F.);
#182=ADVANCED_FACE('',(#587),#588,.F.);
#183=ADVANCED_FACE('',(#589),#590,.T.);
#184=ADVANCED_FACE('',(#591),#592,.T.);
#185=ADVANCED_FACE('',(#593),#594,.F.);
#186=ADVANCED_FACE('',(#595),#596,.F.);
#187=ADVANCED_FACE('',(#597),#598,.T.);
#188=ADVANCED_FACE('',(#599),#600,.T.);
#189=ADVANCED_FACE('',(#601),#602,.F.);
#190=ADVANCED_FACE('',(#603),#604,.F.);
#191=ADVANCED_FACE('',(#605),#606,.F.);
#192=ADVANCED_FACE('',(#607),#608,.F.);
#193=ADVANCED_FACE('',(#609),#610,.F.);
#194=ADVANCED_FACE('',(#611),#612,.F.);
#195=ADVANCED_FACE('',(#613),#614,.F.);
#196=ADVANCED_FACE('',(#615),#616,.F.);
#197=ADVANCED_FACE('',(#617),#618,.F.);
#198=ADVANCED_FACE('',(#619),#620,.F.);
#199=ADVANCED_FACE('',(#621),#622,.F.);
#200=ADVANCED_FACE('',(#623),#624,.F.);
#201=ADVANCED_FACE('',(#625),#626,.F.);
#202=ADVANCED_FACE('',(#627),#628,.F.);
#203=ADVANCED_FACE('',(#629),#630,.F.);
#204=ADVANCED_FACE('',(#631),#632,.F.);
#205=ADVANCED_FACE('',(#633),#634,.F.);
#206=ADVANCED_FACE('',(#635),#636,.F.);
#207=ADVANCED_FACE('',(#637),#638,.F.);
#208=ADVANCED_FACE('',(#639),#640,.F.);
#209=ADVANCED_FACE('',(#641),#642,.F.);
#210=ADVANCED_FACE('',(#643),#644,.T.);
#211=ADVANCED_FACE('',(#645),#646,.T.);
#212=ADVANCED_FACE('',(#647),#648,.F.);
#213=ADVANCED_FACE('',(#649),#650,.F.);
#214=ADVANCED_FACE('',(#651),#652,.F.);
#215=ADVANCED_FACE('',(#653),#654,.F.);
#216=ADVANCED_FACE('',(#655),#656,.F.);
#217=ADVANCED_FACE('',(#657),#658,.F.);
#218=ADVANCED_FACE('',(#659),#660,.F.);
#219=ADVANCED_FACE('',(#661),#662,.T.);
#220=ADVANCED_FACE('',(#663),#664,.F.);
#221=ADVANCED_FACE('',(#665),#666,.F.);
#222=ADVANCED_FACE('',(#667),#668,.F.);
#223=ADVANCED_FACE('',(#669),#670,.F.);
#224=ADVANCED_FACE('',(#671),#672,.F.);
#225=ADVANCED_FACE('',(#673),#674,.T.);
#226=ADVANCED_FACE('',(#675),#676,.T.);
#227=ADVANCED_FACE('',(#677),#678,.T.);
#228=ADVANCED_FACE('',(#679),#680,.T.);
#229=ADVANCED_FACE('',(#681),#682,.T.);
#230=ADVANCED_FACE('',(#683),#684,.T.);
#231=ADVANCED_FACE('',(#685),#686,.T.);
#232=ADVANCED_FACE('',(#687),#688,.T.);
#233=ADVANCED_FACE('',(#689),#690,.T.);
#234=ADVANCED_FACE('',(#691),#692,.T.);
#235=ADVANCED_FACE('',(#693),#694,.T.);
#236=ADVANCED_FACE('',(#695),#696,.T.);
#237=ADVANCED_FACE('',(#697),#698,.T.);
#238=ADVANCED_FACE('',(#699),#700,.T.);
#239=ADVANCED_FACE('',(#701),#702,.T.);
#240=ADVANCED_FACE('',(#703),#704,.T.);
#241=ADVANCED_FACE('',(#705),#706,.T.);
#242=ADVANCED_FACE('',(#707),#708,.T.);
#243=ADVANCED_FACE('',(#709),#710,.T.);
#244=ADVANCED_FACE('',(#711),#712,.T.);
#245=ADVANCED_FACE('',(#713),#714,.T.);
#246=ADVANCED_FACE('',(#715),#716,.T.);
#247=ADVANCED_FACE('',(#717),#718,.T.);
#248=ADVANCED_FACE('',(#719),#720,.T.);
#249=ADVANCED_FACE('',(#721),#722,.T.);
#250=ADVANCED_FACE('',(#723),#724,.T.);
#251=ADVANCED_FACE('',(#725),#726,.T.);
#252=ADVANCED_FACE('',(#727),#728,.T.);
#253=ADVANCED_FACE('',(#729),#730,.T.);
#254=ADVANCED_FACE('',(#731),#732,.T.);
#255=ADVANCED_FACE('',(#733),#734,.T.);
#256=ADVANCED_FACE('',(#735),#736,.T.);
#257=ADVANCED_FACE('',(#737),#738,.T.);
#258=ADVANCED_FACE('',(#739),#740,.T.);
#259=ADVANCED_FACE('',(#741),#742,.T.);
#260=ADVANCED_FACE('',(#743),#744,.T.);
#261=ADVANCED_FACE('',(#745),#746,.T.);
#262=ADVANCED_FACE('',(#747),#748,.T.);
#263=ADVANCED_FACE('',(#749),#750,.T.);
#264=ADVANCED_FACE('',(#751),#752,.T.);
#265=ADVANCED_FACE('',(#753),#754,.T.);
#266=ADVANCED_FACE('',(#755),#756,.T.);
#267=ADVANCED_FACE('',(#757),#758,.T.);
#268=ADVANCED_FACE('',(#759),#760,.T.);
#269=ADVANCED_FACE('',(#761),#762,.T.);
#270=ADVANCED_FACE('',(#763),#764,.T.);
#271=ADVANCED_FACE('',(#765),#766,.T.);
#272=ADVANCED_FACE('',(#767),#768,.T.);
#273=ADVANCED_FACE('',(#769),#770,.T.);
#274=ADVANCED_FACE('',(#771),#772,.T.);
#275=ADVANCED_FACE('',(#773),#774,.F.);
#276=ADVANCED_FACE('',(#775),#776,.F.);
#277=ADVANCED_FACE('',(#777),#778,.F.);
#278=ADVANCED_FACE('',(#779),#780,.F.);
#279=ADVANCED_FACE('',(#781),#782,.F.);
#280=ADVANCED_FACE('',(#783),#784,.T.);
#281=ADVANCED_FACE('',(#785),#786,.T.);
#282=ADVANCED_FACE('',(#787),#788,.T.);
#283=ADVANCED_FACE('',(#789),#790,.T.);
#284=ADVANCED_FACE('',(#791),#792,.T.);
#285=ADVANCED_FACE('',(#793),#794,.F.);
#286=ADVANCED_FACE('',(#795),#796,.F.);
#287=ADVANCED_FACE('',(#797),#798,.F.);
#288=ADVANCED_FACE('',(#799),#800,.T.);
#289=ADVANCED_FACE('',(#801),#802,.T.);
#290=ADVANCED_FACE('',(#803),#804,.T.);
#291=ADVANCED_FACE('',(#805),#806,.F.);
#292=ADVANCED_FACE('',(#807),#808,.F.);
#293=ADVANCED_FACE('',(#809),#810,.F.);
#294=ADVANCED_FACE('',(#811),#812,.T.);
#295=ADVANCED_FACE('',(#813),#814,.F.);
#296=ADVANCED_FACE('',(#815),#816,.F.);
#297=ADVANCED_FACE('',(#817),#818,.F.);
#298=ADVANCED_FACE('',(#819),#820,.T.);
#299=ADVANCED_FACE('',(#821),#822,.T.);
#300=ADVANCED_FACE('',(#823),#824,.T.);
#301=ADVANCED_FACE('',(#825),#826,.T.);
#302=ADVANCED_FACE('',(#827),#828,.T.);
#303=ADVANCED_FACE('',(#829),#830,.F.);
#304=ADVANCED_FACE('',(#831),#832,.T.);
#305=ADVANCED_FACE('',(#833),#834,.F.);
#306=ADVANCED_FACE('',(#835),#836,.F.);
#307=ADVANCED_FACE('',(#837),#838,.F.);
#308=ADVANCED_FACE('',(#839),#840,.F.);
#309=ADVANCED_FACE('',(#841),#842,.F.);
#310=ADVANCED_FACE('',(#843),#844,.F.);
#311=ADVANCED_FACE('',(#845),#846,.F.);
#312=ADVANCED_FACE('',(#847),#848,.T.);
#313=ADVANCED_FACE('',(#849),#850,.F.);
#315=SURFACE_STYLE_FILL_AREA(#851);
#316=FACE_OUTER_BOUND('',#852,.T.);
#317=PLANE('',#853);
#318=FACE_OUTER_BOUND('',#854,.T.);
#319=PLANE('',#855);
#320=FACE_OUTER_BOUND('',#856,.T.);
#321=PLANE('',#857);
#322=FACE_OUTER_BOUND('',#858,.T.);
#323=PLANE('',#859);
#324=FACE_OUTER_BOUND('',#860,.T.);
#325=PLANE('',#861);
#326=FACE_OUTER_BOUND('',#862,.T.);
#327=PLANE('',#863);
#328=FACE_OUTER_BOUND('',#864,.T.);
#329=PLANE('',#865);
#330=FACE_OUTER_BOUND('',#866,.T.);
#331=PLANE('',#867);
#332=FACE_OUTER_BOUND('',#868,.T.);
#333=PLANE('',#869);
#334=FACE_OUTER_BOUND('',#870,.T.);
#335=PLANE('',#871);
#336=FACE_OUTER_BOUND('',#872,.T.);
#337=PLANE('',#873);
#338=FACE_OUTER_BOUND('',#874,.T.);
#339=PLANE('',#875);
#340=FACE_OUTER_BOUND('',#876,.T.);
#341=PLANE('',#877);
#342=FACE_OUTER_BOUND('',#878,.T.);
#343=PLANE('',#879);
#344=FACE_OUTER_BOUND('',#880,.T.);
#345=PLANE('',#881);
#346=FACE_OUTER_BOUND('',#882,.T.);
#347=PLANE('',#883);
#348=FACE_OUTER_BOUND('',#884,.T.);
#349=PLANE('',#885);
#350=FACE_OUTER_BOUND('',#886,.T.);
#351=PLANE('',#887);
#352=FACE_OUTER_BOUND('',#888,.T.);
#353=PLANE('',#889);
#354=FACE_OUTER_BOUND('',#890,.T.);
#355=PLANE('',#891);
#356=FACE_OUTER_BOUND('',#892,.T.);
#357=PLANE('',#893);
#358=FACE_OUTER_BOUND('',#894,.T.);
#359=PLANE('',#895);
#360=FACE_OUTER_BOUND('',#896,.T.);
#361=PLANE('',#897);
#362=FACE_OUTER_BOUND('',#898,.T.);
#363=PLANE('',#899);
#364=FACE_OUTER_BOUND('',#900,.T.);
#365=PLANE('',#901);
#366=FACE_OUTER_BOUND('',#902,.T.);
#367=PLANE('',#903);
#368=FACE_OUTER_BOUND('',#904,.T.);
#369=PLANE('',#905);
#370=FACE_OUTER_BOUND('',#906,.T.);
#371=PLANE('',#907);
#372=FACE_OUTER_BOUND('',#908,.T.);
#373=PLANE('',#909);
#374=FACE_OUTER_BOUND('',#910,.T.);
#375=PLANE('',#911);
#376=FACE_OUTER_BOUND('',#912,.T.);
#377=PLANE('',#913);
#378=FACE_OUTER_BOUND('',#914,.T.);
#379=PLANE('',#915);
#380=FACE_OUTER_BOUND('',#916,.T.);
#381=PLANE('',#917);
#382=FACE_OUTER_BOUND('',#918,.T.);
#383=PLANE('',#919);
#384=FACE_OUTER_BOUND('',#920,.T.);
#385=PLANE('',#921);
#386=FACE_OUTER_BOUND('',#922,.T.);
#387=PLANE('',#923);
#388=FACE_OUTER_BOUND('',#924,.T.);
#389=PLANE('',#925);
#390=FACE_OUTER_BOUND('',#926,.T.);
#391=PLANE('',#927);
#392=FACE_OUTER_BOUND('',#928,.T.);
#393=PLANE('',#929);
#394=FACE_OUTER_BOUND('',#930,.T.);
#395=PLANE('',#931);
#396=FACE_OUTER_BOUND('',#932,.T.);
#397=PLANE('',#933);
#398=FACE_OUTER_BOUND('',#934,.T.);
#399=PLANE('',#935);
#400=FACE_OUTER_BOUND('',#936,.T.);
#401=PLANE('',#937);
#402=FACE_OUTER_BOUND('',#938,.T.);
#403=PLANE('',#939);
#404=FACE_OUTER_BOUND('',#940,.T.);
#405=PLANE('',#941);
#406=FACE_OUTER_BOUND('',#942,.T.);
#407=PLANE('',#943);
#408=FACE_OUTER_BOUND('',#944,.T.);
#409=PLANE('',#945);
#410=FACE_OUTER_BOUND('',#946,.T.);
#411=PLANE('',#947);
#412=FACE_OUTER_BOUND('',#948,.T.);
#413=PLANE('',#949);
#414=FACE_OUTER_BOUND('',#950,.T.);
#415=PLANE('',#951);
#416=FACE_OUTER_BOUND('',#952,.T.);
#417=PLANE('',#953);
#418=FACE_OUTER_BOUND('',#954,.T.);
#419=PLANE('',#955);
#420=FACE_OUTER_BOUND('',#956,.T.);
#421=PLANE('',#957);
#422=FACE_OUTER_BOUND('',#958,.T.);
#423=PLANE('',#959);
#424=FACE_OUTER_BOUND('',#960,.T.);
#425=PLANE('',#961);
#426=FACE_OUTER_BOUND('',#962,.T.);
#427=PLANE('',#963);
#428=FACE_OUTER_BOUND('',#964,.T.);
#429=PLANE('',#965);
#430=FACE_OUTER_BOUND('',#966,.T.);
#431=CONICAL_SURFACE('',#967,1.024315246462,0.523598775598299);
#432=FACE_OUTER_BOUND('',#968,.T.);
#433=CYLINDRICAL_SURFACE('',#969,1.3);
#434=FACE_OUTER_BOUND('',#970,.T.);
#435=PLANE('',#971);
#436=FACE_OUTER_BOUND('',#972,.T.);
#437=CYLINDRICAL_SURFACE('',#973,1.0);
#438=FACE_OUTER_BOUND('',#974,.T.);
#439=PLANE('',#975);
#440=FACE_OUTER_BOUND('',#976,.T.);
#441=PLANE('',#977);
#442=FACE_OUTER_BOUND('',#978,.T.);
#443=PLANE('',#979);
#444=FACE_OUTER_BOUND('',#980,.T.);
#445=PLANE('',#981);
#446=FACE_OUTER_BOUND('',#982,.T.);
#447=PLANE('',#983);
#448=FACE_OUTER_BOUND('',#984,.T.);
#449=PLANE('',#985);
#450=FACE_OUTER_BOUND('',#986,.T.);
#451=PLANE('',#987);
#452=FACE_OUTER_BOUND('',#988,.T.);
#453=PLANE('',#989);
#454=FACE_OUTER_BOUND('',#990,.T.);
#455=PLANE('',#991);
#456=FACE_OUTER_BOUND('',#992,.T.);
#457=PLANE('',#993);
#458=FACE_OUTER_BOUND('',#994,.T.);
#459=PLANE('',#995);
#460=FACE_OUTER_BOUND('',#996,.T.);
#461=PLANE('',#997);
#462=FACE_OUTER_BOUND('',#998,.T.);
#463=PLANE('',#999);
#464=FACE_OUTER_BOUND('',#1000,.T.);
#465=PLANE('',#1001);
#466=FACE_OUTER_BOUND('',#1002,.T.);
#467=PLANE('',#1003);
#468=FACE_OUTER_BOUND('',#1004,.T.);
#469=PLANE('',#1005);
#470=FACE_OUTER_BOUND('',#1006,.T.);
#471=PLANE('',#1007);
#472=FACE_OUTER_BOUND('',#1008,.T.);
#473=PLANE('',#1009);
#474=FACE_OUTER_BOUND('',#1010,.T.);
#475=PLANE('',#1011);
#476=FACE_OUTER_BOUND('',#1012,.T.);
#477=PLANE('',#1013);
#478=FACE_OUTER_BOUND('',#1014,.T.);
#479=PLANE('',#1015);
#480=FACE_OUTER_BOUND('',#1016,.T.);
#481=PLANE('',#1017);
#482=FACE_OUTER_BOUND('',#1018,.T.);
#483=PLANE('',#1019);
#484=FACE_OUTER_BOUND('',#1020,.T.);
#485=PLANE('',#1021);
#486=FACE_OUTER_BOUND('',#1022,.T.);
#487=PLANE('',#1023);
#488=FACE_OUTER_BOUND('',#1024,.T.);
#489=PLANE('',#1025);
#490=FACE_OUTER_BOUND('',#1026,.T.);
#491=PLANE('',#1027);
#492=FACE_OUTER_BOUND('',#1028,.T.);
#493=FACE_BOUND('',#1029,.T.);
#494=PLANE('',#1030);
#495=FACE_OUTER_BOUND('',#1031,.T.);
#496=PLANE('',#1032);
#497=FACE_OUTER_BOUND('',#1033,.T.);
#498=CYLINDRICAL_SURFACE('',#1034,0.75);
#499=FACE_OUTER_BOUND('',#1035,.T.);
#500=PLANE('',#1036);
#501=FACE_OUTER_BOUND('',#1037,.T.);
#502=PLANE('',#1038);
#503=FACE_OUTER_BOUND('',#1039,.T.);
#504=PLANE('',#1040);
#505=FACE_OUTER_BOUND('',#1041,.T.);
#506=PLANE('',#1042);
#507=FACE_OUTER_BOUND('',#1043,.T.);
#508=PLANE('',#1044);
#509=FACE_OUTER_BOUND('',#1045,.T.);
#510=PLANE('',#1046);
#511=FACE_OUTER_BOUND('',#1047,.T.);
#512=PLANE('',#1048);
#513=FACE_OUTER_BOUND('',#1049,.T.);
#514=PLANE('',#1050);
#515=FACE_OUTER_BOUND('',#1051,.T.);
#516=PLANE('',#1052);
#517=FACE_OUTER_BOUND('',#1053,.T.);
#518=PLANE('',#1054);
#519=FACE_OUTER_BOUND('',#1055,.T.);
#520=PLANE('',#1056);
#521=FACE_OUTER_BOUND('',#1057,.T.);
#522=PLANE('',#1058);
#523=FACE_OUTER_BOUND('',#1059,.T.);
#524=PLANE('',#1060);
#525=FACE_OUTER_BOUND('',#1061,.T.);
#526=PLANE('',#1062);
#527=FACE_OUTER_BOUND('',#1063,.T.);
#528=PLANE('',#1064);
#529=FACE_OUTER_BOUND('',#1065,.T.);
#530=PLANE('',#1066);
#531=FACE_OUTER_BOUND('',#1067,.T.);
#532=PLANE('',#1068);
#533=FACE_OUTER_BOUND('',#1069,.T.);
#534=PLANE('',#1070);
#535=FACE_OUTER_BOUND('',#1071,.T.);
#536=PLANE('',#1072);
#537=FACE_OUTER_BOUND('',#1073,.T.);
#538=PLANE('',#1074);
#539=FACE_OUTER_BOUND('',#1075,.T.);
#540=PLANE('',#1076);
#541=FACE_OUTER_BOUND('',#1077,.T.);
#542=PLANE('',#1078);
#543=FACE_OUTER_BOUND('',#1079,.T.);
#544=PLANE('',#1080);
#545=FACE_OUTER_BOUND('',#1081,.T.);
#546=PLANE('',#1082);
#547=FACE_OUTER_BOUND('',#1083,.T.);
#548=PLANE('',#1084);
#549=FACE_OUTER_BOUND('',#1085,.T.);
#550=PLANE('',#1086);
#551=FACE_OUTER_BOUND('',#1087,.T.);
#552=PLANE('',#1088);
#553=FACE_OUTER_BOUND('',#1089,.T.);
#554=PLANE('',#1090);
#555=FACE_OUTER_BOUND('',#1091,.T.);
#556=PLANE('',#1092);
#557=FACE_OUTER_BOUND('',#1093,.T.);
#558=FACE_BOUND('',#1094,.T.);
#559=PLANE('',#1095);
#560=FACE_OUTER_BOUND('',#1096,.T.);
#561=FACE_BOUND('',#1097,.T.);
#562=PLANE('',#1098);
#563=FACE_OUTER_BOUND('',#1099,.T.);
#564=FACE_BOUND('',#1100,.T.);
#565=PLANE('',#1101);
#566=FACE_OUTER_BOUND('',#1102,.T.);
#567=FACE_BOUND('',#1103,.T.);
#568=PLANE('',#1104);
#569=FACE_OUTER_BOUND('',#1105,.T.);
#570=PLANE('',#1106);
#571=FACE_OUTER_BOUND('',#1107,.T.);
#572=FACE_BOUND('',#1108,.T.);
#573=FACE_BOUND('',#1109,.T.);
#574=FACE_BOUND('',#1110,.T.);
#575=FACE_BOUND('',#1111,.T.);
#576=PLANE('',#1112);
#577=FACE_OUTER_BOUND('',#1113,.T.);
#578=PLANE('',#1114);
#579=FACE_OUTER_BOUND('',#1115,.T.);
#580=PLANE('',#1116);
#581=FACE_OUTER_BOUND('',#1117,.T.);
#582=PLANE('',#1118);
#583=FACE_OUTER_BOUND('',#1119,.T.);
#584=PLANE('',#1120);
#585=FACE_OUTER_BOUND('',#1121,.T.);
#586=PLANE('',#1122);
#587=FACE_OUTER_BOUND('',#1123,.T.);
#588=PLANE('',#1124);
#589=FACE_OUTER_BOUND('',#1125,.T.);
#590=PLANE('',#1126);
#591=FACE_OUTER_BOUND('',#1127,.T.);
#592=PLANE('',#1128);
#593=FACE_OUTER_BOUND('',#1129,.T.);
#594=PLANE('',#1130);
#595=FACE_OUTER_BOUND('',#1131,.T.);
#596=PLANE('',#1132);
#597=FACE_OUTER_BOUND('',#1133,.T.);
#598=PLANE('',#1134);
#599=FACE_OUTER_BOUND('',#1135,.T.);
#600=PLANE('',#1136);
#601=FACE_OUTER_BOUND('',#1137,.T.);
#602=PLANE('',#1138);
#603=FACE_OUTER_BOUND('',#1139,.T.);
#604=PLANE('',#1140);
#605=FACE_OUTER_BOUND('',#1141,.T.);
#606=PLANE('',#1142);
#607=FACE_OUTER_BOUND('',#1143,.T.);
#608=PLANE('',#1144);
#609=FACE_OUTER_BOUND('',#1145,.T.);
#610=PLANE('',#1146);
#611=FACE_OUTER_BOUND('',#1147,.T.);
#612=PLANE('',#1148);
#613=FACE_OUTER_BOUND('',#1149,.T.);
#614=PLANE('',#1150);
#615=FACE_OUTER_BOUND('',#1151,.T.);
#616=PLANE('',#1152);
#617=FACE_OUTER_BOUND('',#1153,.T.);
#618=PLANE('',#1154);
#619=FACE_OUTER_BOUND('',#1155,.T.);
#620=PLANE('',#1156);
#621=FACE_OUTER_BOUND('',#1157,.T.);
#622=PLANE('',#1158);
#623=FACE_OUTER_BOUND('',#1159,.T.);
#624=PLANE('',#1160);
#625=FACE_OUTER_BOUND('',#1161,.T.);
#626=PLANE('',#1162);
#627=FACE_OUTER_BOUND('',#1163,.T.);
#628=PLANE('',#1164);
#629=FACE_OUTER_BOUND('',#1165,.T.);
#630=PLANE('',#1166);
#631=FACE_OUTER_BOUND('',#1167,.T.);
#632=PLANE('',#1168);
#633=FACE_OUTER_BOUND('',#1169,.T.);
#634=PLANE('',#1170);
#635=FACE_OUTER_BOUND('',#1171,.T.);
#636=PLANE('',#1172);
#637=FACE_OUTER_BOUND('',#1173,.T.);
#638=PLANE('',#1174);
#639=FACE_OUTER_BOUND('',#1175,.T.);
#640=PLANE('',#1176);
#641=FACE_OUTER_BOUND('',#1177,.T.);
#642=PLANE('',#1178);
#643=FACE_OUTER_BOUND('',#1179,.T.);
#644=PLANE('',#1180);
#645=FACE_OUTER_BOUND('',#1181,.T.);
#646=PLANE('',#1182);
#647=FACE_OUTER_BOUND('',#1183,.T.);
#648=PLANE('',#1184);
#649=FACE_OUTER_BOUND('',#1185,.T.);
#650=PLANE('',#1186);
#651=FACE_OUTER_BOUND('',#1187,.T.);
#652=PLANE('',#1188);
#653=FACE_OUTER_BOUND('',#1189,.T.);
#654=PLANE('',#1190);
#655=FACE_OUTER_BOUND('',#1191,.T.);
#656=PLANE('',#1192);
#657=FACE_OUTER_BOUND('',#1193,.T.);
#658=PLANE('',#1194);
#659=FACE_OUTER_BOUND('',#1195,.T.);
#660=PLANE('',#1196);
#661=FACE_OUTER_BOUND('',#1197,.T.);
#662=PLANE('',#1198);
#663=FACE_OUTER_BOUND('',#1199,.T.);
#664=PLANE('',#1200);
#665=FACE_OUTER_BOUND('',#1201,.T.);
#666=PLANE('',#1202);
#667=FACE_OUTER_BOUND('',#1203,.T.);
#668=PLANE('',#1204);
#669=FACE_OUTER_BOUND('',#1205,.T.);
#670=PLANE('',#1206);
#671=FACE_OUTER_BOUND('',#1207,.T.);
#672=PLANE('',#1208);
#673=FACE_OUTER_BOUND('',#1209,.T.);
#674=PLANE('',#1210);
#675=FACE_OUTER_BOUND('',#1211,.T.);
#676=PLANE('',#1212);
#677=FACE_OUTER_BOUND('',#1213,.T.);
#678=PLANE('',#1214);
#679=FACE_OUTER_BOUND('',#1215,.T.);
#680=PLANE('',#1216);
#681=FACE_OUTER_BOUND('',#1217,.T.);
#682=PLANE('',#1218);
#683=FACE_OUTER_BOUND('',#1219,.T.);
#684=PLANE('',#1220);
#685=FACE_OUTER_BOUND('',#1221,.T.);
#686=PLANE('',#1222);
#687=FACE_OUTER_BOUND('',#1223,.T.);
#688=PLANE('',#1224);
#689=FACE_OUTER_BOUND('',#1225,.T.);
#690=PLANE('',#1226);
#691=FACE_OUTER_BOUND('',#1227,.T.);
#692=PLANE('',#1228);
#693=FACE_OUTER_BOUND('',#1229,.T.);
#694=PLANE('',#1230);
#695=FACE_OUTER_BOUND('',#1231,.T.);
#696=PLANE('',#1232);
#697=FACE_OUTER_BOUND('',#1233,.T.);
#698=PLANE('',#1234);
#699=FACE_OUTER_BOUND('',#1235,.T.);
#700=PLANE('',#1236);
#701=FACE_OUTER_BOUND('',#1237,.T.);
#702=PLANE('',#1238);
#703=FACE_OUTER_BOUND('',#1239,.T.);
#704=PLANE('',#1240);
#705=FACE_OUTER_BOUND('',#1241,.T.);
#706=PLANE('',#1242);
#707=FACE_OUTER_BOUND('',#1243,.T.);
#708=PLANE('',#1244);
#709=FACE_OUTER_BOUND('',#1245,.T.);
#710=PLANE('',#1246);
#711=FACE_OUTER_BOUND('',#1247,.T.);
#712=PLANE('',#1248);
#713=FACE_OUTER_BOUND('',#1249,.T.);
#714=PLANE('',#1250);
#715=FACE_OUTER_BOUND('',#1251,.T.);
#716=PLANE('',#1252);
#717=FACE_OUTER_BOUND('',#1253,.T.);
#718=PLANE('',#1254);
#719=FACE_OUTER_BOUND('',#1255,.T.);
#720=PLANE('',#1256);
#721=FACE_OUTER_BOUND('',#1257,.T.);
#722=PLANE('',#1258);
#723=FACE_OUTER_BOUND('',#1259,.T.);
#724=PLANE('',#1260);
#725=FACE_OUTER_BOUND('',#1261,.T.);
#726=PLANE('',#1262);
#727=FACE_OUTER_BOUND('',#1263,.T.);
#728=PLANE('',#1264);
#729=FACE_OUTER_BOUND('',#1265,.T.);
#730=PLANE('',#1266);
#731=FACE_OUTER_BOUND('',#1267,.T.);
#732=PLANE('',#1268);
#733=FACE_OUTER_BOUND('',#1269,.T.);
#734=PLANE('',#1270);
#735=FACE_OUTER_BOUND('',#1271,.T.);
#736=PLANE('',#1272);
#737=FACE_OUTER_BOUND('',#1273,.T.);
#738=PLANE('',#1274);
#739=FACE_OUTER_BOUND('',#1275,.T.);
#740=PLANE('',#1276);
#741=FACE_OUTER_BOUND('',#1277,.T.);
#742=PLANE('',#1278);
#743=FACE_OUTER_BOUND('',#1279,.T.);
#744=PLANE('',#1280);
#745=FACE_OUTER_BOUND('',#1281,.T.);
#746=PLANE('',#1282);
#747=FACE_OUTER_BOUND('',#1283,.T.);
#748=PLANE('',#1284);
#749=FACE_OUTER_BOUND('',#1285,.T.);
#750=PLANE('',#1286);
#751=FACE_OUTER_BOUND('',#1287,.T.);
#752=PLANE('',#1288);
#753=FACE_OUTER_BOUND('',#1289,.T.);
#754=PLANE('',#1290);
#755=FACE_OUTER_BOUND('',#1291,.T.);
#756=PLANE('',#1292);
#757=FACE_OUTER_BOUND('',#1293,.T.);
#758=PLANE('',#1294);
#759=FACE_OUTER_BOUND('',#1295,.T.);
#760=PLANE('',#1296);
#761=FACE_OUTER_BOUND('',#1297,.T.);
#762=PLANE('',#1298);
#763=FACE_OUTER_BOUND('',#1299,.T.);
#764=PLANE('',#1300);
#765=FACE_OUTER_BOUND('',#1301,.T.);
#766=PLANE('',#1302);
#767=FACE_OUTER_BOUND('',#1303,.T.);
#768=PLANE('',#1304);
#769=FACE_OUTER_BOUND('',#1305,.T.);
#770=PLANE('',#1306);
#771=FACE_OUTER_BOUND('',#1307,.T.);
#772=PLANE('',#1308);
#773=FACE_OUTER_BOUND('',#1309,.T.);
#774=PLANE('',#1310);
#775=FACE_OUTER_BOUND('',#1311,.T.);
#776=PLANE('',#1312);
#777=FACE_OUTER_BOUND('',#1313,.T.);
#778=PLANE('',#1314);
#779=FACE_OUTER_BOUND('',#1315,.T.);
#780=PLANE('',#1316);
#781=FACE_OUTER_BOUND('',#1317,.T.);
#782=PLANE('',#1318);
#783=FACE_OUTER_BOUND('',#1319,.T.);
#784=CYLINDRICAL_SURFACE('',#1320,1.0);
#785=FACE_OUTER_BOUND('',#1321,.T.);
#786=PLANE('',#1322);
#787=FACE_OUTER_BOUND('',#1323,.T.);
#788=CYLINDRICAL_SURFACE('',#1324,1.3);
#789=FACE_OUTER_BOUND('',#1325,.T.);
#790=CONICAL_SURFACE('',#1326,1.024315246462,0.523598775598299);
#791=FACE_OUTER_BOUND('',#1327,.T.);
#792=TOROIDAL_SURFACE('',#1328,0.5321241419778,0.25);
#793=FACE_OUTER_BOUND('',#1329,.T.);
#794=PLANE('',#1330);
#795=FACE_OUTER_BOUND('',#1331,.T.);
#796=PLANE('',#1332);
#797=FACE_OUTER_BOUND('',#1333,.T.);
#798=PLANE('',#1334);
#799=FACE_OUTER_BOUND('',#1335,.T.);
#800=PLANE('',#1336);
#801=FACE_OUTER_BOUND('',#1337,.T.);
#802=PLANE('',#1338);
#803=FACE_OUTER_BOUND('',#1339,.T.);
#804=PLANE('',#1340);
#805=FACE_OUTER_BOUND('',#1341,.T.);
#806=PLANE('',#1342);
#807=FACE_OUTER_BOUND('',#1343,.T.);
#808=PLANE('',#1344);
#809=FACE_OUTER_BOUND('',#1345,.T.);
#810=PLANE('',#1346);
#811=FACE_OUTER_BOUND('',#1347,.T.);
#812=PLANE('',#1348);
#813=FACE_OUTER_BOUND('',#1349,.T.);
#814=PLANE('',#1350);
#815=FACE_OUTER_BOUND('',#1351,.T.);
#816=PLANE('',#1352);
#817=FACE_OUTER_BOUND('',#1353,.T.);
#818=PLANE('',#1354);
#819=FACE_OUTER_BOUND('',#1355,.T.);
#820=TOROIDAL_SURFACE('',#1356,0.5321241419778,0.25);
#821=FACE_OUTER_BOUND('',#1357,.T.);
#822=PLANE('',#1358);
#823=FACE_OUTER_BOUND('',#1359,.T.);
#824=PLANE('',#1360);
#825=FACE_OUTER_BOUND('',#1361,.T.);
#826=PLANE('',#1362);
#827=FACE_OUTER_BOUND('',#1363,.T.);
#828=PLANE('',#1364);
#829=FACE_OUTER_BOUND('',#1365,.T.);
#830=PLANE('',#1366);
#831=FACE_OUTER_BOUND('',#1367,.T.);
#832=PLANE('',#1368);
#833=FACE_OUTER_BOUND('',#1369,.T.);
#834=PLANE('',#1370);
#835=FACE_OUTER_BOUND('',#1371,.T.);
#836=PLANE('',#1372);
#837=FACE_OUTER_BOUND('',#1373,.T.);
#838=PLANE('',#1374);
#839=FACE_OUTER_BOUND('',#1375,.T.);
#840=PLANE('',#1376);
#841=FACE_OUTER_BOUND('',#1377,.T.);
#842=PLANE('',#1378);
#843=FACE_OUTER_BOUND('',#1379,.T.);
#844=PLANE('',#1380);
#845=FACE_OUTER_BOUND('',#1381,.T.);
#846=PLANE('',#1382);
#847=FACE_OUTER_BOUND('',#1383,.T.);
#848=PLANE('',#1384);
#849=FACE_OUTER_BOUND('',#1385,.T.);
#850=PLANE('',#1386);
#851=FILL_AREA_STYLE('',(#1387));
#852=EDGE_LOOP('',(#1388,#1389,#1390,#1391,#1392));
#853=AXIS2_PLACEMENT_3D('',#1393,#1394,#1395);
#854=EDGE_LOOP('',(#1396,#1397,#1398,#1399,#1400));
#855=AXIS2_PLACEMENT_3D('',#1401,#1402,#1403);
#856=EDGE_LOOP('',(#1404,#1405,#1406,#1407,#1408,#1409));
#857=AXIS2_PLACEMENT_3D('',#1410,#1411,#1412);
#858=EDGE_LOOP('',(#1413,#1414,#1415,#1416,#1417));
#859=AXIS2_PLACEMENT_3D('',#1418,#1419,#1420);
#860=EDGE_LOOP('',(#1421,#1422,#1423,#1424));
#861=AXIS2_PLACEMENT_3D('',#1425,#1426,#1427);
#862=EDGE_LOOP('',(#1428,#1429,#1430,#1431));
#863=AXIS2_PLACEMENT_3D('',#1432,#1433,#1434);
#864=EDGE_LOOP('',(#1435,#1436,#1437,#1438));
#865=AXIS2_PLACEMENT_3D('',#1439,#1440,#1441);
#866=EDGE_LOOP('',(#1442,#1443,#1444,#1445,#1446));
#867=AXIS2_PLACEMENT_3D('',#1447,#1448,#1449);
#868=EDGE_LOOP('',(#1450,#1451,#1452,#1453));
#869=AXIS2_PLACEMENT_3D('',#1454,#1455,#1456);
#870=EDGE_LOOP('',(#1457,#1458,#1459,#1460,#1461,#1462));
#871=AXIS2_PLACEMENT_3D('',#1463,#1464,#1465);
#872=EDGE_LOOP('',(#1466,#1467,#1468,#1469,#1470,#1471));
#873=AXIS2_PLACEMENT_3D('',#1472,#1473,#1474);
#874=EDGE_LOOP('',(#1475,#1476,#1477,#1478));
#875=AXIS2_PLACEMENT_3D('',#1479,#1480,#1481);
#876=EDGE_LOOP('',(#1482,#1483,#1484,#1485));
#877=AXIS2_PLACEMENT_3D('',#1486,#1487,#1488);
#878=EDGE_LOOP('',(#1489,#1490,#1491,#1492,#1493,#1494,#1495));
#879=AXIS2_PLACEMENT_3D('',#1496,#1497,#1498);
#880=EDGE_LOOP('',(#1499,#1500,#1501,#1502,#1503,#1504));
#881=AXIS2_PLACEMENT_3D('',#1505,#1506,#1507);
#882=EDGE_LOOP('',(#1508,#1509,#1510,#1511,#1512));
#883=AXIS2_PLACEMENT_3D('',#1513,#1514,#1515);
#884=EDGE_LOOP('',(#1516,#1517,#1518,#1519,#1520,#1521,#1522,#1523,#1524,#1525,#1526,#1527));
#885=AXIS2_PLACEMENT_3D('',#1528,#1529,#1530);
#886=EDGE_LOOP('',(#1531,#1532,#1533,#1534));
#887=AXIS2_PLACEMENT_3D('',#1535,#1536,#1537);
#888=EDGE_LOOP('',(#1538,#1539,#1540,#1541));
#889=AXIS2_PLACEMENT_3D('',#1542,#1543,#1544);
#890=EDGE_LOOP('',(#1545,#1546,#1547,#1548,#1549,#1550));
#891=AXIS2_PLACEMENT_3D('',#1551,#1552,#1553);
#892=EDGE_LOOP('',(#1554,#1555,#1556,#1557,#1558,#1559,#1560,#1561,#1562,#1563,#1564,#1565));
#893=AXIS2_PLACEMENT_3D('',#1566,#1567,#1568);
#894=EDGE_LOOP('',(#1569,#1570,#1571,#1572,#1573,#1574));
#895=AXIS2_PLACEMENT_3D('',#1575,#1576,#1577);
#896=EDGE_LOOP('',(#1578,#1579,#1580,#1581,#1582,#1583,#1584,#1585));
#897=AXIS2_PLACEMENT_3D('',#1586,#1587,#1588);
#898=EDGE_LOOP('',(#1589,#1590,#1591,#1592));
#899=AXIS2_PLACEMENT_3D('',#1593,#1594,#1595);
#900=EDGE_LOOP('',(#1596,#1597,#1598,#1599,#1600,#1601));
#901=AXIS2_PLACEMENT_3D('',#1602,#1603,#1604);
#902=EDGE_LOOP('',(#1605,#1606,#1607,#1608,#1609,#1610,#1611,#1612));
#903=AXIS2_PLACEMENT_3D('',#1613,#1614,#1615);
#904=EDGE_LOOP('',(#1616,#1617,#1618,#1619,#1620,#1621,#1622,#1623));
#905=AXIS2_PLACEMENT_3D('',#1624,#1625,#1626);
#906=EDGE_LOOP('',(#1627,#1628,#1629,#1630));
#907=AXIS2_PLACEMENT_3D('',#1631,#1632,#1633);
#908=EDGE_LOOP('',(#1634,#1635,#1636,#1637));
#909=AXIS2_PLACEMENT_3D('',#1638,#1639,#1640);
#910=EDGE_LOOP('',(#1641,#1642,#1643,#1644));
#911=AXIS2_PLACEMENT_3D('',#1645,#1646,#1647);
#912=EDGE_LOOP('',(#1648,#1649,#1650,#1651));
#913=AXIS2_PLACEMENT_3D('',#1652,#1653,#1654);
#914=EDGE_LOOP('',(#1655,#1656,#1657,#1658));
#915=AXIS2_PLACEMENT_3D('',#1659,#1660,#1661);
#916=EDGE_LOOP('',(#1662,#1663,#1664,#1665,#1666,#1667,#1668,#1669));
#917=AXIS2_PLACEMENT_3D('',#1670,#1671,#1672);
#918=EDGE_LOOP('',(#1673,#1674,#1675,#1676));
#919=AXIS2_PLACEMENT_3D('',#1677,#1678,#1679);
#920=EDGE_LOOP('',(#1680,#1681,#1682,#1683));
#921=AXIS2_PLACEMENT_3D('',#1684,#1685,#1686);
#922=EDGE_LOOP('',(#1687,#1688,#1689,#1690));
#923=AXIS2_PLACEMENT_3D('',#1691,#1692,#1693);
#924=EDGE_LOOP('',(#1694,#1695,#1696,#1697));
#925=AXIS2_PLACEMENT_3D('',#1698,#1699,#1700);
#926=EDGE_LOOP('',(#1701,#1702,#1703,#1704,#1705,#1706));
#927=AXIS2_PLACEMENT_3D('',#1707,#1708,#1709);
#928=EDGE_LOOP('',(#1710,#1711,#1712,#1713,#1714,#1715,#1716,#1717,#1718,#1719,#1720,#1721));
#929=AXIS2_PLACEMENT_3D('',#1722,#1723,#1724);
#930=EDGE_LOOP('',(#1725,#1726,#1727,#1728,#1729,#1730));
#931=AXIS2_PLACEMENT_3D('',#1731,#1732,#1733);
#932=EDGE_LOOP('',(#1734,#1735,#1736,#1737,#1738,#1739,#1740,#1741,#1742,#1743,#1744,#1745,#1746,#1747,#1748,#1749,#1750,#1751,#1752,#1753));
#933=AXIS2_PLACEMENT_3D('',#1754,#1755,#1756);
#934=EDGE_LOOP('',(#1757,#1758,#1759,#1760,#1761,#1762,#1763,#1764,#1765,#1766,#1767,#1768,#1769,#1770,#1771,#1772,#1773,#1774,#1775,#1776,#1777,#1778,#1779,#1780,#1781,#1782,#1783,#1784,#1785,#1786,#1787,#1788,#1789,#1790,#1791,#1792,#1793,#1794,#1795,#1796,#1797,#1798,#1799,#1800,#1801,#1802,#1803,#1804));
#935=AXIS2_PLACEMENT_3D('',#1805,#1806,#1807);
#936=EDGE_LOOP('',(#1808,#1809,#1810,#1811));
#937=AXIS2_PLACEMENT_3D('',#1812,#1813,#1814);
#938=EDGE_LOOP('',(#1815,#1816,#1817,#1818));
#939=AXIS2_PLACEMENT_3D('',#1819,#1820,#1821);
#940=EDGE_LOOP('',(#1822,#1823,#1824,#1825));
#941=AXIS2_PLACEMENT_3D('',#1826,#1827,#1828);
#942=EDGE_LOOP('',(#1829,#1830,#1831,#1832,#1833,#1834));
#943=AXIS2_PLACEMENT_3D('',#1835,#1836,#1837);
#944=EDGE_LOOP('',(#1838,#1839,#1840,#1841,#1842,#1843));
#945=AXIS2_PLACEMENT_3D('',#1844,#1845,#1846);
#946=EDGE_LOOP('',(#1847,#1848,#1849,#1850,#1851,#1852));
#947=AXIS2_PLACEMENT_3D('',#1853,#1854,#1855);
#948=EDGE_LOOP('',(#1856,#1857,#1858,#1859));
#949=AXIS2_PLACEMENT_3D('',#1860,#1861,#1862);
#950=EDGE_LOOP('',(#1863,#1864,#1865,#1866));
#951=AXIS2_PLACEMENT_3D('',#1867,#1868,#1869);
#952=EDGE_LOOP('',(#1870,#1871,#1872,#1873,#1874,#1875));
#953=AXIS2_PLACEMENT_3D('',#1876,#1877,#1878);
#954=EDGE_LOOP('',(#1879,#1880,#1881,#1882));
#955=AXIS2_PLACEMENT_3D('',#1883,#1884,#1885);
#956=EDGE_LOOP('',(#1886,#1887,#1888,#1889,#1890,#1891,#1892,#1893,#1894,#1895,#1896,#1897,#1898,#1899,#1900,#1901,#1902,#1903,#1904,#1905,#1906,#1907,#1908,#1909,#1910,#1911,#1912,#1913,#1914));
#957=AXIS2_PLACEMENT_3D('',#1915,#1916,#1917);
#958=EDGE_LOOP('',(#1918,#1919,#1920,#1921,#1922,#1923,#1924,#1925,#1926,#1927,#1928,#1929,#1930,#1931));
#959=AXIS2_PLACEMENT_3D('',#1932,#1933,#1934);
#960=EDGE_LOOP('',(#1935,#1936,#1937,#1938));
#961=AXIS2_PLACEMENT_3D('',#1939,#1940,#1941);
#962=EDGE_LOOP('',(#1942,#1943,#1944,#1945));
#963=AXIS2_PLACEMENT_3D('',#1946,#1947,#1948);
#964=EDGE_LOOP('',(#1949,#1950,#1951,#1952,#1953,#1954,#1955,#1956,#1957,#1958,#1959,#1960,#1961,#1962));
#965=AXIS2_PLACEMENT_3D('',#1963,#1964,#1965);
#966=EDGE_LOOP('',(#1966,#1967,#1968,#1969,#1970,#1971));
#967=AXIS2_PLACEMENT_3D('',#1972,#1973,#1974);
#968=EDGE_LOOP('',(#1975,#1976,#1977,#1978));
#969=AXIS2_PLACEMENT_3D('',#1979,#1980,#1981);
#970=EDGE_LOOP('',(#1982,#1983,#1984,#1985));
#971=AXIS2_PLACEMENT_3D('',#1986,#1987,#1988);
#972=EDGE_LOOP('',(#1989,#1990,#1991,#1992,#1993));
#973=AXIS2_PLACEMENT_3D('',#1994,#1995,#1996);
#974=EDGE_LOOP('',(#1997,#1998,#1999,#2000,#2001,#2002));
#975=AXIS2_PLACEMENT_3D('',#2003,#2004,#2005);
#976=EDGE_LOOP('',(#2006,#2007,#2008,#2009));
#977=AXIS2_PLACEMENT_3D('',#2010,#2011,#2012);
#978=EDGE_LOOP('',(#2013,#2014,#2015,#2016,#2017));
#979=AXIS2_PLACEMENT_3D('',#2018,#2019,#2020);
#980=EDGE_LOOP('',(#2021,#2022,#2023,#2024));
#981=AXIS2_PLACEMENT_3D('',#2025,#2026,#2027);
#982=EDGE_LOOP('',(#2028,#2029,#2030,#2031,#2032,#2033));
#983=AXIS2_PLACEMENT_3D('',#2034,#2035,#2036);
#984=EDGE_LOOP('',(#2037,#2038,#2039,#2040));
#985=AXIS2_PLACEMENT_3D('',#2041,#2042,#2043);
#986=EDGE_LOOP('',(#2044,#2045,#2046,#2047));
#987=AXIS2_PLACEMENT_3D('',#2048,#2049,#2050);
#988=EDGE_LOOP('',(#2051,#2052,#2053,#2054));
#989=AXIS2_PLACEMENT_3D('',#2055,#2056,#2057);
#990=EDGE_LOOP('',(#2058,#2059,#2060,#2061,#2062,#2063));
#991=AXIS2_PLACEMENT_3D('',#2064,#2065,#2066);
#992=EDGE_LOOP('',(#2067,#2068,#2069,#2070));
#993=AXIS2_PLACEMENT_3D('',#2071,#2072,#2073);
#994=EDGE_LOOP('',(#2074,#2075,#2076,#2077,#2078,#2079));
#995=AXIS2_PLACEMENT_3D('',#2080,#2081,#2082);
#996=EDGE_LOOP('',(#2083,#2084,#2085,#2086));
#997=AXIS2_PLACEMENT_3D('',#2087,#2088,#2089);
#998=EDGE_LOOP('',(#2090,#2091,#2092,#2093,#2094,#2095));
#999=AXIS2_PLACEMENT_3D('',#2096,#2097,#2098);
#1000=EDGE_LOOP('',(#2099,#2100,#2101,#2102));
#1001=AXIS2_PLACEMENT_3D('',#2103,#2104,#2105);
#1002=EDGE_LOOP('',(#2106,#2107,#2108,#2109));
#1003=AXIS2_PLACEMENT_3D('',#2110,#2111,#2112);
#1004=EDGE_LOOP('',(#2113,#2114,#2115,#2116));
#1005=AXIS2_PLACEMENT_3D('',#2117,#2118,#2119);
#1006=EDGE_LOOP('',(#2120,#2121,#2122,#2123));
#1007=AXIS2_PLACEMENT_3D('',#2124,#2125,#2126);
#1008=EDGE_LOOP('',(#2127,#2128,#2129,#2130));
#1009=AXIS2_PLACEMENT_3D('',#2131,#2132,#2133);
#1010=EDGE_LOOP('',(#2134,#2135,#2136,#2137,#2138,#2139));
#1011=AXIS2_PLACEMENT_3D('',#2140,#2141,#2142);
#1012=EDGE_LOOP('',(#2143,#2144,#2145,#2146,#2147,#2148));
#1013=AXIS2_PLACEMENT_3D('',#2149,#2150,#2151);
#1014=EDGE_LOOP('',(#2152,#2153,#2154,#2155,#2156,#2157));
#1015=AXIS2_PLACEMENT_3D('',#2158,#2159,#2160);
#1016=EDGE_LOOP('',(#2161,#2162,#2163,#2164));
#1017=AXIS2_PLACEMENT_3D('',#2165,#2166,#2167);
#1018=EDGE_LOOP('',(#2168,#2169,#2170,#2171,#2172,#2173));
#1019=AXIS2_PLACEMENT_3D('',#2174,#2175,#2176);
#1020=EDGE_LOOP('',(#2177,#2178,#2179,#2180));
#1021=AXIS2_PLACEMENT_3D('',#2181,#2182,#2183);
#1022=EDGE_LOOP('',(#2184,#2185,#2186,#2187,#2188,#2189,#2190,#2191,#2192,#2193,#2194,#2195,#2196,#2197,#2198,#2199,#2200,#2201,#2202,#2203));
#1023=AXIS2_PLACEMENT_3D('',#2204,#2205,#2206);
#1024=EDGE_LOOP('',(#2207,#2208,#2209,#2210));
#1025=AXIS2_PLACEMENT_3D('',#2211,#2212,#2213);
#1026=EDGE_LOOP('',(#2214,#2215,#2216,#2217));
#1027=AXIS2_PLACEMENT_3D('',#2218,#2219,#2220);
#1028=EDGE_LOOP('',(#2221,#2222,#2223,#2224,#2225,#2226,#2227,#2228,#2229,#2230,#2231,#2232,#2233,#2234));
#1029=EDGE_LOOP('',(#2235,#2236,#2237,#2238));
#1030=AXIS2_PLACEMENT_3D('',#2239,#2240,#2241);
#1031=EDGE_LOOP('',(#2242,#2243,#2244,#2245,#2246));
#1032=AXIS2_PLACEMENT_3D('',#2247,#2248,#2249);
#1033=EDGE_LOOP('',(#2250,#2251,#2252,#2253));
#1034=AXIS2_PLACEMENT_3D('',#2254,#2255,#2256);
#1035=EDGE_LOOP('',(#2257,#2258,#2259,#2260,#2261));
#1036=AXIS2_PLACEMENT_3D('',#2262,#2263,#2264);
#1037=EDGE_LOOP('',(#2265,#2266,#2267,#2268));
#1038=AXIS2_PLACEMENT_3D('',#2269,#2270,#2271);
#1039=EDGE_LOOP('',(#2272,#2273,#2274,#2275));
#1040=AXIS2_PLACEMENT_3D('',#2276,#2277,#2278);
#1041=EDGE_LOOP('',(#2279,#2280,#2281,#2282));
#1042=AXIS2_PLACEMENT_3D('',#2283,#2284,#2285);
#1043=EDGE_LOOP('',(#2286,#2287,#2288,#2289));
#1044=AXIS2_PLACEMENT_3D('',#2290,#2291,#2292);
#1045=EDGE_LOOP('',(#2293,#2294,#2295,#2296,#2297,#2298,#2299,#2300,#2301,#2302,#2303,#2304));
#1046=AXIS2_PLACEMENT_3D('',#2305,#2306,#2307);
#1047=EDGE_LOOP('',(#2308,#2309,#2310,#2311));
#1048=AXIS2_PLACEMENT_3D('',#2312,#2313,#2314);
#1049=EDGE_LOOP('',(#2315,#2316,#2317,#2318));
#1050=AXIS2_PLACEMENT_3D('',#2319,#2320,#2321);
#1051=EDGE_LOOP('',(#2322,#2323,#2324,#2325,#2326,#2327));
#1052=AXIS2_PLACEMENT_3D('',#2328,#2329,#2330);
#1053=EDGE_LOOP('',(#2331,#2332,#2333,#2334));
#1054=AXIS2_PLACEMENT_3D('',#2335,#2336,#2337);
#1055=EDGE_LOOP('',(#2338,#2339,#2340,#2341));
#1056=AXIS2_PLACEMENT_3D('',#2342,#2343,#2344);
#1057=EDGE_LOOP('',(#2345,#2346,#2347,#2348));
#1058=AXIS2_PLACEMENT_3D('',#2349,#2350,#2351);
#1059=EDGE_LOOP('',(#2352,#2353,#2354,#2355));
#1060=AXIS2_PLACEMENT_3D('',#2356,#2357,#2358);
#1061=EDGE_LOOP('',(#2359,#2360,#2361,#2362));
#1062=AXIS2_PLACEMENT_3D('',#2363,#2364,#2365);
#1063=EDGE_LOOP('',(#2366,#2367,#2368,#2369));
#1064=AXIS2_PLACEMENT_3D('',#2370,#2371,#2372);
#1065=EDGE_LOOP('',(#2373,#2374,#2375,#2376,#2377,#2378));
#1066=AXIS2_PLACEMENT_3D('',#2379,#2380,#2381);
#1067=EDGE_LOOP('',(#2382,#2383,#2384,#2385));
#1068=AXIS2_PLACEMENT_3D('',#2386,#2387,#2388);
#1069=EDGE_LOOP('',(#2389,#2390,#2391,#2392));
#1070=AXIS2_PLACEMENT_3D('',#2393,#2394,#2395);
#1071=EDGE_LOOP('',(#2396,#2397,#2398,#2399));
#1072=AXIS2_PLACEMENT_3D('',#2400,#2401,#2402);
#1073=EDGE_LOOP('',(#2403,#2404,#2405,#2406,#2407,#2408));
#1074=AXIS2_PLACEMENT_3D('',#2409,#2410,#2411);
#1075=EDGE_LOOP('',(#2412,#2413,#2414,#2415));
#1076=AXIS2_PLACEMENT_3D('',#2416,#2417,#2418);
#1077=EDGE_LOOP('',(#2419,#2420,#2421,#2422,#2423,#2424));
#1078=AXIS2_PLACEMENT_3D('',#2425,#2426,#2427);
#1079=EDGE_LOOP('',(#2428,#2429,#2430,#2431));
#1080=AXIS2_PLACEMENT_3D('',#2432,#2433,#2434);
#1081=EDGE_LOOP('',(#2435,#2436,#2437,#2438));
#1082=AXIS2_PLACEMENT_3D('',#2439,#2440,#2441);
#1083=EDGE_LOOP('',(#2442,#2443,#2444,#2445));
#1084=AXIS2_PLACEMENT_3D('',#2446,#2447,#2448);
#1085=EDGE_LOOP('',(#2449,#2450,#2451,#2452));
#1086=AXIS2_PLACEMENT_3D('',#2453,#2454,#2455);
#1087=EDGE_LOOP('',(#2456,#2457,#2458,#2459));
#1088=AXIS2_PLACEMENT_3D('',#2460,#2461,#2462);
#1089=EDGE_LOOP('',(#2463,#2464,#2465,#2466));
#1090=AXIS2_PLACEMENT_3D('',#2467,#2468,#2469);
#1091=EDGE_LOOP('',(#2470,#2471,#2472,#2473));
#1092=AXIS2_PLACEMENT_3D('',#2474,#2475,#2476);
#1093=EDGE_LOOP('',(#2477,#2478,#2479,#2480,#2481));
#1094=EDGE_LOOP('',(#2482,#2483,#2484,#2485));
#1095=AXIS2_PLACEMENT_3D('',#2486,#2487,#2488);
#1096=EDGE_LOOP('',(#2489,#2490,#2491,#2492,#2493));
#1097=EDGE_LOOP('',(#2494,#2495,#2496,#2497));
#1098=AXIS2_PLACEMENT_3D('',#2498,#2499,#2500);
#1099=EDGE_LOOP('',(#2501,#2502,#2503,#2504,#2505));
#1100=EDGE_LOOP('',(#2506,#2507,#2508,#2509));
#1101=AXIS2_PLACEMENT_3D('',#2510,#2511,#2512);
#1102=EDGE_LOOP('',(#2513,#2514,#2515,#2516,#2517));
#1103=EDGE_LOOP('',(#2518,#2519,#2520,#2521));
#1104=AXIS2_PLACEMENT_3D('',#2522,#2523,#2524);
#1105=EDGE_LOOP('',(#2525,#2526,#2527,#2528));
#1106=AXIS2_PLACEMENT_3D('',#2529,#2530,#2531);
#1107=EDGE_LOOP('',(#2532,#2533,#2534,#2535,#2536,#2537,#2538,#2539));
#1108=EDGE_LOOP('',(#2540,#2541,#2542,#2543,#2544));
#1109=EDGE_LOOP('',(#2545,#2546,#2547,#2548,#2549));
#1110=EDGE_LOOP('',(#2550,#2551,#2552,#2553,#2554));
#1111=EDGE_LOOP('',(#2555,#2556,#2557,#2558,#2559));
#1112=AXIS2_PLACEMENT_3D('',#2560,#2561,#2562);
#1113=EDGE_LOOP('',(#2563,#2564,#2565,#2566));
#1114=AXIS2_PLACEMENT_3D('',#2567,#2568,#2569);
#1115=EDGE_LOOP('',(#2570,#2571,#2572,#2573,#2574));
#1116=AXIS2_PLACEMENT_3D('',#2575,#2576,#2577);
#1117=EDGE_LOOP('',(#2578,#2579,#2580));
#1118=AXIS2_PLACEMENT_3D('',#2581,#2582,#2583);
#1119=EDGE_LOOP('',(#2584,#2585,#2586));
#1120=AXIS2_PLACEMENT_3D('',#2587,#2588,#2589);
#1121=EDGE_LOOP('',(#2590,#2591,#2592,#2593));
#1122=AXIS2_PLACEMENT_3D('',#2594,#2595,#2596);
#1123=EDGE_LOOP('',(#2597,#2598,#2599,#2600,#2601));
#1124=AXIS2_PLACEMENT_3D('',#2602,#2603,#2604);
#1125=EDGE_LOOP('',(#2605,#2606,#2607));
#1126=AXIS2_PLACEMENT_3D('',#2608,#2609,#2610);
#1127=EDGE_LOOP('',(#2611,#2612,#2613));
#1128=AXIS2_PLACEMENT_3D('',#2614,#2615,#2616);
#1129=EDGE_LOOP('',(#2617,#2618,#2619,#2620));
#1130=AXIS2_PLACEMENT_3D('',#2621,#2622,#2623);
#1131=EDGE_LOOP('',(#2624,#2625,#2626,#2627));
#1132=AXIS2_PLACEMENT_3D('',#2628,#2629,#2630);
#1133=EDGE_LOOP('',(#2631,#2632,#2633,#2634,#2635,#2636));
#1134=AXIS2_PLACEMENT_3D('',#2637,#2638,#2639);
#1135=EDGE_LOOP('',(#2640,#2641,#2642,#2643));
#1136=AXIS2_PLACEMENT_3D('',#2644,#2645,#2646);
#1137=EDGE_LOOP('',(#2647,#2648,#2649,#2650,#2651));
#1138=AXIS2_PLACEMENT_3D('',#2652,#2653,#2654);
#1139=EDGE_LOOP('',(#2655,#2656,#2657,#2658,#2659));
#1140=AXIS2_PLACEMENT_3D('',#2660,#2661,#2662);
#1141=EDGE_LOOP('',(#2663,#2664,#2665,#2666));
#1142=AXIS2_PLACEMENT_3D('',#2667,#2668,#2669);
#1143=EDGE_LOOP('',(#2670,#2671,#2672,#2673));
#1144=AXIS2_PLACEMENT_3D('',#2674,#2675,#2676);
#1145=EDGE_LOOP('',(#2677,#2678,#2679,#2680));
#1146=AXIS2_PLACEMENT_3D('',#2681,#2682,#2683);
#1147=EDGE_LOOP('',(#2684,#2685,#2686,#2687));
#1148=AXIS2_PLACEMENT_3D('',#2688,#2689,#2690);
#1149=EDGE_LOOP('',(#2691,#2692,#2693,#2694));
#1150=AXIS2_PLACEMENT_3D('',#2695,#2696,#2697);
#1151=EDGE_LOOP('',(#2698,#2699,#2700,#2701));
#1152=AXIS2_PLACEMENT_3D('',#2702,#2703,#2704);
#1153=EDGE_LOOP('',(#2705,#2706,#2707,#2708));
#1154=AXIS2_PLACEMENT_3D('',#2709,#2710,#2711);
#1155=EDGE_LOOP('',(#2712,#2713,#2714,#2715));
#1156=AXIS2_PLACEMENT_3D('',#2716,#2717,#2718);
#1157=EDGE_LOOP('',(#2719,#2720,#2721,#2722));
#1158=AXIS2_PLACEMENT_3D('',#2723,#2724,#2725);
#1159=EDGE_LOOP('',(#2726,#2727,#2728,#2729));
#1160=AXIS2_PLACEMENT_3D('',#2730,#2731,#2732);
#1161=EDGE_LOOP('',(#2733,#2734,#2735,#2736));
#1162=AXIS2_PLACEMENT_3D('',#2737,#2738,#2739);
#1163=EDGE_LOOP('',(#2740,#2741,#2742,#2743));
#1164=AXIS2_PLACEMENT_3D('',#2744,#2745,#2746);
#1165=EDGE_LOOP('',(#2747,#2748,#2749,#2750));
#1166=AXIS2_PLACEMENT_3D('',#2751,#2752,#2753);
#1167=EDGE_LOOP('',(#2754,#2755,#2756,#2757));
#1168=AXIS2_PLACEMENT_3D('',#2758,#2759,#2760);
#1169=EDGE_LOOP('',(#2761,#2762,#2763,#2764));
#1170=AXIS2_PLACEMENT_3D('',#2765,#2766,#2767);
#1171=EDGE_LOOP('',(#2768,#2769,#2770,#2771));
#1172=AXIS2_PLACEMENT_3D('',#2772,#2773,#2774);
#1173=EDGE_LOOP('',(#2775,#2776,#2777,#2778));
#1174=AXIS2_PLACEMENT_3D('',#2779,#2780,#2781);
#1175=EDGE_LOOP('',(#2782,#2783,#2784,#2785));
#1176=AXIS2_PLACEMENT_3D('',#2786,#2787,#2788);
#1177=EDGE_LOOP('',(#2789,#2790,#2791,#2792));
#1178=AXIS2_PLACEMENT_3D('',#2793,#2794,#2795);
#1179=EDGE_LOOP('',(#2796,#2797,#2798,#2799));
#1180=AXIS2_PLACEMENT_3D('',#2800,#2801,#2802);
#1181=EDGE_LOOP('',(#2803,#2804,#2805,#2806));
#1182=AXIS2_PLACEMENT_3D('',#2807,#2808,#2809);
#1183=EDGE_LOOP('',(#2810,#2811,#2812,#2813));
#1184=AXIS2_PLACEMENT_3D('',#2814,#2815,#2816);
#1185=EDGE_LOOP('',(#2817,#2818,#2819,#2820,#2821,#2822));
#1186=AXIS2_PLACEMENT_3D('',#2823,#2824,#2825);
#1187=EDGE_LOOP('',(#2826,#2827,#2828,#2829));
#1188=AXIS2_PLACEMENT_3D('',#2830,#2831,#2832);
#1189=EDGE_LOOP('',(#2833,#2834,#2835,#2836));
#1190=AXIS2_PLACEMENT_3D('',#2837,#2838,#2839);
#1191=EDGE_LOOP('',(#2840,#2841,#2842,#2843));
#1192=AXIS2_PLACEMENT_3D('',#2844,#2845,#2846);
#1193=EDGE_LOOP('',(#2847,#2848,#2849,#2850));
#1194=AXIS2_PLACEMENT_3D('',#2851,#2852,#2853);
#1195=EDGE_LOOP('',(#2854,#2855,#2856,#2857));
#1196=AXIS2_PLACEMENT_3D('',#2858,#2859,#2860);
#1197=EDGE_LOOP('',(#2861,#2862,#2863,#2864,#2865,#2866));
#1198=AXIS2_PLACEMENT_3D('',#2867,#2868,#2869);
#1199=EDGE_LOOP('',(#2870,#2871,#2872,#2873));
#1200=AXIS2_PLACEMENT_3D('',#2874,#2875,#2876);
#1201=EDGE_LOOP('',(#2877,#2878,#2879,#2880));
#1202=AXIS2_PLACEMENT_3D('',#2881,#2882,#2883);
#1203=EDGE_LOOP('',(#2884,#2885,#2886,#2887));
#1204=AXIS2_PLACEMENT_3D('',#2888,#2889,#2890);
#1205=EDGE_LOOP('',(#2891,#2892,#2893,#2894,#2895,#2896));
#1206=AXIS2_PLACEMENT_3D('',#2897,#2898,#2899);
#1207=EDGE_LOOP('',(#2900,#2901,#2902,#2903,#2904,#2905));
#1208=AXIS2_PLACEMENT_3D('',#2906,#2907,#2908);
#1209=EDGE_LOOP('',(#2909,#2910,#2911,#2912,#2913,#2914));
#1210=AXIS2_PLACEMENT_3D('',#2915,#2916,#2917);
#1211=EDGE_LOOP('',(#2918,#2919,#2920,#2921));
#1212=AXIS2_PLACEMENT_3D('',#2922,#2923,#2924);
#1213=EDGE_LOOP('',(#2925,#2926,#2927,#2928));
#1214=AXIS2_PLACEMENT_3D('',#2929,#2930,#2931);
#1215=EDGE_LOOP('',(#2932,#2933,#2934,#2935));
#1216=AXIS2_PLACEMENT_3D('',#2936,#2937,#2938);
#1217=EDGE_LOOP('',(#2939,#2940,#2941,#2942));
#1218=AXIS2_PLACEMENT_3D('',#2943,#2944,#2945);
#1219=EDGE_LOOP('',(#2946,#2947,#2948,#2949));
#1220=AXIS2_PLACEMENT_3D('',#2950,#2951,#2952);
#1221=EDGE_LOOP('',(#2953,#2954,#2955,#2956));
#1222=AXIS2_PLACEMENT_3D('',#2957,#2958,#2959);
#1223=EDGE_LOOP('',(#2960,#2961,#2962,#2963));
#1224=AXIS2_PLACEMENT_3D('',#2964,#2965,#2966);
#1225=EDGE_LOOP('',(#2967,#2968,#2969,#2970));
#1226=AXIS2_PLACEMENT_3D('',#2971,#2972,#2973);
#1227=EDGE_LOOP('',(#2974,#2975,#2976,#2977));
#1228=AXIS2_PLACEMENT_3D('',#2978,#2979,#2980);
#1229=EDGE_LOOP('',(#2981,#2982,#2983,#2984));
#1230=AXIS2_PLACEMENT_3D('',#2985,#2986,#2987);
#1231=EDGE_LOOP('',(#2988,#2989,#2990,#2991));
#1232=AXIS2_PLACEMENT_3D('',#2992,#2993,#2994);
#1233=EDGE_LOOP('',(#2995,#2996,#2997,#2998));
#1234=AXIS2_PLACEMENT_3D('',#2999,#3000,#3001);
#1235=EDGE_LOOP('',(#3002,#3003,#3004,#3005));
#1236=AXIS2_PLACEMENT_3D('',#3006,#3007,#3008);
#1237=EDGE_LOOP('',(#3009,#3010,#3011,#3012));
#1238=AXIS2_PLACEMENT_3D('',#3013,#3014,#3015);
#1239=EDGE_LOOP('',(#3016,#3017,#3018,#3019));
#1240=AXIS2_PLACEMENT_3D('',#3020,#3021,#3022);
#1241=EDGE_LOOP('',(#3023,#3024,#3025,#3026));
#1242=AXIS2_PLACEMENT_3D('',#3027,#3028,#3029);
#1243=EDGE_LOOP('',(#3030,#3031,#3032,#3033));
#1244=AXIS2_PLACEMENT_3D('',#3034,#3035,#3036);
#1245=EDGE_LOOP('',(#3037,#3038,#3039,#3040,#3041,#3042));
#1246=AXIS2_PLACEMENT_3D('',#3043,#3044,#3045);
#1247=EDGE_LOOP('',(#3046,#3047,#3048,#3049));
#1248=AXIS2_PLACEMENT_3D('',#3050,#3051,#3052);
#1249=EDGE_LOOP('',(#3053,#3054,#3055,#3056));
#1250=AXIS2_PLACEMENT_3D('',#3057,#3058,#3059);
#1251=EDGE_LOOP('',(#3060,#3061,#3062,#3063));
#1252=AXIS2_PLACEMENT_3D('',#3064,#3065,#3066);
#1253=EDGE_LOOP('',(#3067,#3068,#3069,#3070));
#1254=AXIS2_PLACEMENT_3D('',#3071,#3072,#3073);
#1255=EDGE_LOOP('',(#3074,#3075,#3076,#3077));
#1256=AXIS2_PLACEMENT_3D('',#3078,#3079,#3080);
#1257=EDGE_LOOP('',(#3081,#3082,#3083,#3084));
#1258=AXIS2_PLACEMENT_3D('',#3085,#3086,#3087);
#1259=EDGE_LOOP('',(#3088,#3089,#3090,#3091));
#1260=AXIS2_PLACEMENT_3D('',#3092,#3093,#3094);
#1261=EDGE_LOOP('',(#3095,#3096,#3097,#3098));
#1262=AXIS2_PLACEMENT_3D('',#3099,#3100,#3101);
#1263=EDGE_LOOP('',(#3102,#3103,#3104,#3105));
#1264=AXIS2_PLACEMENT_3D('',#3106,#3107,#3108);
#1265=EDGE_LOOP('',(#3109,#3110,#3111,#3112));
#1266=AXIS2_PLACEMENT_3D('',#3113,#3114,#3115);
#1267=EDGE_LOOP('',(#3116,#3117,#3118,#3119));
#1268=AXIS2_PLACEMENT_3D('',#3120,#3121,#3122);
#1269=EDGE_LOOP('',(#3123,#3124,#3125,#3126));
#1270=AXIS2_PLACEMENT_3D('',#3127,#3128,#3129);
#1271=EDGE_LOOP('',(#3130,#3131,#3132,#3133));
#1272=AXIS2_PLACEMENT_3D('',#3134,#3135,#3136);
#1273=EDGE_LOOP('',(#3137,#3138,#3139,#3140));
#1274=AXIS2_PLACEMENT_3D('',#3141,#3142,#3143);
#1275=EDGE_LOOP('',(#3144,#3145,#3146,#3147));
#1276=AXIS2_PLACEMENT_3D('',#3148,#3149,#3150);
#1277=EDGE_LOOP('',(#3151,#3152,#3153,#3154));
#1278=AXIS2_PLACEMENT_3D('',#3155,#3156,#3157);
#1279=EDGE_LOOP('',(#3158,#3159,#3160,#3161));
#1280=AXIS2_PLACEMENT_3D('',#3162,#3163,#3164);
#1281=EDGE_LOOP('',(#3165,#3166,#3167,#3168));
#1282=AXIS2_PLACEMENT_3D('',#3169,#3170,#3171);
#1283=EDGE_LOOP('',(#3172,#3173,#3174,#3175));
#1284=AXIS2_PLACEMENT_3D('',#3176,#3177,#3178);
#1285=EDGE_LOOP('',(#3179,#3180,#3181,#3182));
#1286=AXIS2_PLACEMENT_3D('',#3183,#3184,#3185);
#1287=EDGE_LOOP('',(#3186,#3187,#3188,#3189));
#1288=AXIS2_PLACEMENT_3D('',#3190,#3191,#3192);
#1289=EDGE_LOOP('',(#3193,#3194,#3195,#3196));
#1290=AXIS2_PLACEMENT_3D('',#3197,#3198,#3199);
#1291=EDGE_LOOP('',(#3200,#3201,#3202,#3203));
#1292=AXIS2_PLACEMENT_3D('',#3204,#3205,#3206);
#1293=EDGE_LOOP('',(#3207,#3208,#3209,#3210,#3211,#3212));
#1294=AXIS2_PLACEMENT_3D('',#3213,#3214,#3215);
#1295=EDGE_LOOP('',(#3216,#3217,#3218,#3219));
#1296=AXIS2_PLACEMENT_3D('',#3220,#3221,#3222);
#1297=EDGE_LOOP('',(#3223,#3224,#3225,#3226));
#1298=AXIS2_PLACEMENT_3D('',#3227,#3228,#3229);
#1299=EDGE_LOOP('',(#3230,#3231,#3232,#3233));
#1300=AXIS2_PLACEMENT_3D('',#3234,#3235,#3236);
#1301=EDGE_LOOP('',(#3237,#3238,#3239,#3240));
#1302=AXIS2_PLACEMENT_3D('',#3241,#3242,#3243);
#1303=EDGE_LOOP('',(#3244,#3245,#3246,#3247));
#1304=AXIS2_PLACEMENT_3D('',#3248,#3249,#3250);
#1305=EDGE_LOOP('',(#3251,#3252,#3253,#3254));
#1306=AXIS2_PLACEMENT_3D('',#3255,#3256,#3257);
#1307=EDGE_LOOP('',(#3258,#3259,#3260,#3261,#3262,#3263));
#1308=AXIS2_PLACEMENT_3D('',#3264,#3265,#3266);
#1309=EDGE_LOOP('',(#3267,#3268,#3269,#3270,#3271,#3272));
#1310=AXIS2_PLACEMENT_3D('',#3273,#3274,#3275);
#1311=EDGE_LOOP('',(#3276,#3277,#3278,#3279));
#1312=AXIS2_PLACEMENT_3D('',#3280,#3281,#3282);
#1313=EDGE_LOOP('',(#3283,#3284,#3285,#3286));
#1314=AXIS2_PLACEMENT_3D('',#3287,#3288,#3289);
#1315=EDGE_LOOP('',(#3290,#3291,#3292,#3293,#3294));
#1316=AXIS2_PLACEMENT_3D('',#3295,#3296,#3297);
#1317=EDGE_LOOP('',(#3298,#3299,#3300,#3301));
#1318=AXIS2_PLACEMENT_3D('',#3302,#3303,#3304);
#1319=EDGE_LOOP('',(#3305,#3306,#3307,#3308,#3309));
#1320=AXIS2_PLACEMENT_3D('',#3310,#3311,#3312);
#1321=EDGE_LOOP('',(#3313,#3314,#3315,#3316));
#1322=AXIS2_PLACEMENT_3D('',#3317,#3318,#3319);
#1323=EDGE_LOOP('',(#3320,#3321,#3322,#3323));
#1324=AXIS2_PLACEMENT_3D('',#3324,#3325,#3326);
#1325=EDGE_LOOP('',(#3327,#3328,#3329,#3330,#3331,#3332));
#1326=AXIS2_PLACEMENT_3D('',#3333,#3334,#3335);
#1327=EDGE_LOOP('',(#3336,#3337,#3338,#3339));
#1328=AXIS2_PLACEMENT_3D('',#3340,#3341,#3342);
#1329=EDGE_LOOP('',(#3343,#3344));
#1330=AXIS2_PLACEMENT_3D('',#3345,#3346,#3347);
#1331=EDGE_LOOP('',(#3348,#3349,#3350,#3351));
#1332=AXIS2_PLACEMENT_3D('',#3352,#3353,#3354);
#1333=EDGE_LOOP('',(#3355,#3356,#3357,#3358));
#1334=AXIS2_PLACEMENT_3D('',#3359,#3360,#3361);
#1335=EDGE_LOOP('',(#3362,#3363,#3364,#3365));
#1336=AXIS2_PLACEMENT_3D('',#3366,#3367,#3368);
#1337=EDGE_LOOP('',(#3369,#3370,#3371,#3372));
#1338=AXIS2_PLACEMENT_3D('',#3373,#3374,#3375);
#1339=EDGE_LOOP('',(#3376,#3377,#3378,#3379));
#1340=AXIS2_PLACEMENT_3D('',#3380,#3381,#3382);
#1341=EDGE_LOOP('',(#3383,#3384,#3385,#3386));
#1342=AXIS2_PLACEMENT_3D('',#3387,#3388,#3389);
#1343=EDGE_LOOP('',(#3390,#3391,#3392,#3393));
#1344=AXIS2_PLACEMENT_3D('',#3394,#3395,#3396);
#1345=EDGE_LOOP('',(#3397,#3398,#3399,#3400));
#1346=AXIS2_PLACEMENT_3D('',#3401,#3402,#3403);
#1347=EDGE_LOOP('',(#3404,#3405,#3406,#3407));
#1348=AXIS2_PLACEMENT_3D('',#3408,#3409,#3410);
#1349=EDGE_LOOP('',(#3411,#3412,#3413,#3414));
#1350=AXIS2_PLACEMENT_3D('',#3415,#3416,#3417);
#1351=EDGE_LOOP('',(#3418,#3419,#3420,#3421));
#1352=AXIS2_PLACEMENT_3D('',#3422,#3423,#3424);
#1353=EDGE_LOOP('',(#3425,#3426,#3427,#3428));
#1354=AXIS2_PLACEMENT_3D('',#3429,#3430,#3431);
#1355=EDGE_LOOP('',(#3432,#3433,#3434,#3435));
#1356=AXIS2_PLACEMENT_3D('',#3436,#3437,#3438);
#1357=EDGE_LOOP('',(#3439,#3440));
#1358=AXIS2_PLACEMENT_3D('',#3441,#3442,#3443);
#1359=EDGE_LOOP('',(#3444,#3445,#3446,#3447));
#1360=AXIS2_PLACEMENT_3D('',#3448,#3449,#3450);
#1361=EDGE_LOOP('',(#3451,#3452,#3453,#3454));
#1362=AXIS2_PLACEMENT_3D('',#3455,#3456,#3457);
#1363=EDGE_LOOP('',(#3458,#3459,#3460,#3461));
#1364=AXIS2_PLACEMENT_3D('',#3462,#3463,#3464);
#1365=EDGE_LOOP('',(#3465,#3466,#3467,#3468));
#1366=AXIS2_PLACEMENT_3D('',#3469,#3470,#3471);
#1367=EDGE_LOOP('',(#3472,#3473,#3474,#3475));
#1368=AXIS2_PLACEMENT_3D('',#3476,#3477,#3478);
#1369=EDGE_LOOP('',(#3479,#3480,#3481,#3482,#3483));
#1370=AXIS2_PLACEMENT_3D('',#3484,#3485,#3486);
#1371=EDGE_LOOP('',(#3487,#3488,#3489,#3490));
#1372=AXIS2_PLACEMENT_3D('',#3491,#3492,#3493);
#1373=EDGE_LOOP('',(#3494,#3495,#3496,#3497,#3498));
#1374=AXIS2_PLACEMENT_3D('',#3499,#3500,#3501);
#1375=EDGE_LOOP('',(#3502,#3503,#3504,#3505));
#1376=AXIS2_PLACEMENT_3D('',#3506,#3507,#3508);
#1377=EDGE_LOOP('',(#3509,#3510,#3511,#3512));
#1378=AXIS2_PLACEMENT_3D('',#3513,#3514,#3515);
#1379=EDGE_LOOP('',(#3516,#3517,#3518,#3519));
#1380=AXIS2_PLACEMENT_3D('',#3520,#3521,#3522);
#1381=EDGE_LOOP('',(#3523,#3524,#3525,#3526));
#1382=AXIS2_PLACEMENT_3D('',#3527,#3528,#3529);
#1383=EDGE_LOOP('',(#3530,#3531,#3532,#3533,#3534,#3535,#3536));
#1384=AXIS2_PLACEMENT_3D('',#3537,#3538,#3539);
#1385=EDGE_LOOP('',(#3540,#3541,#3542,#3543));
#1386=AXIS2_PLACEMENT_3D('',#3544,#3545,#3546);
#1387=FILL_AREA_STYLE_COLOUR('',#3547);
#1388=ORIENTED_EDGE('',*,*,#3548,.T.);
#1389=ORIENTED_EDGE('',*,*,#3549,.F.);
#1390=ORIENTED_EDGE('',*,*,#3550,.F.);
#1391=ORIENTED_EDGE('',*,*,#3551,.F.);
#1392=ORIENTED_EDGE('',*,*,#3552,.T.);
#1393=CARTESIAN_POINT('',(-4.825,0.0,0.0));
#1394=DIRECTION('',(1.0,0.0,0.0));
#1395=DIRECTION('',(0.0,1.0,0.0));
#1396=ORIENTED_EDGE('',*,*,#3553,.F.);
#1397=ORIENTED_EDGE('',*,*,#3554,.T.);
#1398=ORIENTED_EDGE('',*,*,#3555,.F.);
#1399=ORIENTED_EDGE('',*,*,#3556,.F.);
#1400=ORIENTED_EDGE('',*,*,#3557,.F.);
#1401=CARTESIAN_POINT('',(-4.825,0.0,0.0));
#1402=DIRECTION('',(1.0,0.0,0.0));
#1403=DIRECTION('',(0.0,1.0,0.0));
#1404=ORIENTED_EDGE('',*,*,#3548,.F.);
#1405=ORIENTED_EDGE('',*,*,#3558,.F.);
#1406=ORIENTED_EDGE('',*,*,#3559,.T.);
#1407=ORIENTED_EDGE('',*,*,#3560,.F.);
#1408=ORIENTED_EDGE('',*,*,#3561,.F.);
#1409=ORIENTED_EDGE('',*,*,#3562,.T.);
#1410=CARTESIAN_POINT('',(-5.325,-1.1,3.305));
#1411=DIRECTION('',(-0.0,1.0,0.0));
#1412=DIRECTION('',(1.0,0.0,0.0));
#1413=ORIENTED_EDGE('',*,*,#3562,.F.);
#1414=ORIENTED_EDGE('',*,*,#3563,.T.);
#1415=ORIENTED_EDGE('',*,*,#3564,.T.);
#1416=ORIENTED_EDGE('',*,*,#3565,.T.);
#1417=ORIENTED_EDGE('',*,*,#3549,.T.);
#1418=CARTESIAN_POINT('',(-5.075,3.43,1.785));
#1419=DIRECTION('',(0.0,0.0,1.0));
#1420=DIRECTION('',(1.0,0.0,0.0));
#1421=ORIENTED_EDGE('',*,*,#3566,.T.);
#1422=ORIENTED_EDGE('',*,*,#3557,.T.);
#1423=ORIENTED_EDGE('',*,*,#3567,.F.);
#1424=ORIENTED_EDGE('',*,*,#3568,.T.);
#1425=CARTESIAN_POINT('',(-5.075,3.43,1.785));
#1426=DIRECTION('',(0.0,0.0,1.0));
#1427=DIRECTION('',(1.0,0.0,0.0));
#1428=ORIENTED_EDGE('',*,*,#3569,.F.);
#1429=ORIENTED_EDGE('',*,*,#3570,.F.);
#1430=ORIENTED_EDGE('',*,*,#3565,.F.);
#1431=ORIENTED_EDGE('',*,*,#3571,.T.);
#1432=CARTESIAN_POINT('',(-4.825,-3.05,4.955));
#1433=DIRECTION('',(-1.0,0.0,0.0));
#1434=DIRECTION('',(0.0,0.0,1.0));
#1435=ORIENTED_EDGE('',*,*,#3572,.F.);
#1436=ORIENTED_EDGE('',*,*,#3573,.T.);
#1437=ORIENTED_EDGE('',*,*,#3574,.T.);
#1438=ORIENTED_EDGE('',*,*,#3575,.T.);
#1439=CARTESIAN_POINT('',(-4.825,-3.43,-3.355));
#1440=DIRECTION('',(0.0,0.0,1.0));
#1441=DIRECTION('',(1.0,0.0,0.0));
#1442=ORIENTED_EDGE('',*,*,#3576,.F.);
#1443=ORIENTED_EDGE('',*,*,#3577,.T.);
#1444=ORIENTED_EDGE('',*,*,#3569,.T.);
#1445=ORIENTED_EDGE('',*,*,#3578,.T.);
#1446=ORIENTED_EDGE('',*,*,#3579,.T.);
#1447=CARTESIAN_POINT('',(-4.825,-3.43,-3.355));
#1448=DIRECTION('',(0.0,0.0,1.0));
#1449=DIRECTION('',(1.0,0.0,0.0));
#1450=ORIENTED_EDGE('',*,*,#3572,.T.);
#1451=ORIENTED_EDGE('',*,*,#3580,.T.);
#1452=ORIENTED_EDGE('',*,*,#3581,.F.);
#1453=ORIENTED_EDGE('',*,*,#3582,.T.);
#1454=CARTESIAN_POINT('',(3.805,-3.94,-3.355));
#1455=DIRECTION('',(1.0,0.0,0.0));
#1456=DIRECTION('',(0.0,1.0,0.0));
#1457=ORIENTED_EDGE('',*,*,#3582,.F.);
#1458=ORIENTED_EDGE('',*,*,#3583,.F.);
#1459=ORIENTED_EDGE('',*,*,#3584,.F.);
#1460=ORIENTED_EDGE('',*,*,#3585,.F.);
#1461=ORIENTED_EDGE('',*,*,#3586,.F.);
#1462=ORIENTED_EDGE('',*,*,#3573,.F.);
#1463=CARTESIAN_POINT('',(-4.825,-3.94,-3.355));
#1464=DIRECTION('',(0.0,-1.0,0.0));
#1465=DIRECTION('',(0.0,0.0,-1.0));
#1466=ORIENTED_EDGE('',*,*,#3587,.F.);
#1467=ORIENTED_EDGE('',*,*,#3578,.F.);
#1468=ORIENTED_EDGE('',*,*,#3571,.F.);
#1469=ORIENTED_EDGE('',*,*,#3564,.F.);
#1470=ORIENTED_EDGE('',*,*,#3588,.F.);
#1471=ORIENTED_EDGE('',*,*,#3589,.F.);
#1472=CARTESIAN_POINT('',(-4.825,-3.94,-3.355));
#1473=DIRECTION('',(0.0,-1.0,0.0));
#1474=DIRECTION('',(0.0,0.0,-1.0));
#1475=ORIENTED_EDGE('',*,*,#3590,.F.);
#1476=ORIENTED_EDGE('',*,*,#3591,.T.);
#1477=ORIENTED_EDGE('',*,*,#3574,.F.);
#1478=ORIENTED_EDGE('',*,*,#3586,.T.);
#1479=CARTESIAN_POINT('',(4.825,-3.43,4.955));
#1480=DIRECTION('',(1.0,0.0,0.0));
#1481=DIRECTION('',(0.0,1.0,0.0));
#1482=ORIENTED_EDGE('',*,*,#3592,.T.);
#1483=ORIENTED_EDGE('',*,*,#3593,.F.);
#1484=ORIENTED_EDGE('',*,*,#3594,.F.);
#1485=ORIENTED_EDGE('',*,*,#3595,.F.);
#1486=CARTESIAN_POINT('',(4.825,3.43,1.785));
#1487=DIRECTION('',(0.0,0.0,1.0));
#1488=DIRECTION('',(1.0,0.0,0.0));
#1489=ORIENTED_EDGE('',*,*,#3596,.F.);
#1490=ORIENTED_EDGE('',*,*,#3597,.F.);
#1491=ORIENTED_EDGE('',*,*,#3598,.F.);
#1492=ORIENTED_EDGE('',*,*,#3590,.T.);
#1493=ORIENTED_EDGE('',*,*,#3585,.T.);
#1494=ORIENTED_EDGE('',*,*,#3599,.F.);
#1495=ORIENTED_EDGE('',*,*,#3600,.F.);
#1496=CARTESIAN_POINT('',(4.825,3.43,1.785));
#1497=DIRECTION('',(0.0,0.0,1.0));
#1498=DIRECTION('',(1.0,0.0,0.0));
#1499=ORIENTED_EDGE('',*,*,#3601,.F.);
#1500=ORIENTED_EDGE('',*,*,#3602,.T.);
#1501=ORIENTED_EDGE('',*,*,#3603,.F.);
#1502=ORIENTED_EDGE('',*,*,#3604,.F.);
#1503=ORIENTED_EDGE('',*,*,#3605,.F.);
#1504=ORIENTED_EDGE('',*,*,#3592,.F.);
#1505=CARTESIAN_POINT('',(5.325,1.1,-0.195));
#1506=DIRECTION('',(-0.0,1.0,0.0));
#1507=DIRECTION('',(1.0,0.0,0.0));
#1508=ORIENTED_EDGE('',*,*,#3601,.T.);
#1509=ORIENTED_EDGE('',*,*,#3595,.T.);
#1510=ORIENTED_EDGE('',*,*,#3606,.T.);
#1511=ORIENTED_EDGE('',*,*,#3607,.T.);
#1512=ORIENTED_EDGE('',*,*,#3608,.F.);
#1513=CARTESIAN_POINT('',(4.825,0.0,0.0));
#1514=DIRECTION('',(1.0,0.0,0.0));
#1515=DIRECTION('',(0.0,1.0,0.0));
#1516=ORIENTED_EDGE('',*,*,#3609,.F.);
#1517=ORIENTED_EDGE('',*,*,#3596,.T.);
#1518=ORIENTED_EDGE('',*,*,#3610,.F.);
#1519=ORIENTED_EDGE('',*,*,#3611,.F.);
#1520=ORIENTED_EDGE('',*,*,#3612,.T.);
#1521=ORIENTED_EDGE('',*,*,#3613,.T.);
#1522=ORIENTED_EDGE('',*,*,#3598,.T.);
#1523=ORIENTED_EDGE('',*,*,#3614,.F.);
#1524=ORIENTED_EDGE('',*,*,#3615,.F.);
#1525=ORIENTED_EDGE('',*,*,#3616,.F.);
#1526=ORIENTED_EDGE('',*,*,#3617,.F.);
#1527=ORIENTED_EDGE('',*,*,#3618,.F.);
#1528=CARTESIAN_POINT('',(4.825,0.0,0.0));
#1529=DIRECTION('',(1.0,0.0,0.0));
#1530=DIRECTION('',(0.0,1.0,0.0));
#1531=ORIENTED_EDGE('',*,*,#3619,.T.);
#1532=ORIENTED_EDGE('',*,*,#3620,.T.);
#1533=ORIENTED_EDGE('',*,*,#3621,.F.);
#1534=ORIENTED_EDGE('',*,*,#3611,.T.);
#1535=CARTESIAN_POINT('',(4.825,2.68,3.305));
#1536=DIRECTION('',(0.0,0.0,-1.0));
#1537=DIRECTION('',(0.0,-1.0,0.0));
#1538=ORIENTED_EDGE('',*,*,#3602,.F.);
#1539=ORIENTED_EDGE('',*,*,#3608,.T.);
#1540=ORIENTED_EDGE('',*,*,#3622,.T.);
#1541=ORIENTED_EDGE('',*,*,#3623,.T.);
#1542=CARTESIAN_POINT('',(4.825,2.68,3.305));
#1543=DIRECTION('',(0.0,0.0,-1.0));
#1544=DIRECTION('',(0.0,-1.0,0.0));
#1545=ORIENTED_EDGE('',*,*,#3610,.T.);
#1546=ORIENTED_EDGE('',*,*,#3600,.T.);
#1547=ORIENTED_EDGE('',*,*,#3624,.T.);
#1548=ORIENTED_EDGE('',*,*,#3625,.T.);
#1549=ORIENTED_EDGE('',*,*,#3626,.F.);
#1550=ORIENTED_EDGE('',*,*,#3619,.F.);
#1551=CARTESIAN_POINT('',(5.325,-1.1,3.305));
#1552=DIRECTION('',(0.0,-1.0,0.0));
#1553=DIRECTION('',(0.0,0.0,-1.0));
#1554=ORIENTED_EDGE('',*,*,#3627,.F.);
#1555=ORIENTED_EDGE('',*,*,#3628,.T.);
#1556=ORIENTED_EDGE('',*,*,#3603,.T.);
#1557=ORIENTED_EDGE('',*,*,#3623,.F.);
#1558=ORIENTED_EDGE('',*,*,#3629,.T.);
#1559=ORIENTED_EDGE('',*,*,#3630,.F.);
#1560=ORIENTED_EDGE('',*,*,#3631,.F.);
#1561=ORIENTED_EDGE('',*,*,#3620,.F.);
#1562=ORIENTED_EDGE('',*,*,#3626,.T.);
#1563=ORIENTED_EDGE('',*,*,#3632,.T.);
#1564=ORIENTED_EDGE('',*,*,#3633,.T.);
#1565=ORIENTED_EDGE('',*,*,#3634,.F.);
#1566=CARTESIAN_POINT('',(3.440485608557,2.68,3.305));
#1567=DIRECTION('',(-1.0,0.0,0.0));
#1568=DIRECTION('',(0.0,0.0,1.0));
#1569=ORIENTED_EDGE('',*,*,#3635,.F.);
#1570=ORIENTED_EDGE('',*,*,#3636,.T.);
#1571=ORIENTED_EDGE('',*,*,#3637,.T.);
#1572=ORIENTED_EDGE('',*,*,#3627,.T.);
#1573=ORIENTED_EDGE('',*,*,#3638,.F.);
#1574=ORIENTED_EDGE('',*,*,#3639,.F.);
#1575=CARTESIAN_POINT('',(5.325,0.575,-2.695));
#1576=DIRECTION('',(-0.0,1.0,0.0));
#1577=DIRECTION('',(1.0,0.0,0.0));
#1578=ORIENTED_EDGE('',*,*,#3640,.F.);
#1579=ORIENTED_EDGE('',*,*,#3641,.F.);
#1580=ORIENTED_EDGE('',*,*,#3642,.T.);
#1581=ORIENTED_EDGE('',*,*,#3635,.T.);
#1582=ORIENTED_EDGE('',*,*,#3643,.T.);
#1583=ORIENTED_EDGE('',*,*,#3644,.F.);
#1584=ORIENTED_EDGE('',*,*,#3645,.F.);
#1585=ORIENTED_EDGE('',*,*,#3646,.F.);
#1586=CARTESIAN_POINT('',(5.325,-0.575,-2.695));
#1587=DIRECTION('',(0.0,0.0,-1.0));
#1588=DIRECTION('',(0.0,-1.0,0.0));
#1589=ORIENTED_EDGE('',*,*,#3640,.T.);
#1590=ORIENTED_EDGE('',*,*,#3647,.T.);
#1591=ORIENTED_EDGE('',*,*,#3648,.F.);
#1592=ORIENTED_EDGE('',*,*,#3649,.F.);
#1593=CARTESIAN_POINT('',(3.840485608557,-0.575,-2.695));
#1594=DIRECTION('',(1.0,0.0,0.0));
#1595=DIRECTION('',(0.0,1.0,0.0));
#1596=ORIENTED_EDGE('',*,*,#3633,.F.);
#1597=ORIENTED_EDGE('',*,*,#3650,.F.);
#1598=ORIENTED_EDGE('',*,*,#3651,.T.);
#1599=ORIENTED_EDGE('',*,*,#3641,.T.);
#1600=ORIENTED_EDGE('',*,*,#3649,.T.);
#1601=ORIENTED_EDGE('',*,*,#3652,.F.);
#1602=CARTESIAN_POINT('',(5.325,-0.575,-0.195));
#1603=DIRECTION('',(0.0,-1.0,0.0));
#1604=DIRECTION('',(0.0,0.0,-1.0));
#1605=ORIENTED_EDGE('',*,*,#3638,.T.);
#1606=ORIENTED_EDGE('',*,*,#3634,.T.);
#1607=ORIENTED_EDGE('',*,*,#3652,.T.);
#1608=ORIENTED_EDGE('',*,*,#3648,.T.);
#1609=ORIENTED_EDGE('',*,*,#3653,.T.);
#1610=ORIENTED_EDGE('',*,*,#3654,.T.);
#1611=ORIENTED_EDGE('',*,*,#3655,.T.);
#1612=ORIENTED_EDGE('',*,*,#3656,.T.);
#1613=CARTESIAN_POINT('',(5.325,-0.575,-2.795));
#1614=DIRECTION('',(0.0,0.0,1.0));
#1615=DIRECTION('',(1.0,0.0,0.0));
#1616=ORIENTED_EDGE('',*,*,#3657,.T.);
#1617=ORIENTED_EDGE('',*,*,#3658,.T.);
#1618=ORIENTED_EDGE('',*,*,#3659,.T.);
#1619=ORIENTED_EDGE('',*,*,#3660,.T.);
#1620=ORIENTED_EDGE('',*,*,#3661,.T.);
#1621=ORIENTED_EDGE('',*,*,#3662,.T.);
#1622=ORIENTED_EDGE('',*,*,#3663,.T.);
#1623=ORIENTED_EDGE('',*,*,#3664,.T.);
#1624=CARTESIAN_POINT('',(5.325,-0.575,-2.795));
#1625=DIRECTION('',(0.0,0.0,1.0));
#1626=DIRECTION('',(1.0,0.0,0.0));
#1627=ORIENTED_EDGE('',*,*,#3643,.F.);
#1628=ORIENTED_EDGE('',*,*,#3639,.T.);
#1629=ORIENTED_EDGE('',*,*,#3656,.F.);
#1630=ORIENTED_EDGE('',*,*,#3665,.F.);
#1631=CARTESIAN_POINT('',(3.840485608557,0.4,-2.695));
#1632=DIRECTION('',(1.0,0.0,0.0));
#1633=DIRECTION('',(0.0,1.0,0.0));
#1634=ORIENTED_EDGE('',*,*,#3644,.T.);
#1635=ORIENTED_EDGE('',*,*,#3665,.T.);
#1636=ORIENTED_EDGE('',*,*,#3655,.F.);
#1637=ORIENTED_EDGE('',*,*,#3666,.F.);
#1638=CARTESIAN_POINT('',(4.140485608557,0.4,-2.695));
#1639=DIRECTION('',(-0.0,1.0,0.0));
#1640=DIRECTION('',(1.0,0.0,0.0));
#1641=ORIENTED_EDGE('',*,*,#3645,.T.);
#1642=ORIENTED_EDGE('',*,*,#3666,.T.);
#1643=ORIENTED_EDGE('',*,*,#3654,.F.);
#1644=ORIENTED_EDGE('',*,*,#3667,.F.);
#1645=CARTESIAN_POINT('',(4.140485608557,-0.4,-2.695));
#1646=DIRECTION('',(1.0,0.0,0.0));
#1647=DIRECTION('',(0.0,1.0,0.0));
#1648=ORIENTED_EDGE('',*,*,#3646,.T.);
#1649=ORIENTED_EDGE('',*,*,#3667,.T.);
#1650=ORIENTED_EDGE('',*,*,#3653,.F.);
#1651=ORIENTED_EDGE('',*,*,#3647,.F.);
#1652=CARTESIAN_POINT('',(3.840485608557,-0.4,-2.695));
#1653=DIRECTION('',(0.0,-1.0,0.0));
#1654=DIRECTION('',(0.0,0.0,-1.0));
#1655=ORIENTED_EDGE('',*,*,#3668,.T.);
#1656=ORIENTED_EDGE('',*,*,#3669,.T.);
#1657=ORIENTED_EDGE('',*,*,#3657,.F.);
#1658=ORIENTED_EDGE('',*,*,#3670,.F.);
#1659=CARTESIAN_POINT('',(-3.840485608557,0.575,-2.695));
#1660=DIRECTION('',(-1.0,0.0,0.0));
#1661=DIRECTION('',(0.0,0.0,1.0));
#1662=ORIENTED_EDGE('',*,*,#3668,.F.);
#1663=ORIENTED_EDGE('',*,*,#3671,.F.);
#1664=ORIENTED_EDGE('',*,*,#3672,.F.);
#1665=ORIENTED_EDGE('',*,*,#3673,.T.);
#1666=ORIENTED_EDGE('',*,*,#3674,.T.);
#1667=ORIENTED_EDGE('',*,*,#3675,.F.);
#1668=ORIENTED_EDGE('',*,*,#3676,.F.);
#1669=ORIENTED_EDGE('',*,*,#3677,.F.);
#1670=CARTESIAN_POINT('',(-5.325,-0.575,-2.695));
#1671=DIRECTION('',(0.0,0.0,1.0));
#1672=DIRECTION('',(1.0,0.0,0.0));
#1673=ORIENTED_EDGE('',*,*,#3677,.T.);
#1674=ORIENTED_EDGE('',*,*,#3678,.T.);
#1675=ORIENTED_EDGE('',*,*,#3658,.F.);
#1676=ORIENTED_EDGE('',*,*,#3669,.F.);
#1677=CARTESIAN_POINT('',(-3.840485608557,0.4,-2.695));
#1678=DIRECTION('',(-0.0,1.0,0.0));
#1679=DIRECTION('',(1.0,0.0,0.0));
#1680=ORIENTED_EDGE('',*,*,#3676,.T.);
#1681=ORIENTED_EDGE('',*,*,#3679,.T.);
#1682=ORIENTED_EDGE('',*,*,#3659,.F.);
#1683=ORIENTED_EDGE('',*,*,#3678,.F.);
#1684=CARTESIAN_POINT('',(-4.140485608557,0.4,-2.695));
#1685=DIRECTION('',(-1.0,0.0,0.0));
#1686=DIRECTION('',(0.0,0.0,1.0));
#1687=ORIENTED_EDGE('',*,*,#3675,.T.);
#1688=ORIENTED_EDGE('',*,*,#3680,.T.);
#1689=ORIENTED_EDGE('',*,*,#3660,.F.);
#1690=ORIENTED_EDGE('',*,*,#3679,.F.);
#1691=CARTESIAN_POINT('',(-4.140485608557,-0.4,-2.695));
#1692=DIRECTION('',(0.0,-1.0,0.0));
#1693=DIRECTION('',(0.0,0.0,-1.0));
#1694=ORIENTED_EDGE('',*,*,#3674,.F.);
#1695=ORIENTED_EDGE('',*,*,#3681,.T.);
#1696=ORIENTED_EDGE('',*,*,#3661,.F.);
#1697=ORIENTED_EDGE('',*,*,#3680,.F.);
#1698=CARTESIAN_POINT('',(-3.840485608557,-0.4,-2.695));
#1699=DIRECTION('',(-1.0,0.0,0.0));
#1700=DIRECTION('',(0.0,0.0,1.0));
#1701=ORIENTED_EDGE('',*,*,#3673,.F.);
#1702=ORIENTED_EDGE('',*,*,#3682,.F.);
#1703=ORIENTED_EDGE('',*,*,#3683,.T.);
#1704=ORIENTED_EDGE('',*,*,#3684,.T.);
#1705=ORIENTED_EDGE('',*,*,#3662,.F.);
#1706=ORIENTED_EDGE('',*,*,#3681,.F.);
#1707=CARTESIAN_POINT('',(-5.325,-0.575,-0.195));
#1708=DIRECTION('',(-0.0,1.0,0.0));
#1709=DIRECTION('',(1.0,0.0,0.0));
#1710=ORIENTED_EDGE('',*,*,#3684,.F.);
#1711=ORIENTED_EDGE('',*,*,#3685,.F.);
#1712=ORIENTED_EDGE('',*,*,#3559,.F.);
#1713=ORIENTED_EDGE('',*,*,#3686,.T.);
#1714=ORIENTED_EDGE('',*,*,#3687,.F.);
#1715=ORIENTED_EDGE('',*,*,#3688,.T.);
#1716=ORIENTED_EDGE('',*,*,#3689,.T.);
#1717=ORIENTED_EDGE('',*,*,#3690,.T.);
#1718=ORIENTED_EDGE('',*,*,#3691,.F.);
#1719=ORIENTED_EDGE('',*,*,#3692,.F.);
#1720=ORIENTED_EDGE('',*,*,#3693,.T.);
#1721=ORIENTED_EDGE('',*,*,#3663,.F.);
#1722=CARTESIAN_POINT('',(-3.440485608557,2.68,4.955));
#1723=DIRECTION('',(1.0,0.0,0.0));
#1724=DIRECTION('',(0.0,1.0,0.0));
#1725=ORIENTED_EDGE('',*,*,#3693,.F.);
#1726=ORIENTED_EDGE('',*,*,#3694,.F.);
#1727=ORIENTED_EDGE('',*,*,#3695,.F.);
#1728=ORIENTED_EDGE('',*,*,#3671,.T.);
#1729=ORIENTED_EDGE('',*,*,#3670,.T.);
#1730=ORIENTED_EDGE('',*,*,#3664,.F.);
#1731=CARTESIAN_POINT('',(-5.325,0.575,-2.695));
#1732=DIRECTION('',(0.0,-1.0,0.0));
#1733=DIRECTION('',(0.0,0.0,-1.0));
#1734=ORIENTED_EDGE('',*,*,#3696,.F.);
#1735=ORIENTED_EDGE('',*,*,#3697,.F.);
#1736=ORIENTED_EDGE('',*,*,#3698,.T.);
#1737=ORIENTED_EDGE('',*,*,#3588,.T.);
#1738=ORIENTED_EDGE('',*,*,#3563,.F.);
#1739=ORIENTED_EDGE('',*,*,#3561,.T.);
#1740=ORIENTED_EDGE('',*,*,#3699,.T.);
#1741=ORIENTED_EDGE('',*,*,#3682,.T.);
#1742=ORIENTED_EDGE('',*,*,#3672,.T.);
#1743=ORIENTED_EDGE('',*,*,#3695,.T.);
#1744=ORIENTED_EDGE('',*,*,#3700,.T.);
#1745=ORIENTED_EDGE('',*,*,#3701,.F.);
#1746=ORIENTED_EDGE('',*,*,#3568,.F.);
#1747=ORIENTED_EDGE('',*,*,#3702,.F.);
#1748=ORIENTED_EDGE('',*,*,#3703,.T.);
#1749=ORIENTED_EDGE('',*,*,#3704,.T.);
#1750=ORIENTED_EDGE('',*,*,#3705,.F.);
#1751=ORIENTED_EDGE('',*,*,#3706,.T.);
#1752=ORIENTED_EDGE('',*,*,#3707,.T.);
#1753=ORIENTED_EDGE('',*,*,#3708,.T.);
#1754=CARTESIAN_POINT('',(-5.075,3.43,-4.955));
#1755=DIRECTION('',(-1.0,0.0,0.0));
#1756=DIRECTION('',(0.0,0.0,1.0));
#1757=ORIENTED_EDGE('',*,*,#3709,.F.);
#1758=ORIENTED_EDGE('',*,*,#3710,.T.);
#1759=ORIENTED_EDGE('',*,*,#3711,.T.);
#1760=ORIENTED_EDGE('',*,*,#3712,.T.);
#1761=ORIENTED_EDGE('',*,*,#3713,.F.);
#1762=ORIENTED_EDGE('',*,*,#3696,.T.);
#1763=ORIENTED_EDGE('',*,*,#3714,.F.);
#1764=ORIENTED_EDGE('',*,*,#3715,.T.);
#1765=ORIENTED_EDGE('',*,*,#3716,.F.);
#1766=ORIENTED_EDGE('',*,*,#3705,.T.);
#1767=ORIENTED_EDGE('',*,*,#3717,.F.);
#1768=ORIENTED_EDGE('',*,*,#3718,.F.);
#1769=ORIENTED_EDGE('',*,*,#3719,.F.);
#1770=ORIENTED_EDGE('',*,*,#3720,.F.);
#1771=ORIENTED_EDGE('',*,*,#3721,.F.);
#1772=ORIENTED_EDGE('',*,*,#3722,.F.);
#1773=ORIENTED_EDGE('',*,*,#3723,.F.);
#1774=ORIENTED_EDGE('',*,*,#3724,.T.);
#1775=ORIENTED_EDGE('',*,*,#3725,.T.);
#1776=ORIENTED_EDGE('',*,*,#3726,.T.);
#1777=ORIENTED_EDGE('',*,*,#3727,.T.);
#1778=ORIENTED_EDGE('',*,*,#3728,.T.);
#1779=ORIENTED_EDGE('',*,*,#3729,.F.);
#1780=ORIENTED_EDGE('',*,*,#3730,.F.);
#1781=ORIENTED_EDGE('',*,*,#3731,.F.);
#1782=ORIENTED_EDGE('',*,*,#3732,.F.);
#1783=ORIENTED_EDGE('',*,*,#3733,.F.);
#1784=ORIENTED_EDGE('',*,*,#3734,.F.);
#1785=ORIENTED_EDGE('',*,*,#3735,.F.);
#1786=ORIENTED_EDGE('',*,*,#3736,.T.);
#1787=ORIENTED_EDGE('',*,*,#3737,.T.);
#1788=ORIENTED_EDGE('',*,*,#3738,.T.);
#1789=ORIENTED_EDGE('',*,*,#3739,.T.);
#1790=ORIENTED_EDGE('',*,*,#3740,.T.);
#1791=ORIENTED_EDGE('',*,*,#3741,.F.);
#1792=ORIENTED_EDGE('',*,*,#3742,.F.);
#1793=ORIENTED_EDGE('',*,*,#3743,.F.);
#1794=ORIENTED_EDGE('',*,*,#3744,.F.);
#1795=ORIENTED_EDGE('',*,*,#3745,.F.);
#1796=ORIENTED_EDGE('',*,*,#3746,.F.);
#1797=ORIENTED_EDGE('',*,*,#3747,.F.);
#1798=ORIENTED_EDGE('',*,*,#3748,.F.);
#1799=ORIENTED_EDGE('',*,*,#3749,.F.);
#1800=ORIENTED_EDGE('',*,*,#3750,.T.);
#1801=ORIENTED_EDGE('',*,*,#3751,.T.);
#1802=ORIENTED_EDGE('',*,*,#3752,.T.);
#1803=ORIENTED_EDGE('',*,*,#3753,.F.);
#1804=ORIENTED_EDGE('',*,*,#3754,.F.);
#1805=CARTESIAN_POINT('',(-4.825,-2.78,-4.285));
#1806=DIRECTION('',(0.0,0.0,-1.0));
#1807=DIRECTION('',(0.0,-1.0,0.0));
#1808=ORIENTED_EDGE('',*,*,#3725,.F.);
#1809=ORIENTED_EDGE('',*,*,#3755,.T.);
#1810=ORIENTED_EDGE('',*,*,#3756,.T.);
#1811=ORIENTED_EDGE('',*,*,#3757,.T.);
#1812=CARTESIAN_POINT('',(-1.18,0.0,0.0));
#1813=DIRECTION('',(1.0,0.0,0.0));
#1814=DIRECTION('',(0.0,1.0,0.0));
#1815=ORIENTED_EDGE('',*,*,#3758,.T.);
#1816=ORIENTED_EDGE('',*,*,#3759,.T.);
#1817=ORIENTED_EDGE('',*,*,#3760,.T.);
#1818=ORIENTED_EDGE('',*,*,#3761,.T.);
#1819=CARTESIAN_POINT('',(-1.18,0.0,0.0));
#1820=DIRECTION('',(1.0,0.0,0.0));
#1821=DIRECTION('',(0.0,1.0,0.0));
#1822=ORIENTED_EDGE('',*,*,#3762,.T.);
#1823=ORIENTED_EDGE('',*,*,#3763,.T.);
#1824=ORIENTED_EDGE('',*,*,#3764,.T.);
#1825=ORIENTED_EDGE('',*,*,#3765,.T.);
#1826=CARTESIAN_POINT('',(-1.18,0.0,0.0));
#1827=DIRECTION('',(1.0,0.0,0.0));
#1828=DIRECTION('',(0.0,1.0,0.0));
#1829=ORIENTED_EDGE('',*,*,#3766,.T.);
#1830=ORIENTED_EDGE('',*,*,#3767,.T.);
#1831=ORIENTED_EDGE('',*,*,#3768,.T.);
#1832=ORIENTED_EDGE('',*,*,#3727,.F.);
#1833=ORIENTED_EDGE('',*,*,#3769,.T.);
#1834=ORIENTED_EDGE('',*,*,#3770,.T.);
#1835=CARTESIAN_POINT('',(-1.18,0.0,0.0));
#1836=DIRECTION('',(1.0,0.0,0.0));
#1837=DIRECTION('',(0.0,1.0,0.0));
#1838=ORIENTED_EDGE('',*,*,#3771,.F.);
#1839=ORIENTED_EDGE('',*,*,#3772,.T.);
#1840=ORIENTED_EDGE('',*,*,#3773,.T.);
#1841=ORIENTED_EDGE('',*,*,#3709,.T.);
#1842=ORIENTED_EDGE('',*,*,#3774,.T.);
#1843=ORIENTED_EDGE('',*,*,#3775,.T.);
#1844=CARTESIAN_POINT('',(-1.18,0.0,0.0));
#1845=DIRECTION('',(1.0,0.0,0.0));
#1846=DIRECTION('',(0.0,1.0,0.0));
#1847=ORIENTED_EDGE('',*,*,#3757,.F.);
#1848=ORIENTED_EDGE('',*,*,#3776,.T.);
#1849=ORIENTED_EDGE('',*,*,#3777,.T.);
#1850=ORIENTED_EDGE('',*,*,#3778,.T.);
#1851=ORIENTED_EDGE('',*,*,#3779,.T.);
#1852=ORIENTED_EDGE('',*,*,#3780,.T.);
#1853=CARTESIAN_POINT('',(-1.18,0.32,-4.955));
#1854=DIRECTION('',(-0.0,1.0,0.0));
#1855=DIRECTION('',(1.0,0.0,0.0));
#1856=ORIENTED_EDGE('',*,*,#3754,.T.);
#1857=ORIENTED_EDGE('',*,*,#3781,.F.);
#1858=ORIENTED_EDGE('',*,*,#3782,.T.);
#1859=ORIENTED_EDGE('',*,*,#3783,.T.);
#1860=CARTESIAN_POINT('',(-1.18,3.43,-3.655));
#1861=DIRECTION('',(1.0,0.0,0.0));
#1862=DIRECTION('',(0.0,1.0,0.0));
#1863=ORIENTED_EDGE('',*,*,#3724,.F.);
#1864=ORIENTED_EDGE('',*,*,#3784,.F.);
#1865=ORIENTED_EDGE('',*,*,#3785,.F.);
#1866=ORIENTED_EDGE('',*,*,#3786,.T.);
#1867=CARTESIAN_POINT('',(-1.18,3.43,-3.655));
#1868=DIRECTION('',(1.0,0.0,0.0));
#1869=DIRECTION('',(0.0,1.0,0.0));
#1870=ORIENTED_EDGE('',*,*,#3787,.F.);
#1871=ORIENTED_EDGE('',*,*,#3788,.F.);
#1872=ORIENTED_EDGE('',*,*,#3789,.F.);
#1873=ORIENTED_EDGE('',*,*,#3790,.F.);
#1874=ORIENTED_EDGE('',*,*,#3728,.F.);
#1875=ORIENTED_EDGE('',*,*,#3791,.F.);
#1876=CARTESIAN_POINT('',(-1.18,3.43,-3.655));
#1877=DIRECTION('',(1.0,0.0,0.0));
#1878=DIRECTION('',(0.0,1.0,0.0));
#1879=ORIENTED_EDGE('',*,*,#3792,.F.);
#1880=ORIENTED_EDGE('',*,*,#3793,.T.);
#1881=ORIENTED_EDGE('',*,*,#3726,.F.);
#1882=ORIENTED_EDGE('',*,*,#3780,.F.);
#1883=CARTESIAN_POINT('',(-1.18,3.43,-3.655));
#1884=DIRECTION('',(1.0,0.0,0.0));
#1885=DIRECTION('',(0.0,1.0,0.0));
#1886=ORIENTED_EDGE('',*,*,#3794,.T.);
#1887=ORIENTED_EDGE('',*,*,#3795,.T.);
#1888=ORIENTED_EDGE('',*,*,#3774,.F.);
#1889=ORIENTED_EDGE('',*,*,#3783,.F.);
#1890=ORIENTED_EDGE('',*,*,#3796,.F.);
#1891=ORIENTED_EDGE('',*,*,#3797,.T.);
#1892=ORIENTED_EDGE('',*,*,#3798,.T.);
#1893=ORIENTED_EDGE('',*,*,#3799,.F.);
#1894=ORIENTED_EDGE('',*,*,#3800,.T.);
#1895=ORIENTED_EDGE('',*,*,#3801,.F.);
#1896=ORIENTED_EDGE('',*,*,#3802,.F.);
#1897=ORIENTED_EDGE('',*,*,#3803,.F.);
#1898=ORIENTED_EDGE('',*,*,#3804,.F.);
#1899=ORIENTED_EDGE('',*,*,#3805,.F.);
#1900=ORIENTED_EDGE('',*,*,#3806,.F.);
#1901=ORIENTED_EDGE('',*,*,#3580,.F.);
#1902=ORIENTED_EDGE('',*,*,#3807,.F.);
#1903=ORIENTED_EDGE('',*,*,#3808,.T.);
#1904=ORIENTED_EDGE('',*,*,#3809,.F.);
#1905=ORIENTED_EDGE('',*,*,#3810,.T.);
#1906=ORIENTED_EDGE('',*,*,#3811,.T.);
#1907=ORIENTED_EDGE('',*,*,#3576,.T.);
#1908=ORIENTED_EDGE('',*,*,#3812,.T.);
#1909=ORIENTED_EDGE('',*,*,#3813,.F.);
#1910=ORIENTED_EDGE('',*,*,#3814,.T.);
#1911=ORIENTED_EDGE('',*,*,#3815,.T.);
#1912=ORIENTED_EDGE('',*,*,#3816,.T.);
#1913=ORIENTED_EDGE('',*,*,#3817,.F.);
#1914=ORIENTED_EDGE('',*,*,#3818,.T.);
#1915=CARTESIAN_POINT('',(-4.825,-3.43,4.955));
#1916=DIRECTION('',(0.0,-1.0,0.0));
#1917=DIRECTION('',(0.0,0.0,-1.0));
#1918=ORIENTED_EDGE('',*,*,#3819,.F.);
#1919=ORIENTED_EDGE('',*,*,#3820,.F.);
#1920=ORIENTED_EDGE('',*,*,#3821,.F.);
#1921=ORIENTED_EDGE('',*,*,#3822,.T.);
#1922=ORIENTED_EDGE('',*,*,#3823,.T.);
#1923=ORIENTED_EDGE('',*,*,#3824,.T.);
#1924=ORIENTED_EDGE('',*,*,#3825,.T.);
#1925=ORIENTED_EDGE('',*,*,#3826,.T.);
#1926=ORIENTED_EDGE('',*,*,#3827,.T.);
#1927=ORIENTED_EDGE('',*,*,#3828,.F.);
#1928=ORIENTED_EDGE('',*,*,#3794,.F.);
#1929=ORIENTED_EDGE('',*,*,#3829,.T.);
#1930=ORIENTED_EDGE('',*,*,#3830,.T.);
#1931=ORIENTED_EDGE('',*,*,#3831,.F.);
#1932=CARTESIAN_POINT('',(-0.475,-3.2455,0.355));
#1933=DIRECTION('',(1.0,0.0,0.0));
#1934=DIRECTION('',(0.0,1.0,0.0));
#1935=ORIENTED_EDGE('',*,*,#3832,.F.);
#1936=ORIENTED_EDGE('',*,*,#3833,.F.);
#1937=ORIENTED_EDGE('',*,*,#3834,.F.);
#1938=ORIENTED_EDGE('',*,*,#3835,.T.);
#1939=CARTESIAN_POINT('',(4.825,-7.12,1.355));
#1940=DIRECTION('',(0.0,0.0,-1.0));
#1941=DIRECTION('',(0.0,-1.0,0.0));
#1942=ORIENTED_EDGE('',*,*,#3819,.T.);
#1943=ORIENTED_EDGE('',*,*,#3836,.F.);
#1944=ORIENTED_EDGE('',*,*,#3837,.F.);
#1945=ORIENTED_EDGE('',*,*,#3838,.T.);
#1946=CARTESIAN_POINT('',(4.825,-7.12,1.355));
#1947=DIRECTION('',(0.0,0.0,-1.0));
#1948=DIRECTION('',(0.0,-1.0,0.0));
#1949=ORIENTED_EDGE('',*,*,#3832,.T.);
#1950=ORIENTED_EDGE('',*,*,#3839,.T.);
#1951=ORIENTED_EDGE('',*,*,#3840,.F.);
#1952=ORIENTED_EDGE('',*,*,#3841,.F.);
#1953=ORIENTED_EDGE('',*,*,#3800,.F.);
#1954=ORIENTED_EDGE('',*,*,#3842,.T.);
#1955=ORIENTED_EDGE('',*,*,#3843,.F.);
#1956=ORIENTED_EDGE('',*,*,#3844,.F.);
#1957=ORIENTED_EDGE('',*,*,#3845,.F.);
#1958=ORIENTED_EDGE('',*,*,#3846,.F.);
#1959=ORIENTED_EDGE('',*,*,#3847,.F.);
#1960=ORIENTED_EDGE('',*,*,#3848,.F.);
#1961=ORIENTED_EDGE('',*,*,#3849,.T.);
#1962=ORIENTED_EDGE('',*,*,#3850,.T.);
#1963=CARTESIAN_POINT('',(0.475,-3.43,3.545));
#1964=DIRECTION('',(-1.0,0.0,0.0));
#1965=DIRECTION('',(0.0,0.0,1.0));
#1966=ORIENTED_EDGE('',*,*,#3833,.T.);
#1967=ORIENTED_EDGE('',*,*,#3850,.F.);
#1968=ORIENTED_EDGE('',*,*,#3851,.F.);
#1969=ORIENTED_EDGE('',*,*,#3846,.T.);
#1970=ORIENTED_EDGE('',*,*,#3852,.T.);
#1971=ORIENTED_EDGE('',*,*,#3853,.T.);
#1972=CARTESIAN_POINT('',(0.475,-6.5175,0.355));
#1973=DIRECTION('',(-0.0,1.0,0.0));
#1974=DIRECTION('',(0.0,0.0,-1.0));
#1975=ORIENTED_EDGE('',*,*,#3834,.T.);
#1976=ORIENTED_EDGE('',*,*,#3853,.F.);
#1977=ORIENTED_EDGE('',*,*,#3854,.F.);
#1978=ORIENTED_EDGE('',*,*,#3855,.T.);
#1979=CARTESIAN_POINT('',(0.475,-3.2455,0.355));
#1980=DIRECTION('',(0.0,1.0,-0.0));
#1981=DIRECTION('',(0.0,0.0,1.0));
#1982=ORIENTED_EDGE('',*,*,#3835,.F.);
#1983=ORIENTED_EDGE('',*,*,#3855,.F.);
#1984=ORIENTED_EDGE('',*,*,#3856,.T.);
#1985=ORIENTED_EDGE('',*,*,#3857,.T.);
#1986=CARTESIAN_POINT('',(0.475,-5.69,0.355));
#1987=DIRECTION('',(0.0,-1.0,0.0));
#1988=DIRECTION('',(0.0,0.0,-1.0));
#1989=ORIENTED_EDGE('',*,*,#3857,.F.);
#1990=ORIENTED_EDGE('',*,*,#3844,.T.);
#1991=ORIENTED_EDGE('',*,*,#3858,.T.);
#1992=ORIENTED_EDGE('',*,*,#3859,.T.);
#1993=ORIENTED_EDGE('',*,*,#3839,.F.);
#1994=CARTESIAN_POINT('',(0.475,-3.2455,0.355));
#1995=DIRECTION('',(0.0,1.0,-0.0));
#1996=DIRECTION('',(0.0,0.0,1.0));
#1997=ORIENTED_EDGE('',*,*,#3858,.F.);
#1998=ORIENTED_EDGE('',*,*,#3843,.T.);
#1999=ORIENTED_EDGE('',*,*,#3860,.T.);
#2000=ORIENTED_EDGE('',*,*,#3861,.F.);
#2001=ORIENTED_EDGE('',*,*,#3862,.T.);
#2002=ORIENTED_EDGE('',*,*,#3863,.T.);
#2003=CARTESIAN_POINT('',(-4.825,-3.94,4.955));
#2004=DIRECTION('',(0.0,-1.0,0.0));
#2005=DIRECTION('',(0.0,0.0,-1.0));
#2006=ORIENTED_EDGE('',*,*,#3859,.F.);
#2007=ORIENTED_EDGE('',*,*,#3864,.T.);
#2008=ORIENTED_EDGE('',*,*,#3865,.T.);
#2009=ORIENTED_EDGE('',*,*,#3840,.T.);
#2010=CARTESIAN_POINT('',(-4.825,-3.94,4.955));
#2011=DIRECTION('',(0.0,-1.0,0.0));
#2012=DIRECTION('',(0.0,0.0,-1.0));
#2013=ORIENTED_EDGE('',*,*,#3863,.F.);
#2014=ORIENTED_EDGE('',*,*,#3866,.F.);
#2015=ORIENTED_EDGE('',*,*,#3802,.T.);
#2016=ORIENTED_EDGE('',*,*,#3867,.T.);
#2017=ORIENTED_EDGE('',*,*,#3864,.F.);
#2018=CARTESIAN_POINT('',(1.475,-3.43,-3.655));
#2019=DIRECTION('',(1.0,0.0,0.0));
#2020=DIRECTION('',(0.0,1.0,0.0));
#2021=ORIENTED_EDGE('',*,*,#3801,.T.);
#2022=ORIENTED_EDGE('',*,*,#3841,.T.);
#2023=ORIENTED_EDGE('',*,*,#3865,.F.);
#2024=ORIENTED_EDGE('',*,*,#3867,.F.);
#2025=CARTESIAN_POINT('',(1.475,-3.43,3.545));
#2026=DIRECTION('',(0.0,0.0,1.0));
#2027=DIRECTION('',(1.0,0.0,0.0));
#2028=ORIENTED_EDGE('',*,*,#3862,.F.);
#2029=ORIENTED_EDGE('',*,*,#3868,.T.);
#2030=ORIENTED_EDGE('',*,*,#3869,.F.);
#2031=ORIENTED_EDGE('',*,*,#3870,.F.);
#2032=ORIENTED_EDGE('',*,*,#3803,.T.);
#2033=ORIENTED_EDGE('',*,*,#3866,.T.);
#2034=CARTESIAN_POINT('',(1.82,-1.82,-3.645));
#2035=DIRECTION('',(0.0,0.0,1.0));
#2036=DIRECTION('',(1.0,0.0,0.0));
#2037=ORIENTED_EDGE('',*,*,#3737,.F.);
#2038=ORIENTED_EDGE('',*,*,#3871,.T.);
#2039=ORIENTED_EDGE('',*,*,#3872,.T.);
#2040=ORIENTED_EDGE('',*,*,#3873,.T.);
#2041=CARTESIAN_POINT('',(1.82,0.0,0.0));
#2042=DIRECTION('',(1.0,0.0,0.0));
#2043=DIRECTION('',(0.0,1.0,0.0));
#2044=ORIENTED_EDGE('',*,*,#3874,.T.);
#2045=ORIENTED_EDGE('',*,*,#3875,.T.);
#2046=ORIENTED_EDGE('',*,*,#3876,.T.);
#2047=ORIENTED_EDGE('',*,*,#3877,.T.);
#2048=CARTESIAN_POINT('',(1.82,0.0,0.0));
#2049=DIRECTION('',(1.0,0.0,0.0));
#2050=DIRECTION('',(0.0,1.0,0.0));
#2051=ORIENTED_EDGE('',*,*,#3878,.T.);
#2052=ORIENTED_EDGE('',*,*,#3879,.T.);
#2053=ORIENTED_EDGE('',*,*,#3880,.T.);
#2054=ORIENTED_EDGE('',*,*,#3881,.T.);
#2055=CARTESIAN_POINT('',(1.82,0.0,0.0));
#2056=DIRECTION('',(1.0,0.0,0.0));
#2057=DIRECTION('',(0.0,1.0,0.0));
#2058=ORIENTED_EDGE('',*,*,#3882,.T.);
#2059=ORIENTED_EDGE('',*,*,#3883,.T.);
#2060=ORIENTED_EDGE('',*,*,#3884,.T.);
#2061=ORIENTED_EDGE('',*,*,#3739,.F.);
#2062=ORIENTED_EDGE('',*,*,#3885,.T.);
#2063=ORIENTED_EDGE('',*,*,#3886,.T.);
#2064=CARTESIAN_POINT('',(1.82,0.0,0.0));
#2065=DIRECTION('',(1.0,0.0,0.0));
#2066=DIRECTION('',(0.0,1.0,0.0));
#2067=ORIENTED_EDGE('',*,*,#3887,.T.);
#2068=ORIENTED_EDGE('',*,*,#3749,.T.);
#2069=ORIENTED_EDGE('',*,*,#3804,.T.);
#2070=ORIENTED_EDGE('',*,*,#3870,.T.);
#2071=CARTESIAN_POINT('',(1.82,0.0,0.0));
#2072=DIRECTION('',(1.0,0.0,0.0));
#2073=DIRECTION('',(0.0,1.0,0.0));
#2074=ORIENTED_EDGE('',*,*,#3873,.F.);
#2075=ORIENTED_EDGE('',*,*,#3888,.T.);
#2076=ORIENTED_EDGE('',*,*,#3889,.T.);
#2077=ORIENTED_EDGE('',*,*,#3890,.T.);
#2078=ORIENTED_EDGE('',*,*,#3891,.T.);
#2079=ORIENTED_EDGE('',*,*,#3892,.T.);
#2080=CARTESIAN_POINT('',(1.82,0.32,-4.955));
#2081=DIRECTION('',(-0.0,1.0,0.0));
#2082=DIRECTION('',(1.0,0.0,0.0));
#2083=ORIENTED_EDGE('',*,*,#3893,.F.);
#2084=ORIENTED_EDGE('',*,*,#3894,.T.);
#2085=ORIENTED_EDGE('',*,*,#3805,.T.);
#2086=ORIENTED_EDGE('',*,*,#3748,.T.);
#2087=CARTESIAN_POINT('',(1.82,3.43,-3.655));
#2088=DIRECTION('',(1.0,0.0,0.0));
#2089=DIRECTION('',(0.0,1.0,0.0));
#2090=ORIENTED_EDGE('',*,*,#3895,.F.);
#2091=ORIENTED_EDGE('',*,*,#3896,.F.);
#2092=ORIENTED_EDGE('',*,*,#3897,.F.);
#2093=ORIENTED_EDGE('',*,*,#3898,.F.);
#2094=ORIENTED_EDGE('',*,*,#3740,.F.);
#2095=ORIENTED_EDGE('',*,*,#3899,.F.);
#2096=CARTESIAN_POINT('',(1.82,3.43,-3.655));
#2097=DIRECTION('',(1.0,0.0,0.0));
#2098=DIRECTION('',(0.0,1.0,0.0));
#2099=ORIENTED_EDGE('',*,*,#3900,.F.);
#2100=ORIENTED_EDGE('',*,*,#3901,.T.);
#2101=ORIENTED_EDGE('',*,*,#3738,.F.);
#2102=ORIENTED_EDGE('',*,*,#3892,.F.);
#2103=CARTESIAN_POINT('',(1.82,3.43,-3.655));
#2104=DIRECTION('',(1.0,0.0,0.0));
#2105=DIRECTION('',(0.0,1.0,0.0));
#2106=ORIENTED_EDGE('',*,*,#3736,.F.);
#2107=ORIENTED_EDGE('',*,*,#3902,.F.);
#2108=ORIENTED_EDGE('',*,*,#3903,.F.);
#2109=ORIENTED_EDGE('',*,*,#3904,.T.);
#2110=CARTESIAN_POINT('',(1.82,3.43,-3.655));
#2111=DIRECTION('',(1.0,0.0,0.0));
#2112=DIRECTION('',(0.0,1.0,0.0));
#2113=ORIENTED_EDGE('',*,*,#3893,.T.);
#2114=ORIENTED_EDGE('',*,*,#3747,.T.);
#2115=ORIENTED_EDGE('',*,*,#3905,.F.);
#2116=ORIENTED_EDGE('',*,*,#3906,.F.);
#2117=CARTESIAN_POINT('',(-4.825,-2.78,-4.955));
#2118=DIRECTION('',(-0.0,1.0,0.0));
#2119=DIRECTION('',(1.0,0.0,0.0));
#2120=ORIENTED_EDGE('',*,*,#3907,.F.);
#2121=ORIENTED_EDGE('',*,*,#3908,.F.);
#2122=ORIENTED_EDGE('',*,*,#3697,.T.);
#2123=ORIENTED_EDGE('',*,*,#3713,.T.);
#2124=CARTESIAN_POINT('',(-4.825,-2.78,-4.955));
#2125=DIRECTION('',(-0.0,1.0,0.0));
#2126=DIRECTION('',(1.0,0.0,0.0));
#2127=ORIENTED_EDGE('',*,*,#3781,.T.);
#2128=ORIENTED_EDGE('',*,*,#3753,.T.);
#2129=ORIENTED_EDGE('',*,*,#3909,.F.);
#2130=ORIENTED_EDGE('',*,*,#3910,.F.);
#2131=CARTESIAN_POINT('',(-4.825,-2.78,-4.955));
#2132=DIRECTION('',(-0.0,1.0,0.0));
#2133=DIRECTION('',(1.0,0.0,0.0));
#2134=ORIENTED_EDGE('',*,*,#3894,.F.);
#2135=ORIENTED_EDGE('',*,*,#3906,.T.);
#2136=ORIENTED_EDGE('',*,*,#3911,.T.);
#2137=ORIENTED_EDGE('',*,*,#3583,.T.);
#2138=ORIENTED_EDGE('',*,*,#3581,.T.);
#2139=ORIENTED_EDGE('',*,*,#3806,.T.);
#2140=CARTESIAN_POINT('',(-4.825,-3.94,-4.955));
#2141=DIRECTION('',(0.0,0.0,-1.0));
#2142=DIRECTION('',(0.0,-1.0,0.0));
#2143=ORIENTED_EDGE('',*,*,#3897,.T.);
#2144=ORIENTED_EDGE('',*,*,#3912,.T.);
#2145=ORIENTED_EDGE('',*,*,#3913,.T.);
#2146=ORIENTED_EDGE('',*,*,#3914,.F.);
#2147=ORIENTED_EDGE('',*,*,#3915,.T.);
#2148=ORIENTED_EDGE('',*,*,#3916,.T.);
#2149=CARTESIAN_POINT('',(-4.825,-3.94,-4.955));
#2150=DIRECTION('',(0.0,0.0,-1.0));
#2151=DIRECTION('',(0.0,-1.0,0.0));
#2152=ORIENTED_EDGE('',*,*,#3917,.T.);
#2153=ORIENTED_EDGE('',*,*,#3813,.T.);
#2154=ORIENTED_EDGE('',*,*,#3918,.F.);
#2155=ORIENTED_EDGE('',*,*,#3589,.T.);
#2156=ORIENTED_EDGE('',*,*,#3698,.F.);
#2157=ORIENTED_EDGE('',*,*,#3908,.T.);
#2158=CARTESIAN_POINT('',(-4.825,-3.94,-4.955));
#2159=DIRECTION('',(0.0,0.0,-1.0));
#2160=DIRECTION('',(0.0,-1.0,0.0));
#2161=ORIENTED_EDGE('',*,*,#3782,.F.);
#2162=ORIENTED_EDGE('',*,*,#3910,.T.);
#2163=ORIENTED_EDGE('',*,*,#3919,.T.);
#2164=ORIENTED_EDGE('',*,*,#3796,.T.);
#2165=CARTESIAN_POINT('',(-4.825,-3.94,-4.955));
#2166=DIRECTION('',(0.0,0.0,-1.0));
#2167=DIRECTION('',(0.0,-1.0,0.0));
#2168=ORIENTED_EDGE('',*,*,#3920,.F.);
#2169=ORIENTED_EDGE('',*,*,#3921,.T.);
#2170=ORIENTED_EDGE('',*,*,#3703,.F.);
#2171=ORIENTED_EDGE('',*,*,#3922,.F.);
#2172=ORIENTED_EDGE('',*,*,#3923,.F.);
#2173=ORIENTED_EDGE('',*,*,#3924,.T.);
#2174=CARTESIAN_POINT('',(-4.825,-3.94,-4.955));
#2175=DIRECTION('',(0.0,0.0,-1.0));
#2176=DIRECTION('',(0.0,-1.0,0.0));
#2177=ORIENTED_EDGE('',*,*,#3789,.T.);
#2178=ORIENTED_EDGE('',*,*,#3925,.T.);
#2179=ORIENTED_EDGE('',*,*,#3926,.F.);
#2180=ORIENTED_EDGE('',*,*,#3927,.T.);
#2181=CARTESIAN_POINT('',(-4.825,-3.94,-4.955));
#2182=DIRECTION('',(0.0,0.0,-1.0));
#2183=DIRECTION('',(0.0,-1.0,0.0));
#2184=ORIENTED_EDGE('',*,*,#3746,.T.);
#2185=ORIENTED_EDGE('',*,*,#3928,.F.);
#2186=ORIENTED_EDGE('',*,*,#3929,.F.);
#2187=ORIENTED_EDGE('',*,*,#3930,.F.);
#2188=ORIENTED_EDGE('',*,*,#3742,.T.);
#2189=ORIENTED_EDGE('',*,*,#3931,.F.);
#2190=ORIENTED_EDGE('',*,*,#3915,.F.);
#2191=ORIENTED_EDGE('',*,*,#3932,.F.);
#2192=ORIENTED_EDGE('',*,*,#3593,.T.);
#2193=ORIENTED_EDGE('',*,*,#3605,.T.);
#2194=ORIENTED_EDGE('',*,*,#3933,.F.);
#2195=ORIENTED_EDGE('',*,*,#3636,.F.);
#2196=ORIENTED_EDGE('',*,*,#3642,.F.);
#2197=ORIENTED_EDGE('',*,*,#3651,.F.);
#2198=ORIENTED_EDGE('',*,*,#3934,.F.);
#2199=ORIENTED_EDGE('',*,*,#3624,.F.);
#2200=ORIENTED_EDGE('',*,*,#3599,.T.);
#2201=ORIENTED_EDGE('',*,*,#3584,.T.);
#2202=ORIENTED_EDGE('',*,*,#3911,.F.);
#2203=ORIENTED_EDGE('',*,*,#3905,.T.);
#2204=CARTESIAN_POINT('',(5.075,3.43,1.785));
#2205=DIRECTION('',(1.0,0.0,0.0));
#2206=DIRECTION('',(0.0,1.0,0.0));
#2207=ORIENTED_EDGE('',*,*,#3625,.F.);
#2208=ORIENTED_EDGE('',*,*,#3934,.T.);
#2209=ORIENTED_EDGE('',*,*,#3650,.T.);
#2210=ORIENTED_EDGE('',*,*,#3632,.F.);
#2211=CARTESIAN_POINT('',(5.325,-1.1,-0.195));
#2212=DIRECTION('',(0.0,0.0,-1.0));
#2213=DIRECTION('',(0.0,-1.0,0.0));
#2214=ORIENTED_EDGE('',*,*,#3637,.F.);
#2215=ORIENTED_EDGE('',*,*,#3933,.T.);
#2216=ORIENTED_EDGE('',*,*,#3604,.T.);
#2217=ORIENTED_EDGE('',*,*,#3628,.F.);
#2218=CARTESIAN_POINT('',(5.325,0.575,-0.195));
#2219=DIRECTION('',(0.0,0.0,-1.0));
#2220=DIRECTION('',(0.0,-1.0,0.0));
#2221=ORIENTED_EDGE('',*,*,#3935,.F.);
#2222=ORIENTED_EDGE('',*,*,#3922,.T.);
#2223=ORIENTED_EDGE('',*,*,#3702,.T.);
#2224=ORIENTED_EDGE('',*,*,#3567,.T.);
#2225=ORIENTED_EDGE('',*,*,#3556,.T.);
#2226=ORIENTED_EDGE('',*,*,#3936,.F.);
#2227=ORIENTED_EDGE('',*,*,#3937,.T.);
#2228=ORIENTED_EDGE('',*,*,#3938,.F.);
#2229=ORIENTED_EDGE('',*,*,#3606,.F.);
#2230=ORIENTED_EDGE('',*,*,#3594,.T.);
#2231=ORIENTED_EDGE('',*,*,#3932,.T.);
#2232=ORIENTED_EDGE('',*,*,#3914,.T.);
#2233=ORIENTED_EDGE('',*,*,#3939,.T.);
#2234=ORIENTED_EDGE('',*,*,#3940,.F.);
#2235=ORIENTED_EDGE('',*,*,#3941,.T.);
#2236=ORIENTED_EDGE('',*,*,#3942,.T.);
#2237=ORIENTED_EDGE('',*,*,#3943,.F.);
#2238=ORIENTED_EDGE('',*,*,#3944,.F.);
#2239=CARTESIAN_POINT('',(-4.825,3.43,-4.955));
#2240=DIRECTION('',(-0.0,1.0,0.0));
#2241=DIRECTION('',(1.0,0.0,0.0));
#2242=ORIENTED_EDGE('',*,*,#3941,.F.);
#2243=ORIENTED_EDGE('',*,*,#3945,.F.);
#2244=ORIENTED_EDGE('',*,*,#3946,.F.);
#2245=ORIENTED_EDGE('',*,*,#3947,.F.);
#2246=ORIENTED_EDGE('',*,*,#3948,.F.);
#2247=CARTESIAN_POINT('',(-0.7,0.0,0.0));
#2248=DIRECTION('',(1.0,0.0,0.0));
#2249=DIRECTION('',(0.0,1.0,0.0));
#2250=ORIENTED_EDGE('',*,*,#3942,.F.);
#2251=ORIENTED_EDGE('',*,*,#3948,.T.);
#2252=ORIENTED_EDGE('',*,*,#3949,.T.);
#2253=ORIENTED_EDGE('',*,*,#3950,.F.);
#2254=CARTESIAN_POINT('',(-0.7,4.18,1.255));
#2255=DIRECTION('',(-1.0,0.0,-0.0));
#2256=DIRECTION('',(0.0,0.0,-1.0));
#2257=ORIENTED_EDGE('',*,*,#3943,.T.);
#2258=ORIENTED_EDGE('',*,*,#3950,.T.);
#2259=ORIENTED_EDGE('',*,*,#3951,.T.);
#2260=ORIENTED_EDGE('',*,*,#3952,.T.);
#2261=ORIENTED_EDGE('',*,*,#3953,.T.);
#2262=CARTESIAN_POINT('',(0.7,0.0,0.0));
#2263=DIRECTION('',(1.0,0.0,0.0));
#2264=DIRECTION('',(0.0,1.0,0.0));
#2265=ORIENTED_EDGE('',*,*,#3944,.T.);
#2266=ORIENTED_EDGE('',*,*,#3953,.F.);
#2267=ORIENTED_EDGE('',*,*,#3954,.F.);
#2268=ORIENTED_EDGE('',*,*,#3945,.T.);
#2269=CARTESIAN_POINT('',(-0.7,4.83,2.755));
#2270=DIRECTION('',(0.0,0.764433319597122,0.644702799660219));
#2271=DIRECTION('',(1.0,0.0,-0.0));
#2272=ORIENTED_EDGE('',*,*,#3946,.T.);
#2273=ORIENTED_EDGE('',*,*,#3954,.T.);
#2274=ORIENTED_EDGE('',*,*,#3952,.F.);
#2275=ORIENTED_EDGE('',*,*,#3955,.F.);
#2276=CARTESIAN_POINT('',(-0.7,4.83,2.005));
#2277=DIRECTION('',(-0.0,1.0,0.0));
#2278=DIRECTION('',(1.0,0.0,0.0));
#2279=ORIENTED_EDGE('',*,*,#3947,.T.);
#2280=ORIENTED_EDGE('',*,*,#3955,.T.);
#2281=ORIENTED_EDGE('',*,*,#3951,.F.);
#2282=ORIENTED_EDGE('',*,*,#3949,.F.);
#2283=CARTESIAN_POINT('',(-0.7,4.18,2.005));
#2284=DIRECTION('',(0.0,0.0,-1.0));
#2285=DIRECTION('',(0.0,-1.0,0.0));
#2286=ORIENTED_EDGE('',*,*,#3923,.T.);
#2287=ORIENTED_EDGE('',*,*,#3935,.T.);
#2288=ORIENTED_EDGE('',*,*,#3956,.T.);
#2289=ORIENTED_EDGE('',*,*,#3957,.F.);
#2290=CARTESIAN_POINT('',(-3.325,3.43,-4.955));
#2291=DIRECTION('',(-1.0,0.0,0.0));
#2292=DIRECTION('',(0.0,0.0,1.0));
#2293=ORIENTED_EDGE('',*,*,#3958,.F.);
#2294=ORIENTED_EDGE('',*,*,#3924,.F.);
#2295=ORIENTED_EDGE('',*,*,#3957,.T.);
#2296=ORIENTED_EDGE('',*,*,#3959,.T.);
#2297=ORIENTED_EDGE('',*,*,#3960,.T.);
#2298=ORIENTED_EDGE('',*,*,#3912,.F.);
#2299=ORIENTED_EDGE('',*,*,#3896,.T.);
#2300=ORIENTED_EDGE('',*,*,#3961,.F.);
#2301=ORIENTED_EDGE('',*,*,#3962,.F.);
#2302=ORIENTED_EDGE('',*,*,#3925,.F.);
#2303=ORIENTED_EDGE('',*,*,#3788,.T.);
#2304=ORIENTED_EDGE('',*,*,#3963,.F.);
#2305=CARTESIAN_POINT('',(-4.825,3.175,-4.955));
#2306=DIRECTION('',(-0.0,1.0,0.0));
#2307=DIRECTION('',(1.0,0.0,0.0));
#2308=ORIENTED_EDGE('',*,*,#3712,.F.);
#2309=ORIENTED_EDGE('',*,*,#3814,.F.);
#2310=ORIENTED_EDGE('',*,*,#3917,.F.);
#2311=ORIENTED_EDGE('',*,*,#3907,.T.);
#2312=CARTESIAN_POINT('',(-1.82,3.43,-4.955));
#2313=DIRECTION('',(-1.0,0.0,0.0));
#2314=DIRECTION('',(0.0,0.0,1.0));
#2315=ORIENTED_EDGE('',*,*,#3722,.T.);
#2316=ORIENTED_EDGE('',*,*,#3964,.T.);
#2317=ORIENTED_EDGE('',*,*,#3965,.T.);
#2318=ORIENTED_EDGE('',*,*,#3966,.T.);
#2319=CARTESIAN_POINT('',(-1.82,3.43,-4.955));
#2320=DIRECTION('',(-1.0,0.0,0.0));
#2321=DIRECTION('',(0.0,0.0,1.0));
#2322=ORIENTED_EDGE('',*,*,#3967,.T.);
#2323=ORIENTED_EDGE('',*,*,#3968,.F.);
#2324=ORIENTED_EDGE('',*,*,#3718,.T.);
#2325=ORIENTED_EDGE('',*,*,#3969,.T.);
#2326=ORIENTED_EDGE('',*,*,#3920,.T.);
#2327=ORIENTED_EDGE('',*,*,#3958,.T.);
#2328=CARTESIAN_POINT('',(-1.82,3.43,-4.955));
#2329=DIRECTION('',(-1.0,0.0,0.0));
#2330=DIRECTION('',(0.0,0.0,1.0));
#2331=ORIENTED_EDGE('',*,*,#3970,.T.);
#2332=ORIENTED_EDGE('',*,*,#3778,.F.);
#2333=ORIENTED_EDGE('',*,*,#3720,.T.);
#2334=ORIENTED_EDGE('',*,*,#3971,.T.);
#2335=CARTESIAN_POINT('',(-1.82,3.43,-4.955));
#2336=DIRECTION('',(-1.0,0.0,0.0));
#2337=DIRECTION('',(0.0,0.0,1.0));
#2338=ORIENTED_EDGE('',*,*,#3966,.F.);
#2339=ORIENTED_EDGE('',*,*,#3972,.T.);
#2340=ORIENTED_EDGE('',*,*,#3784,.T.);
#2341=ORIENTED_EDGE('',*,*,#3723,.T.);
#2342=CARTESIAN_POINT('',(-1.18,-1.18,-4.285));
#2343=DIRECTION('',(-0.0,1.0,0.0));
#2344=DIRECTION('',(1.0,0.0,0.0));
#2345=ORIENTED_EDGE('',*,*,#3973,.F.);
#2346=ORIENTED_EDGE('',*,*,#3765,.F.);
#2347=ORIENTED_EDGE('',*,*,#3974,.F.);
#2348=ORIENTED_EDGE('',*,*,#3975,.T.);
#2349=CARTESIAN_POINT('',(-1.18,-1.18,-4.285));
#2350=DIRECTION('',(-0.0,1.0,0.0));
#2351=DIRECTION('',(1.0,0.0,0.0));
#2352=ORIENTED_EDGE('',*,*,#3967,.F.);
#2353=ORIENTED_EDGE('',*,*,#3963,.T.);
#2354=ORIENTED_EDGE('',*,*,#3787,.T.);
#2355=ORIENTED_EDGE('',*,*,#3976,.F.);
#2356=CARTESIAN_POINT('',(-1.82,3.43,-3.655));
#2357=DIRECTION('',(0.0,0.0,1.0));
#2358=DIRECTION('',(1.0,0.0,0.0));
#2359=ORIENTED_EDGE('',*,*,#3970,.F.);
#2360=ORIENTED_EDGE('',*,*,#3977,.T.);
#2361=ORIENTED_EDGE('',*,*,#3792,.T.);
#2362=ORIENTED_EDGE('',*,*,#3779,.F.);
#2363=CARTESIAN_POINT('',(-1.82,3.43,-3.655));
#2364=DIRECTION('',(0.0,0.0,1.0));
#2365=DIRECTION('',(1.0,0.0,0.0));
#2366=ORIENTED_EDGE('',*,*,#3978,.T.);
#2367=ORIENTED_EDGE('',*,*,#3785,.T.);
#2368=ORIENTED_EDGE('',*,*,#3972,.F.);
#2369=ORIENTED_EDGE('',*,*,#3965,.F.);
#2370=CARTESIAN_POINT('',(-1.82,3.43,-3.655));
#2371=DIRECTION('',(0.0,0.0,1.0));
#2372=DIRECTION('',(1.0,0.0,0.0));
#2373=ORIENTED_EDGE('',*,*,#3968,.T.);
#2374=ORIENTED_EDGE('',*,*,#3976,.T.);
#2375=ORIENTED_EDGE('',*,*,#3791,.T.);
#2376=ORIENTED_EDGE('',*,*,#3768,.F.);
#2377=ORIENTED_EDGE('',*,*,#3979,.T.);
#2378=ORIENTED_EDGE('',*,*,#3980,.T.);
#2379=CARTESIAN_POINT('',(-1.18,1.589,-7.285));
#2380=DIRECTION('',(-0.0,1.0,0.0));
#2381=DIRECTION('',(1.0,0.0,0.0));
#2382=ORIENTED_EDGE('',*,*,#3721,.T.);
#2383=ORIENTED_EDGE('',*,*,#3777,.F.);
#2384=ORIENTED_EDGE('',*,*,#3981,.F.);
#2385=ORIENTED_EDGE('',*,*,#3982,.F.);
#2386=CARTESIAN_POINT('',(-1.82,0.0,0.0));
#2387=DIRECTION('',(1.0,0.0,0.0));
#2388=DIRECTION('',(0.0,1.0,0.0));
#2389=ORIENTED_EDGE('',*,*,#3983,.T.);
#2390=ORIENTED_EDGE('',*,*,#3984,.F.);
#2391=ORIENTED_EDGE('',*,*,#3985,.F.);
#2392=ORIENTED_EDGE('',*,*,#3986,.F.);
#2393=CARTESIAN_POINT('',(-1.82,0.0,0.0));
#2394=DIRECTION('',(1.0,0.0,0.0));
#2395=DIRECTION('',(0.0,1.0,0.0));
#2396=ORIENTED_EDGE('',*,*,#3987,.T.);
#2397=ORIENTED_EDGE('',*,*,#3975,.F.);
#2398=ORIENTED_EDGE('',*,*,#3988,.F.);
#2399=ORIENTED_EDGE('',*,*,#3989,.F.);
#2400=CARTESIAN_POINT('',(-1.82,0.0,0.0));
#2401=DIRECTION('',(1.0,0.0,0.0));
#2402=DIRECTION('',(0.0,1.0,0.0));
#2403=ORIENTED_EDGE('',*,*,#3990,.T.);
#2404=ORIENTED_EDGE('',*,*,#3991,.F.);
#2405=ORIENTED_EDGE('',*,*,#3992,.F.);
#2406=ORIENTED_EDGE('',*,*,#3719,.T.);
#2407=ORIENTED_EDGE('',*,*,#3980,.F.);
#2408=ORIENTED_EDGE('',*,*,#3993,.F.);
#2409=CARTESIAN_POINT('',(-1.82,0.0,0.0));
#2410=DIRECTION('',(1.0,0.0,0.0));
#2411=DIRECTION('',(0.0,1.0,0.0));
#2412=ORIENTED_EDGE('',*,*,#3994,.T.);
#2413=ORIENTED_EDGE('',*,*,#3995,.F.);
#2414=ORIENTED_EDGE('',*,*,#3815,.F.);
#2415=ORIENTED_EDGE('',*,*,#3711,.F.);
#2416=CARTESIAN_POINT('',(-1.82,0.0,0.0));
#2417=DIRECTION('',(1.0,0.0,0.0));
#2418=DIRECTION('',(0.0,1.0,0.0));
#2419=ORIENTED_EDGE('',*,*,#3755,.F.);
#2420=ORIENTED_EDGE('',*,*,#3786,.F.);
#2421=ORIENTED_EDGE('',*,*,#3978,.F.);
#2422=ORIENTED_EDGE('',*,*,#3964,.F.);
#2423=ORIENTED_EDGE('',*,*,#3982,.T.);
#2424=ORIENTED_EDGE('',*,*,#3996,.F.);
#2425=CARTESIAN_POINT('',(-1.18,-0.32,-3.655));
#2426=DIRECTION('',(0.0,-1.0,0.0));
#2427=DIRECTION('',(0.0,0.0,-1.0));
#2428=ORIENTED_EDGE('',*,*,#3756,.F.);
#2429=ORIENTED_EDGE('',*,*,#3996,.T.);
#2430=ORIENTED_EDGE('',*,*,#3981,.T.);
#2431=ORIENTED_EDGE('',*,*,#3776,.F.);
#2432=CARTESIAN_POINT('',(-1.18,-0.32,-4.955));
#2433=DIRECTION('',(0.0,0.0,-1.0));
#2434=DIRECTION('',(0.0,-1.0,0.0));
#2435=ORIENTED_EDGE('',*,*,#3983,.F.);
#2436=ORIENTED_EDGE('',*,*,#3997,.F.);
#2437=ORIENTED_EDGE('',*,*,#3998,.T.);
#2438=ORIENTED_EDGE('',*,*,#3999,.F.);
#2439=CARTESIAN_POINT('',(-1.73,1.5,2.055));
#2440=DIRECTION('',(-0.984183323973689,0.0,0.177152998315298));
#2441=DIRECTION('',(0.0,1.0,0.0));
#2442=ORIENTED_EDGE('',*,*,#4000,.T.);
#2443=ORIENTED_EDGE('',*,*,#4001,.T.);
#2444=ORIENTED_EDGE('',*,*,#3999,.T.);
#2445=ORIENTED_EDGE('',*,*,#4002,.F.);
#2446=CARTESIAN_POINT('',(-1.5,1.73,2.055));
#2447=DIRECTION('',(0.0,0.984183323973689,0.177152998315298));
#2448=DIRECTION('',(1.0,0.0,-0.0));
#2449=ORIENTED_EDGE('',*,*,#4003,.T.);
#2450=ORIENTED_EDGE('',*,*,#4004,.F.);
#2451=ORIENTED_EDGE('',*,*,#3758,.F.);
#2452=ORIENTED_EDGE('',*,*,#4000,.F.);
#2453=CARTESIAN_POINT('',(-1.27,1.5,2.055));
#2454=DIRECTION('',(0.984183323973689,0.0,0.177152998315298));
#2455=DIRECTION('',(0.0,-1.0,0.0));
#2456=ORIENTED_EDGE('',*,*,#4005,.F.);
#2457=ORIENTED_EDGE('',*,*,#4003,.F.);
#2458=ORIENTED_EDGE('',*,*,#4002,.T.);
#2459=ORIENTED_EDGE('',*,*,#3998,.F.);
#2460=CARTESIAN_POINT('',(-1.18,1.82,2.555));
#2461=DIRECTION('',(0.0,0.0,1.0));
#2462=DIRECTION('',(1.0,0.0,0.0));
#2463=ORIENTED_EDGE('',*,*,#4005,.T.);
#2464=ORIENTED_EDGE('',*,*,#3997,.T.);
#2465=ORIENTED_EDGE('',*,*,#4006,.F.);
#2466=ORIENTED_EDGE('',*,*,#4004,.T.);
#2467=CARTESIAN_POINT('',(-1.5,1.27,2.055));
#2468=DIRECTION('',(0.0,-0.984183323973689,0.177152998315298));
#2469=DIRECTION('',(-1.0,0.0,0.0));
#2470=ORIENTED_EDGE('',*,*,#4006,.T.);
#2471=ORIENTED_EDGE('',*,*,#3986,.T.);
#2472=ORIENTED_EDGE('',*,*,#4007,.T.);
#2473=ORIENTED_EDGE('',*,*,#3759,.F.);
#2474=CARTESIAN_POINT('',(-1.18,1.18,2.555));
#2475=DIRECTION('',(0.0,-1.0,0.0));
#2476=DIRECTION('',(0.0,0.0,-1.0));
#2477=ORIENTED_EDGE('',*,*,#4008,.T.);
#2478=ORIENTED_EDGE('',*,*,#4009,.T.);
#2479=ORIENTED_EDGE('',*,*,#4010,.T.);
#2480=ORIENTED_EDGE('',*,*,#4011,.T.);
#2481=ORIENTED_EDGE('',*,*,#4012,.T.);
#2482=ORIENTED_EDGE('',*,*,#3876,.F.);
#2483=ORIENTED_EDGE('',*,*,#4013,.F.);
#2484=ORIENTED_EDGE('',*,*,#4014,.T.);
#2485=ORIENTED_EDGE('',*,*,#4015,.T.);
#2486=CARTESIAN_POINT('',(-4.825,3.43,-1.645));
#2487=DIRECTION('',(0.0,0.0,1.0));
#2488=DIRECTION('',(1.0,0.0,0.0));
#2489=ORIENTED_EDGE('',*,*,#4016,.T.);
#2490=ORIENTED_EDGE('',*,*,#4017,.T.);
#2491=ORIENTED_EDGE('',*,*,#4018,.T.);
#2492=ORIENTED_EDGE('',*,*,#4019,.T.);
#2493=ORIENTED_EDGE('',*,*,#4020,.T.);
#2494=ORIENTED_EDGE('',*,*,#3880,.F.);
#2495=ORIENTED_EDGE('',*,*,#4021,.F.);
#2496=ORIENTED_EDGE('',*,*,#4022,.T.);
#2497=ORIENTED_EDGE('',*,*,#4023,.T.);
#2498=CARTESIAN_POINT('',(-4.825,3.43,-1.645));
#2499=DIRECTION('',(0.0,0.0,1.0));
#2500=DIRECTION('',(1.0,0.0,0.0));
#2501=ORIENTED_EDGE('',*,*,#4024,.T.);
#2502=ORIENTED_EDGE('',*,*,#4025,.T.);
#2503=ORIENTED_EDGE('',*,*,#4026,.T.);
#2504=ORIENTED_EDGE('',*,*,#4027,.T.);
#2505=ORIENTED_EDGE('',*,*,#4028,.T.);
#2506=ORIENTED_EDGE('',*,*,#3764,.F.);
#2507=ORIENTED_EDGE('',*,*,#4029,.F.);
#2508=ORIENTED_EDGE('',*,*,#3988,.T.);
#2509=ORIENTED_EDGE('',*,*,#3974,.T.);
#2510=CARTESIAN_POINT('',(-4.825,3.43,-1.645));
#2511=DIRECTION('',(0.0,0.0,1.0));
#2512=DIRECTION('',(1.0,0.0,0.0));
#2513=ORIENTED_EDGE('',*,*,#4030,.T.);
#2514=ORIENTED_EDGE('',*,*,#4031,.T.);
#2515=ORIENTED_EDGE('',*,*,#4032,.T.);
#2516=ORIENTED_EDGE('',*,*,#4033,.T.);
#2517=ORIENTED_EDGE('',*,*,#4034,.T.);
#2518=ORIENTED_EDGE('',*,*,#3760,.F.);
#2519=ORIENTED_EDGE('',*,*,#4007,.F.);
#2520=ORIENTED_EDGE('',*,*,#3985,.T.);
#2521=ORIENTED_EDGE('',*,*,#4035,.T.);
#2522=CARTESIAN_POINT('',(-4.825,3.43,-1.645));
#2523=DIRECTION('',(0.0,0.0,1.0));
#2524=DIRECTION('',(1.0,0.0,0.0));
#2525=ORIENTED_EDGE('',*,*,#4036,.T.);
#2526=ORIENTED_EDGE('',*,*,#4037,.T.);
#2527=ORIENTED_EDGE('',*,*,#4008,.F.);
#2528=ORIENTED_EDGE('',*,*,#4038,.F.);
#2529=CARTESIAN_POINT('',(0.23,2.77,4.955));
#2530=DIRECTION('',(-1.0,0.0,0.0));
#2531=DIRECTION('',(0.0,0.0,1.0));
#2532=ORIENTED_EDGE('',*,*,#3630,.T.);
#2533=ORIENTED_EDGE('',*,*,#4039,.F.);
#2534=ORIENTED_EDGE('',*,*,#3937,.F.);
#2535=ORIENTED_EDGE('',*,*,#4040,.T.);
#2536=ORIENTED_EDGE('',*,*,#3688,.F.);
#2537=ORIENTED_EDGE('',*,*,#4041,.T.);
#2538=ORIENTED_EDGE('',*,*,#3809,.T.);
#2539=ORIENTED_EDGE('',*,*,#4042,.F.);
#2540=ORIENTED_EDGE('',*,*,#4043,.F.);
#2541=ORIENTED_EDGE('',*,*,#4044,.F.);
#2542=ORIENTED_EDGE('',*,*,#4036,.F.);
#2543=ORIENTED_EDGE('',*,*,#4045,.F.);
#2544=ORIENTED_EDGE('',*,*,#4046,.F.);
#2545=ORIENTED_EDGE('',*,*,#4047,.F.);
#2546=ORIENTED_EDGE('',*,*,#4048,.F.);
#2547=ORIENTED_EDGE('',*,*,#4049,.F.);
#2548=ORIENTED_EDGE('',*,*,#4050,.F.);
#2549=ORIENTED_EDGE('',*,*,#4051,.F.);
#2550=ORIENTED_EDGE('',*,*,#4052,.F.);
#2551=ORIENTED_EDGE('',*,*,#4053,.F.);
#2552=ORIENTED_EDGE('',*,*,#4054,.F.);
#2553=ORIENTED_EDGE('',*,*,#4055,.F.);
#2554=ORIENTED_EDGE('',*,*,#4056,.F.);
#2555=ORIENTED_EDGE('',*,*,#4057,.F.);
#2556=ORIENTED_EDGE('',*,*,#4058,.F.);
#2557=ORIENTED_EDGE('',*,*,#4059,.F.);
#2558=ORIENTED_EDGE('',*,*,#4060,.F.);
#2559=ORIENTED_EDGE('',*,*,#4061,.F.);
#2560=CARTESIAN_POINT('',(-4.825,3.43,4.955));
#2561=DIRECTION('',(0.0,0.0,1.0));
#2562=DIRECTION('',(1.0,0.0,0.0));
#2563=ORIENTED_EDGE('',*,*,#4062,.F.);
#2564=ORIENTED_EDGE('',*,*,#3607,.F.);
#2565=ORIENTED_EDGE('',*,*,#3938,.T.);
#2566=ORIENTED_EDGE('',*,*,#4039,.T.);
#2567=CARTESIAN_POINT('',(4.825,3.43,3.305));
#2568=DIRECTION('',(-0.766044443119007,0.0,-0.642787609686505));
#2569=DIRECTION('',(-0.642787609686505,0.0,0.766044443119007));
#2570=ORIENTED_EDGE('',*,*,#4063,.T.);
#2571=ORIENTED_EDGE('',*,*,#4042,.T.);
#2572=ORIENTED_EDGE('',*,*,#3808,.F.);
#2573=ORIENTED_EDGE('',*,*,#4064,.F.);
#2574=ORIENTED_EDGE('',*,*,#3612,.F.);
#2575=CARTESIAN_POINT('',(4.825,3.43,3.305));
#2576=DIRECTION('',(-0.766044443119007,0.0,-0.642787609686505));
#2577=DIRECTION('',(-0.642787609686505,0.0,0.766044443119007));
#2578=ORIENTED_EDGE('',*,*,#4062,.T.);
#2579=ORIENTED_EDGE('',*,*,#3629,.F.);
#2580=ORIENTED_EDGE('',*,*,#3622,.F.);
#2581=CARTESIAN_POINT('',(0.0,2.68,0.0));
#2582=DIRECTION('',(-0.0,1.0,0.0));
#2583=DIRECTION('',(1.0,0.0,0.0));
#2584=ORIENTED_EDGE('',*,*,#4065,.T.);
#2585=ORIENTED_EDGE('',*,*,#4066,.F.);
#2586=ORIENTED_EDGE('',*,*,#3689,.F.);
#2587=CARTESIAN_POINT('',(0.0,2.68,0.0));
#2588=DIRECTION('',(-0.0,1.0,0.0));
#2589=DIRECTION('',(1.0,0.0,0.0));
#2590=ORIENTED_EDGE('',*,*,#4065,.F.);
#2591=ORIENTED_EDGE('',*,*,#4040,.F.);
#2592=ORIENTED_EDGE('',*,*,#3936,.T.);
#2593=ORIENTED_EDGE('',*,*,#3555,.T.);
#2594=CARTESIAN_POINT('',(-3.440485608557,3.43,4.955));
#2595=DIRECTION('',(0.766044443119007,0.0,-0.642787609686505));
#2596=DIRECTION('',(0.0,-1.0,0.0));
#2597=ORIENTED_EDGE('',*,*,#4067,.T.);
#2598=ORIENTED_EDGE('',*,*,#3551,.T.);
#2599=ORIENTED_EDGE('',*,*,#4068,.F.);
#2600=ORIENTED_EDGE('',*,*,#3810,.F.);
#2601=ORIENTED_EDGE('',*,*,#4041,.F.);
#2602=CARTESIAN_POINT('',(-3.440485608557,3.43,4.955));
#2603=DIRECTION('',(0.766044443119007,0.0,-0.642787609686505));
#2604=DIRECTION('',(0.0,-1.0,0.0));
#2605=ORIENTED_EDGE('',*,*,#4063,.F.);
#2606=ORIENTED_EDGE('',*,*,#3621,.T.);
#2607=ORIENTED_EDGE('',*,*,#3631,.T.);
#2608=CARTESIAN_POINT('',(0.0,-2.41,0.0));
#2609=DIRECTION('',(-0.0,1.0,0.0));
#2610=DIRECTION('',(1.0,0.0,0.0));
#2611=ORIENTED_EDGE('',*,*,#4067,.F.);
#2612=ORIENTED_EDGE('',*,*,#3687,.T.);
#2613=ORIENTED_EDGE('',*,*,#4069,.T.);
#2614=CARTESIAN_POINT('',(0.0,-2.41,0.0));
#2615=DIRECTION('',(-0.0,1.0,0.0));
#2616=DIRECTION('',(1.0,0.0,0.0));
#2617=ORIENTED_EDGE('',*,*,#3558,.T.);
#2618=ORIENTED_EDGE('',*,*,#3552,.F.);
#2619=ORIENTED_EDGE('',*,*,#4069,.F.);
#2620=ORIENTED_EDGE('',*,*,#3686,.F.);
#2621=CARTESIAN_POINT('',(-3.440485608557,2.68,3.305));
#2622=DIRECTION('',(0.0,0.0,-1.0));
#2623=DIRECTION('',(0.0,-1.0,0.0));
#2624=ORIENTED_EDGE('',*,*,#4070,.F.);
#2625=ORIENTED_EDGE('',*,*,#3690,.F.);
#2626=ORIENTED_EDGE('',*,*,#4066,.T.);
#2627=ORIENTED_EDGE('',*,*,#3554,.F.);
#2628=CARTESIAN_POINT('',(-3.440485608557,2.68,3.305));
#2629=DIRECTION('',(0.0,0.0,-1.0));
#2630=DIRECTION('',(0.0,-1.0,0.0));
#2631=ORIENTED_EDGE('',*,*,#3553,.T.);
#2632=ORIENTED_EDGE('',*,*,#3566,.F.);
#2633=ORIENTED_EDGE('',*,*,#3701,.T.);
#2634=ORIENTED_EDGE('',*,*,#4071,.T.);
#2635=ORIENTED_EDGE('',*,*,#3691,.T.);
#2636=ORIENTED_EDGE('',*,*,#4070,.T.);
#2637=CARTESIAN_POINT('',(-5.325,1.1,-0.195));
#2638=DIRECTION('',(0.0,-1.0,0.0));
#2639=DIRECTION('',(0.0,0.0,-1.0));
#2640=ORIENTED_EDGE('',*,*,#3694,.T.);
#2641=ORIENTED_EDGE('',*,*,#3692,.T.);
#2642=ORIENTED_EDGE('',*,*,#4071,.F.);
#2643=ORIENTED_EDGE('',*,*,#3700,.F.);
#2644=CARTESIAN_POINT('',(-5.325,0.575,-0.195));
#2645=DIRECTION('',(0.0,0.0,1.0));
#2646=DIRECTION('',(1.0,0.0,0.0));
#2647=ORIENTED_EDGE('',*,*,#3577,.F.);
#2648=ORIENTED_EDGE('',*,*,#3811,.F.);
#2649=ORIENTED_EDGE('',*,*,#4068,.T.);
#2650=ORIENTED_EDGE('',*,*,#3550,.T.);
#2651=ORIENTED_EDGE('',*,*,#3570,.T.);
#2652=CARTESIAN_POINT('',(-3.805,-3.43,4.955));
#2653=DIRECTION('',(0.349109023172922,0.937082114832659,0.0));
#2654=DIRECTION('',(0.0,0.0,-1.0));
#2655=ORIENTED_EDGE('',*,*,#3575,.F.);
#2656=ORIENTED_EDGE('',*,*,#3591,.F.);
#2657=ORIENTED_EDGE('',*,*,#3613,.F.);
#2658=ORIENTED_EDGE('',*,*,#4064,.T.);
#2659=ORIENTED_EDGE('',*,*,#3807,.T.);
#2660=CARTESIAN_POINT('',(4.825,-3.05,4.955));
#2661=DIRECTION('',(-0.349109023172922,0.937082114832659,0.0));
#2662=DIRECTION('',(0.0,0.0,1.0));
#2663=ORIENTED_EDGE('',*,*,#4043,.T.);
#2664=ORIENTED_EDGE('',*,*,#4072,.T.);
#2665=ORIENTED_EDGE('',*,*,#4010,.F.);
#2666=ORIENTED_EDGE('',*,*,#4073,.F.);
#2667=CARTESIAN_POINT('',(0.93,0.23,4.955));
#2668=DIRECTION('',(0.0,-1.0,0.0));
#2669=DIRECTION('',(0.0,0.0,-1.0));
#2670=ORIENTED_EDGE('',*,*,#4044,.T.);
#2671=ORIENTED_EDGE('',*,*,#4073,.T.);
#2672=ORIENTED_EDGE('',*,*,#4009,.F.);
#2673=ORIENTED_EDGE('',*,*,#4037,.F.);
#2674=CARTESIAN_POINT('',(0.23,0.93,4.955));
#2675=DIRECTION('',(-0.707106781186548,-0.707106781186548,0.0));
#2676=DIRECTION('',(-0.707106781186548,0.707106781186548,0.0));
#2677=ORIENTED_EDGE('',*,*,#4046,.T.);
#2678=ORIENTED_EDGE('',*,*,#4074,.T.);
#2679=ORIENTED_EDGE('',*,*,#4011,.F.);
#2680=ORIENTED_EDGE('',*,*,#4072,.F.);
#2681=CARTESIAN_POINT('',(2.77,0.23,4.955));
#2682=DIRECTION('',(1.0,0.0,0.0));
#2683=DIRECTION('',(0.0,1.0,0.0));
#2684=ORIENTED_EDGE('',*,*,#4045,.T.);
#2685=ORIENTED_EDGE('',*,*,#4038,.T.);
#2686=ORIENTED_EDGE('',*,*,#4012,.F.);
#2687=ORIENTED_EDGE('',*,*,#4074,.F.);
#2688=CARTESIAN_POINT('',(2.77,2.77,4.955));
#2689=DIRECTION('',(-0.0,1.0,0.0));
#2690=DIRECTION('',(1.0,0.0,0.0));
#2691=ORIENTED_EDGE('',*,*,#4047,.T.);
#2692=ORIENTED_EDGE('',*,*,#4075,.T.);
#2693=ORIENTED_EDGE('',*,*,#4016,.F.);
#2694=ORIENTED_EDGE('',*,*,#4076,.F.);
#2695=CARTESIAN_POINT('',(2.77,-0.23,4.955));
#2696=DIRECTION('',(-0.0,1.0,0.0));
#2697=DIRECTION('',(1.0,0.0,0.0));
#2698=ORIENTED_EDGE('',*,*,#4048,.T.);
#2699=ORIENTED_EDGE('',*,*,#4076,.T.);
#2700=ORIENTED_EDGE('',*,*,#4020,.F.);
#2701=ORIENTED_EDGE('',*,*,#4077,.F.);
#2702=CARTESIAN_POINT('',(2.77,-2.07,4.955));
#2703=DIRECTION('',(1.0,0.0,0.0));
#2704=DIRECTION('',(0.0,1.0,0.0));
#2705=ORIENTED_EDGE('',*,*,#4049,.T.);
#2706=ORIENTED_EDGE('',*,*,#4077,.T.);
#2707=ORIENTED_EDGE('',*,*,#4019,.F.);
#2708=ORIENTED_EDGE('',*,*,#4078,.F.);
#2709=CARTESIAN_POINT('',(2.07,-2.77,4.955));
#2710=DIRECTION('',(0.707106781186548,-0.707106781186548,0.0));
#2711=DIRECTION('',(0.0,0.0,-1.0));
#2712=ORIENTED_EDGE('',*,*,#4050,.T.);
#2713=ORIENTED_EDGE('',*,*,#4078,.T.);
#2714=ORIENTED_EDGE('',*,*,#4018,.F.);
#2715=ORIENTED_EDGE('',*,*,#4079,.F.);
#2716=CARTESIAN_POINT('',(0.23,-2.77,4.955));
#2717=DIRECTION('',(0.0,-1.0,0.0));
#2718=DIRECTION('',(0.0,0.0,-1.0));
#2719=ORIENTED_EDGE('',*,*,#4051,.T.);
#2720=ORIENTED_EDGE('',*,*,#4079,.T.);
#2721=ORIENTED_EDGE('',*,*,#4017,.F.);
#2722=ORIENTED_EDGE('',*,*,#4075,.F.);
#2723=CARTESIAN_POINT('',(0.23,-0.23,4.955));
#2724=DIRECTION('',(-1.0,0.0,0.0));
#2725=DIRECTION('',(0.0,0.0,1.0));
#2726=ORIENTED_EDGE('',*,*,#4052,.T.);
#2727=ORIENTED_EDGE('',*,*,#4080,.T.);
#2728=ORIENTED_EDGE('',*,*,#4024,.F.);
#2729=ORIENTED_EDGE('',*,*,#4081,.F.);
#2730=CARTESIAN_POINT('',(-2.77,-0.23,4.955));
#2731=DIRECTION('',(-1.0,0.0,0.0));
#2732=DIRECTION('',(0.0,0.0,1.0));
#2733=ORIENTED_EDGE('',*,*,#4053,.T.);
#2734=ORIENTED_EDGE('',*,*,#4081,.T.);
#2735=ORIENTED_EDGE('',*,*,#4028,.F.);
#2736=ORIENTED_EDGE('',*,*,#4082,.F.);
#2737=CARTESIAN_POINT('',(-0.23,-0.23,4.955));
#2738=DIRECTION('',(-0.0,1.0,0.0));
#2739=DIRECTION('',(1.0,0.0,0.0));
#2740=ORIENTED_EDGE('',*,*,#4054,.T.);
#2741=ORIENTED_EDGE('',*,*,#4082,.T.);
#2742=ORIENTED_EDGE('',*,*,#4027,.F.);
#2743=ORIENTED_EDGE('',*,*,#4083,.F.);
#2744=CARTESIAN_POINT('',(-0.23,-2.77,4.955));
#2745=DIRECTION('',(1.0,0.0,0.0));
#2746=DIRECTION('',(0.0,1.0,0.0));
#2747=ORIENTED_EDGE('',*,*,#4055,.T.);
#2748=ORIENTED_EDGE('',*,*,#4083,.T.);
#2749=ORIENTED_EDGE('',*,*,#4026,.F.);
#2750=ORIENTED_EDGE('',*,*,#4084,.F.);
#2751=CARTESIAN_POINT('',(-2.07,-2.77,4.955));
#2752=DIRECTION('',(0.0,-1.0,0.0));
#2753=DIRECTION('',(0.0,0.0,-1.0));
#2754=ORIENTED_EDGE('',*,*,#4056,.T.);
#2755=ORIENTED_EDGE('',*,*,#4084,.T.);
#2756=ORIENTED_EDGE('',*,*,#4025,.F.);
#2757=ORIENTED_EDGE('',*,*,#4080,.F.);
#2758=CARTESIAN_POINT('',(-2.77,-2.07,4.955));
#2759=DIRECTION('',(-0.707106781186548,-0.707106781186548,0.0));
#2760=DIRECTION('',(-0.707106781186548,0.707106781186548,0.0));
#2761=ORIENTED_EDGE('',*,*,#4057,.T.);
#2762=ORIENTED_EDGE('',*,*,#4085,.T.);
#2763=ORIENTED_EDGE('',*,*,#4030,.F.);
#2764=ORIENTED_EDGE('',*,*,#4086,.F.);
#2765=CARTESIAN_POINT('',(-2.77,0.23,4.955));
#2766=DIRECTION('',(0.0,-1.0,0.0));
#2767=DIRECTION('',(0.0,0.0,-1.0));
#2768=ORIENTED_EDGE('',*,*,#4058,.T.);
#2769=ORIENTED_EDGE('',*,*,#4086,.T.);
#2770=ORIENTED_EDGE('',*,*,#4034,.F.);
#2771=ORIENTED_EDGE('',*,*,#4087,.F.);
#2772=CARTESIAN_POINT('',(-2.77,2.77,4.955));
#2773=DIRECTION('',(-1.0,0.0,0.0));
#2774=DIRECTION('',(0.0,0.0,1.0));
#2775=ORIENTED_EDGE('',*,*,#4059,.T.);
#2776=ORIENTED_EDGE('',*,*,#4087,.T.);
#2777=ORIENTED_EDGE('',*,*,#4033,.F.);
#2778=ORIENTED_EDGE('',*,*,#4088,.F.);
#2779=CARTESIAN_POINT('',(-0.23,2.77,4.955));
#2780=DIRECTION('',(-0.0,1.0,0.0));
#2781=DIRECTION('',(1.0,0.0,0.0));
#2782=ORIENTED_EDGE('',*,*,#4060,.T.);
#2783=ORIENTED_EDGE('',*,*,#4088,.T.);
#2784=ORIENTED_EDGE('',*,*,#4032,.F.);
#2785=ORIENTED_EDGE('',*,*,#4089,.F.);
#2786=CARTESIAN_POINT('',(-0.23,0.93,4.955));
#2787=DIRECTION('',(1.0,0.0,0.0));
#2788=DIRECTION('',(0.0,1.0,0.0));
#2789=ORIENTED_EDGE('',*,*,#4061,.T.);
#2790=ORIENTED_EDGE('',*,*,#4089,.T.);
#2791=ORIENTED_EDGE('',*,*,#4031,.F.);
#2792=ORIENTED_EDGE('',*,*,#4085,.F.);
#2793=CARTESIAN_POINT('',(-0.93,0.23,4.955));
#2794=DIRECTION('',(0.707106781186548,-0.707106781186548,0.0));
#2795=DIRECTION('',(0.0,0.0,-1.0));
#2796=ORIENTED_EDGE('',*,*,#4090,.F.);
#2797=ORIENTED_EDGE('',*,*,#4091,.T.);
#2798=ORIENTED_EDGE('',*,*,#3902,.T.);
#2799=ORIENTED_EDGE('',*,*,#3735,.T.);
#2800=CARTESIAN_POINT('',(1.82,-1.18,-4.285));
#2801=DIRECTION('',(-0.0,1.0,0.0));
#2802=DIRECTION('',(1.0,0.0,0.0));
#2803=ORIENTED_EDGE('',*,*,#4092,.F.);
#2804=ORIENTED_EDGE('',*,*,#3881,.F.);
#2805=ORIENTED_EDGE('',*,*,#4023,.F.);
#2806=ORIENTED_EDGE('',*,*,#4093,.T.);
#2807=CARTESIAN_POINT('',(1.82,-1.18,-4.285));
#2808=DIRECTION('',(-0.0,1.0,0.0));
#2809=DIRECTION('',(1.0,0.0,0.0));
#2810=ORIENTED_EDGE('',*,*,#3909,.T.);
#2811=ORIENTED_EDGE('',*,*,#3752,.F.);
#2812=ORIENTED_EDGE('',*,*,#3797,.F.);
#2813=ORIENTED_EDGE('',*,*,#3919,.F.);
#2814=CARTESIAN_POINT('',(1.18,3.43,-4.955));
#2815=DIRECTION('',(-1.0,0.0,0.0));
#2816=DIRECTION('',(0.0,0.0,1.0));
#2817=ORIENTED_EDGE('',*,*,#4094,.T.);
#2818=ORIENTED_EDGE('',*,*,#4095,.F.);
#2819=ORIENTED_EDGE('',*,*,#3730,.T.);
#2820=ORIENTED_EDGE('',*,*,#4096,.T.);
#2821=ORIENTED_EDGE('',*,*,#3926,.T.);
#2822=ORIENTED_EDGE('',*,*,#3962,.T.);
#2823=CARTESIAN_POINT('',(1.18,3.43,-4.955));
#2824=DIRECTION('',(-1.0,0.0,0.0));
#2825=DIRECTION('',(0.0,0.0,1.0));
#2826=ORIENTED_EDGE('',*,*,#4097,.T.);
#2827=ORIENTED_EDGE('',*,*,#3890,.F.);
#2828=ORIENTED_EDGE('',*,*,#3732,.T.);
#2829=ORIENTED_EDGE('',*,*,#4098,.T.);
#2830=CARTESIAN_POINT('',(1.18,3.43,-4.955));
#2831=DIRECTION('',(-1.0,0.0,0.0));
#2832=DIRECTION('',(0.0,0.0,1.0));
#2833=ORIENTED_EDGE('',*,*,#3734,.T.);
#2834=ORIENTED_EDGE('',*,*,#4099,.T.);
#2835=ORIENTED_EDGE('',*,*,#4100,.T.);
#2836=ORIENTED_EDGE('',*,*,#4090,.T.);
#2837=CARTESIAN_POINT('',(1.18,3.43,-4.955));
#2838=DIRECTION('',(-1.0,0.0,0.0));
#2839=DIRECTION('',(0.0,0.0,1.0));
#2840=ORIENTED_EDGE('',*,*,#4094,.F.);
#2841=ORIENTED_EDGE('',*,*,#3961,.T.);
#2842=ORIENTED_EDGE('',*,*,#3895,.T.);
#2843=ORIENTED_EDGE('',*,*,#4101,.F.);
#2844=CARTESIAN_POINT('',(1.18,3.43,-3.655));
#2845=DIRECTION('',(0.0,0.0,1.0));
#2846=DIRECTION('',(1.0,0.0,0.0));
#2847=ORIENTED_EDGE('',*,*,#4097,.F.);
#2848=ORIENTED_EDGE('',*,*,#4102,.T.);
#2849=ORIENTED_EDGE('',*,*,#3900,.T.);
#2850=ORIENTED_EDGE('',*,*,#3891,.F.);
#2851=CARTESIAN_POINT('',(1.18,3.43,-3.655));
#2852=DIRECTION('',(0.0,0.0,1.0));
#2853=DIRECTION('',(1.0,0.0,0.0));
#2854=ORIENTED_EDGE('',*,*,#4103,.T.);
#2855=ORIENTED_EDGE('',*,*,#3903,.T.);
#2856=ORIENTED_EDGE('',*,*,#4091,.F.);
#2857=ORIENTED_EDGE('',*,*,#4100,.F.);
#2858=CARTESIAN_POINT('',(1.18,3.43,-3.655));
#2859=DIRECTION('',(0.0,0.0,1.0));
#2860=DIRECTION('',(1.0,0.0,0.0));
#2861=ORIENTED_EDGE('',*,*,#4095,.T.);
#2862=ORIENTED_EDGE('',*,*,#4101,.T.);
#2863=ORIENTED_EDGE('',*,*,#3899,.T.);
#2864=ORIENTED_EDGE('',*,*,#3884,.F.);
#2865=ORIENTED_EDGE('',*,*,#4104,.T.);
#2866=ORIENTED_EDGE('',*,*,#4105,.T.);
#2867=CARTESIAN_POINT('',(1.82,1.589,-7.285));
#2868=DIRECTION('',(-0.0,1.0,0.0));
#2869=DIRECTION('',(1.0,0.0,0.0));
#2870=ORIENTED_EDGE('',*,*,#3733,.T.);
#2871=ORIENTED_EDGE('',*,*,#3889,.F.);
#2872=ORIENTED_EDGE('',*,*,#4106,.F.);
#2873=ORIENTED_EDGE('',*,*,#4107,.F.);
#2874=CARTESIAN_POINT('',(1.18,0.0,0.0));
#2875=DIRECTION('',(1.0,0.0,0.0));
#2876=DIRECTION('',(0.0,1.0,0.0));
#2877=ORIENTED_EDGE('',*,*,#4108,.T.);
#2878=ORIENTED_EDGE('',*,*,#4109,.F.);
#2879=ORIENTED_EDGE('',*,*,#4014,.F.);
#2880=ORIENTED_EDGE('',*,*,#4110,.F.);
#2881=CARTESIAN_POINT('',(1.18,0.0,0.0));
#2882=DIRECTION('',(1.0,0.0,0.0));
#2883=DIRECTION('',(0.0,1.0,0.0));
#2884=ORIENTED_EDGE('',*,*,#4111,.T.);
#2885=ORIENTED_EDGE('',*,*,#4093,.F.);
#2886=ORIENTED_EDGE('',*,*,#4022,.F.);
#2887=ORIENTED_EDGE('',*,*,#4112,.F.);
#2888=CARTESIAN_POINT('',(1.18,0.0,0.0));
#2889=DIRECTION('',(1.0,0.0,0.0));
#2890=DIRECTION('',(0.0,1.0,0.0));
#2891=ORIENTED_EDGE('',*,*,#4113,.T.);
#2892=ORIENTED_EDGE('',*,*,#4114,.F.);
#2893=ORIENTED_EDGE('',*,*,#4115,.F.);
#2894=ORIENTED_EDGE('',*,*,#3731,.T.);
#2895=ORIENTED_EDGE('',*,*,#4105,.F.);
#2896=ORIENTED_EDGE('',*,*,#4116,.F.);
#2897=CARTESIAN_POINT('',(1.18,0.0,0.0));
#2898=DIRECTION('',(1.0,0.0,0.0));
#2899=DIRECTION('',(0.0,1.0,0.0));
#2900=ORIENTED_EDGE('',*,*,#3861,.T.);
#2901=ORIENTED_EDGE('',*,*,#4117,.F.);
#2902=ORIENTED_EDGE('',*,*,#3798,.F.);
#2903=ORIENTED_EDGE('',*,*,#3751,.F.);
#2904=ORIENTED_EDGE('',*,*,#4118,.T.);
#2905=ORIENTED_EDGE('',*,*,#3868,.F.);
#2906=CARTESIAN_POINT('',(1.18,0.0,0.0));
#2907=DIRECTION('',(1.0,0.0,0.0));
#2908=DIRECTION('',(0.0,1.0,0.0));
#2909=ORIENTED_EDGE('',*,*,#3871,.F.);
#2910=ORIENTED_EDGE('',*,*,#3904,.F.);
#2911=ORIENTED_EDGE('',*,*,#4103,.F.);
#2912=ORIENTED_EDGE('',*,*,#4099,.F.);
#2913=ORIENTED_EDGE('',*,*,#4107,.T.);
#2914=ORIENTED_EDGE('',*,*,#4119,.F.);
#2915=CARTESIAN_POINT('',(1.82,-0.32,-3.655));
#2916=DIRECTION('',(0.0,-1.0,0.0));
#2917=DIRECTION('',(0.0,0.0,-1.0));
#2918=ORIENTED_EDGE('',*,*,#3872,.F.);
#2919=ORIENTED_EDGE('',*,*,#4119,.T.);
#2920=ORIENTED_EDGE('',*,*,#4106,.T.);
#2921=ORIENTED_EDGE('',*,*,#3888,.F.);
#2922=CARTESIAN_POINT('',(1.82,-0.32,-4.955));
#2923=DIRECTION('',(0.0,0.0,-1.0));
#2924=DIRECTION('',(0.0,-1.0,0.0));
#2925=ORIENTED_EDGE('',*,*,#4108,.F.);
#2926=ORIENTED_EDGE('',*,*,#4120,.F.);
#2927=ORIENTED_EDGE('',*,*,#4121,.T.);
#2928=ORIENTED_EDGE('',*,*,#4122,.F.);
#2929=CARTESIAN_POINT('',(1.27,1.5,2.055));
#2930=DIRECTION('',(-0.984183323973689,0.0,0.177152998315298));
#2931=DIRECTION('',(0.0,1.0,0.0));
#2932=ORIENTED_EDGE('',*,*,#4123,.T.);
#2933=ORIENTED_EDGE('',*,*,#4124,.T.);
#2934=ORIENTED_EDGE('',*,*,#4122,.T.);
#2935=ORIENTED_EDGE('',*,*,#4125,.F.);
#2936=CARTESIAN_POINT('',(1.5,1.73,2.055));
#2937=DIRECTION('',(0.0,0.984183323973689,0.177152998315298));
#2938=DIRECTION('',(1.0,0.0,-0.0));
#2939=ORIENTED_EDGE('',*,*,#4126,.T.);
#2940=ORIENTED_EDGE('',*,*,#4127,.F.);
#2941=ORIENTED_EDGE('',*,*,#3874,.F.);
#2942=ORIENTED_EDGE('',*,*,#4123,.F.);
#2943=CARTESIAN_POINT('',(1.73,1.5,2.055));
#2944=DIRECTION('',(0.984183323973689,0.0,0.177152998315298));
#2945=DIRECTION('',(0.0,-1.0,0.0));
#2946=ORIENTED_EDGE('',*,*,#4128,.F.);
#2947=ORIENTED_EDGE('',*,*,#4126,.F.);
#2948=ORIENTED_EDGE('',*,*,#4125,.T.);
#2949=ORIENTED_EDGE('',*,*,#4121,.F.);
#2950=CARTESIAN_POINT('',(1.82,1.82,2.555));
#2951=DIRECTION('',(0.0,0.0,1.0));
#2952=DIRECTION('',(1.0,0.0,0.0));
#2953=ORIENTED_EDGE('',*,*,#4128,.T.);
#2954=ORIENTED_EDGE('',*,*,#4120,.T.);
#2955=ORIENTED_EDGE('',*,*,#4129,.F.);
#2956=ORIENTED_EDGE('',*,*,#4127,.T.);
#2957=CARTESIAN_POINT('',(1.5,1.27,2.055));
#2958=DIRECTION('',(0.0,-0.984183323973689,0.177152998315298));
#2959=DIRECTION('',(-1.0,0.0,0.0));
#2960=ORIENTED_EDGE('',*,*,#4129,.T.);
#2961=ORIENTED_EDGE('',*,*,#4110,.T.);
#2962=ORIENTED_EDGE('',*,*,#4013,.T.);
#2963=ORIENTED_EDGE('',*,*,#3875,.F.);
#2964=CARTESIAN_POINT('',(1.82,1.18,2.555));
#2965=DIRECTION('',(0.0,-1.0,0.0));
#2966=DIRECTION('',(0.0,0.0,-1.0));
#2967=ORIENTED_EDGE('',*,*,#4124,.F.);
#2968=ORIENTED_EDGE('',*,*,#3877,.F.);
#2969=ORIENTED_EDGE('',*,*,#4015,.F.);
#2970=ORIENTED_EDGE('',*,*,#4109,.T.);
#2971=CARTESIAN_POINT('',(1.82,1.82,-3.655));
#2972=DIRECTION('',(-0.0,1.0,0.0));
#2973=DIRECTION('',(1.0,0.0,0.0));
#2974=ORIENTED_EDGE('',*,*,#4111,.F.);
#2975=ORIENTED_EDGE('',*,*,#4130,.F.);
#2976=ORIENTED_EDGE('',*,*,#4131,.T.);
#2977=ORIENTED_EDGE('',*,*,#4132,.T.);
#2978=CARTESIAN_POINT('',(1.27,-1.5,2.055));
#2979=DIRECTION('',(-0.984183323973689,0.0,0.177152998315298));
#2980=DIRECTION('',(0.0,1.0,0.0));
#2981=ORIENTED_EDGE('',*,*,#4092,.T.);
#2982=ORIENTED_EDGE('',*,*,#4132,.F.);
#2983=ORIENTED_EDGE('',*,*,#4133,.F.);
#2984=ORIENTED_EDGE('',*,*,#4134,.T.);
#2985=CARTESIAN_POINT('',(1.5,-1.27,2.055));
#2986=DIRECTION('',(0.0,0.984183323973689,0.177152998315298));
#2987=DIRECTION('',(1.0,0.0,-0.0));
#2988=ORIENTED_EDGE('',*,*,#4135,.T.);
#2989=ORIENTED_EDGE('',*,*,#4136,.F.);
#2990=ORIENTED_EDGE('',*,*,#3878,.F.);
#2991=ORIENTED_EDGE('',*,*,#4134,.F.);
#2992=CARTESIAN_POINT('',(1.73,-1.5,2.055));
#2993=DIRECTION('',(0.984183323973689,0.0,0.177152998315298));
#2994=DIRECTION('',(0.0,-1.0,0.0));
#2995=ORIENTED_EDGE('',*,*,#4137,.F.);
#2996=ORIENTED_EDGE('',*,*,#4135,.F.);
#2997=ORIENTED_EDGE('',*,*,#4133,.T.);
#2998=ORIENTED_EDGE('',*,*,#4131,.F.);
#2999=CARTESIAN_POINT('',(1.82,-1.18,2.555));
#3000=DIRECTION('',(0.0,0.0,1.0));
#3001=DIRECTION('',(1.0,0.0,0.0));
#3002=ORIENTED_EDGE('',*,*,#4137,.T.);
#3003=ORIENTED_EDGE('',*,*,#4130,.T.);
#3004=ORIENTED_EDGE('',*,*,#4138,.F.);
#3005=ORIENTED_EDGE('',*,*,#4136,.T.);
#3006=CARTESIAN_POINT('',(1.5,-1.73,2.055));
#3007=DIRECTION('',(0.0,-0.984183323973689,0.177152998315298));
#3008=DIRECTION('',(-1.0,0.0,0.0));
#3009=ORIENTED_EDGE('',*,*,#4138,.T.);
#3010=ORIENTED_EDGE('',*,*,#4112,.T.);
#3011=ORIENTED_EDGE('',*,*,#4021,.T.);
#3012=ORIENTED_EDGE('',*,*,#3879,.F.);
#3013=CARTESIAN_POINT('',(1.82,-1.82,2.555));
#3014=DIRECTION('',(0.0,-1.0,0.0));
#3015=DIRECTION('',(0.0,0.0,-1.0));
#3016=ORIENTED_EDGE('',*,*,#4113,.F.);
#3017=ORIENTED_EDGE('',*,*,#4139,.F.);
#3018=ORIENTED_EDGE('',*,*,#4140,.T.);
#3019=ORIENTED_EDGE('',*,*,#4141,.T.);
#3020=CARTESIAN_POINT('',(1.27,-6.62,-6.965));
#3021=DIRECTION('',(-0.984183323973689,-0.177152998315298,0.0));
#3022=DIRECTION('',(-0.177152998315298,0.984183323973689,0.0));
#3023=ORIENTED_EDGE('',*,*,#4142,.T.);
#3024=ORIENTED_EDGE('',*,*,#4141,.F.);
#3025=ORIENTED_EDGE('',*,*,#4143,.F.);
#3026=ORIENTED_EDGE('',*,*,#4144,.T.);
#3027=CARTESIAN_POINT('',(1.5,-6.62,-6.735));
#3028=DIRECTION('',(0.0,-0.177152998315298,0.984183323973689));
#3029=DIRECTION('',(-1.0,0.0,0.0));
#3030=ORIENTED_EDGE('',*,*,#4142,.F.);
#3031=ORIENTED_EDGE('',*,*,#3886,.F.);
#3032=ORIENTED_EDGE('',*,*,#4145,.T.);
#3033=ORIENTED_EDGE('',*,*,#4114,.T.);
#3034=CARTESIAN_POINT('',(1.82,0.949,-6.645));
#3035=DIRECTION('',(0.0,0.0,1.0));
#3036=DIRECTION('',(1.0,0.0,0.0));
#3037=ORIENTED_EDGE('',*,*,#4098,.F.);
#3038=ORIENTED_EDGE('',*,*,#4115,.T.);
#3039=ORIENTED_EDGE('',*,*,#4145,.F.);
#3040=ORIENTED_EDGE('',*,*,#3885,.F.);
#3041=ORIENTED_EDGE('',*,*,#3901,.F.);
#3042=ORIENTED_EDGE('',*,*,#4102,.F.);
#3043=CARTESIAN_POINT('',(1.82,0.949,-3.655));
#3044=DIRECTION('',(0.0,-1.0,0.0));
#3045=DIRECTION('',(0.0,0.0,-1.0));
#3046=ORIENTED_EDGE('',*,*,#4146,.T.);
#3047=ORIENTED_EDGE('',*,*,#4147,.F.);
#3048=ORIENTED_EDGE('',*,*,#3882,.F.);
#3049=ORIENTED_EDGE('',*,*,#4144,.F.);
#3050=CARTESIAN_POINT('',(1.73,-6.62,-6.965));
#3051=DIRECTION('',(0.984183323973689,-0.177152998315298,0.0));
#3052=DIRECTION('',(0.0,0.0,-1.0));
#3053=ORIENTED_EDGE('',*,*,#4148,.F.);
#3054=ORIENTED_EDGE('',*,*,#4146,.F.);
#3055=ORIENTED_EDGE('',*,*,#4143,.T.);
#3056=ORIENTED_EDGE('',*,*,#4140,.F.);
#3057=CARTESIAN_POINT('',(1.82,-7.12,-6.645));
#3058=DIRECTION('',(0.0,-1.0,0.0));
#3059=DIRECTION('',(0.0,0.0,-1.0));
#3060=ORIENTED_EDGE('',*,*,#4148,.T.);
#3061=ORIENTED_EDGE('',*,*,#4139,.T.);
#3062=ORIENTED_EDGE('',*,*,#4149,.F.);
#3063=ORIENTED_EDGE('',*,*,#4147,.T.);
#3064=CARTESIAN_POINT('',(1.5,-6.62,-7.195));
#3065=DIRECTION('',(0.0,-0.177152998315298,-0.984183323973689));
#3066=DIRECTION('',(0.0,-0.984183323973689,0.177152998315298));
#3067=ORIENTED_EDGE('',*,*,#4149,.T.);
#3068=ORIENTED_EDGE('',*,*,#4116,.T.);
#3069=ORIENTED_EDGE('',*,*,#4104,.F.);
#3070=ORIENTED_EDGE('',*,*,#3883,.F.);
#3071=CARTESIAN_POINT('',(1.82,-7.12,-7.285));
#3072=DIRECTION('',(0.0,0.0,-1.0));
#3073=DIRECTION('',(0.0,-1.0,0.0));
#3074=ORIENTED_EDGE('',*,*,#4118,.F.);
#3075=ORIENTED_EDGE('',*,*,#4150,.F.);
#3076=ORIENTED_EDGE('',*,*,#4151,.T.);
#3077=ORIENTED_EDGE('',*,*,#4152,.T.);
#3078=CARTESIAN_POINT('',(1.27,-6.62,-3.965));
#3079=DIRECTION('',(-0.984183323973689,-0.177152998315298,0.0));
#3080=DIRECTION('',(-0.177152998315298,0.984183323973689,0.0));
#3081=ORIENTED_EDGE('',*,*,#3869,.T.);
#3082=ORIENTED_EDGE('',*,*,#4152,.F.);
#3083=ORIENTED_EDGE('',*,*,#4153,.F.);
#3084=ORIENTED_EDGE('',*,*,#4154,.T.);
#3085=CARTESIAN_POINT('',(1.5,-6.62,-3.735));
#3086=DIRECTION('',(0.0,-0.177152998315298,0.984183323973689));
#3087=DIRECTION('',(-1.0,0.0,0.0));
#3088=ORIENTED_EDGE('',*,*,#4155,.T.);
#3089=ORIENTED_EDGE('',*,*,#4156,.F.);
#3090=ORIENTED_EDGE('',*,*,#3887,.F.);
#3091=ORIENTED_EDGE('',*,*,#4154,.F.);
#3092=CARTESIAN_POINT('',(1.73,-6.62,-3.965));
#3093=DIRECTION('',(0.984183323973689,-0.177152998315298,0.0));
#3094=DIRECTION('',(0.0,0.0,-1.0));
#3095=ORIENTED_EDGE('',*,*,#4151,.F.);
#3096=ORIENTED_EDGE('',*,*,#4157,.F.);
#3097=ORIENTED_EDGE('',*,*,#4155,.F.);
#3098=ORIENTED_EDGE('',*,*,#4153,.T.);
#3099=CARTESIAN_POINT('',(1.82,-7.12,-3.645));
#3100=DIRECTION('',(0.0,-1.0,0.0));
#3101=DIRECTION('',(0.0,0.0,-1.0));
#3102=ORIENTED_EDGE('',*,*,#4156,.T.);
#3103=ORIENTED_EDGE('',*,*,#4157,.T.);
#3104=ORIENTED_EDGE('',*,*,#4150,.T.);
#3105=ORIENTED_EDGE('',*,*,#3750,.F.);
#3106=CARTESIAN_POINT('',(1.5,-6.62,-4.195));
#3107=DIRECTION('',(0.0,-0.177152998315298,-0.984183323973689));
#3108=DIRECTION('',(0.0,-0.984183323973689,0.177152998315298));
#3109=ORIENTED_EDGE('',*,*,#3842,.F.);
#3110=ORIENTED_EDGE('',*,*,#3799,.T.);
#3111=ORIENTED_EDGE('',*,*,#4117,.T.);
#3112=ORIENTED_EDGE('',*,*,#3860,.F.);
#3113=CARTESIAN_POINT('',(0.475,-3.43,-3.655));
#3114=DIRECTION('',(0.0,0.0,-1.0));
#3115=DIRECTION('',(0.0,-1.0,0.0));
#3116=ORIENTED_EDGE('',*,*,#3898,.T.);
#3117=ORIENTED_EDGE('',*,*,#3916,.F.);
#3118=ORIENTED_EDGE('',*,*,#3931,.T.);
#3119=ORIENTED_EDGE('',*,*,#3741,.T.);
#3120=CARTESIAN_POINT('',(-4.825,1.6,-4.285));
#3121=DIRECTION('',(0.0,-1.0,0.0));
#3122=DIRECTION('',(0.0,0.0,-1.0));
#3123=ORIENTED_EDGE('',*,*,#3969,.F.);
#3124=ORIENTED_EDGE('',*,*,#3717,.T.);
#3125=ORIENTED_EDGE('',*,*,#3704,.F.);
#3126=ORIENTED_EDGE('',*,*,#3921,.F.);
#3127=CARTESIAN_POINT('',(-4.825,1.6,-4.285));
#3128=DIRECTION('',(0.0,-1.0,0.0));
#3129=DIRECTION('',(0.0,0.0,-1.0));
#3130=ORIENTED_EDGE('',*,*,#3790,.T.);
#3131=ORIENTED_EDGE('',*,*,#3927,.F.);
#3132=ORIENTED_EDGE('',*,*,#4096,.F.);
#3133=ORIENTED_EDGE('',*,*,#3729,.T.);
#3134=CARTESIAN_POINT('',(-4.825,1.6,-4.285));
#3135=DIRECTION('',(0.0,-1.0,0.0));
#3136=DIRECTION('',(0.0,0.0,-1.0));
#3137=ORIENTED_EDGE('',*,*,#4158,.T.);
#3138=ORIENTED_EDGE('',*,*,#3989,.T.);
#3139=ORIENTED_EDGE('',*,*,#4029,.T.);
#3140=ORIENTED_EDGE('',*,*,#3763,.F.);
#3141=CARTESIAN_POINT('',(-1.18,-1.82,2.555));
#3142=DIRECTION('',(0.0,-1.0,0.0));
#3143=DIRECTION('',(0.0,0.0,-1.0));
#3144=ORIENTED_EDGE('',*,*,#4159,.T.);
#3145=ORIENTED_EDGE('',*,*,#4160,.T.);
#3146=ORIENTED_EDGE('',*,*,#4158,.F.);
#3147=ORIENTED_EDGE('',*,*,#4161,.T.);
#3148=CARTESIAN_POINT('',(-1.5,-1.73,2.055));
#3149=DIRECTION('',(0.0,-0.984183323973689,0.177152998315298));
#3150=DIRECTION('',(-1.0,0.0,0.0));
#3151=ORIENTED_EDGE('',*,*,#4159,.F.);
#3152=ORIENTED_EDGE('',*,*,#4162,.F.);
#3153=ORIENTED_EDGE('',*,*,#4163,.T.);
#3154=ORIENTED_EDGE('',*,*,#4164,.F.);
#3155=CARTESIAN_POINT('',(-1.18,-1.18,2.555));
#3156=DIRECTION('',(0.0,0.0,1.0));
#3157=DIRECTION('',(1.0,0.0,0.0));
#3158=ORIENTED_EDGE('',*,*,#3987,.F.);
#3159=ORIENTED_EDGE('',*,*,#4160,.F.);
#3160=ORIENTED_EDGE('',*,*,#4164,.T.);
#3161=ORIENTED_EDGE('',*,*,#4165,.T.);
#3162=CARTESIAN_POINT('',(-1.73,-1.5,2.055));
#3163=DIRECTION('',(-0.984183323973689,0.0,0.177152998315298));
#3164=DIRECTION('',(0.0,1.0,0.0));
#3165=ORIENTED_EDGE('',*,*,#3973,.T.);
#3166=ORIENTED_EDGE('',*,*,#4165,.F.);
#3167=ORIENTED_EDGE('',*,*,#4163,.F.);
#3168=ORIENTED_EDGE('',*,*,#4166,.T.);
#3169=CARTESIAN_POINT('',(-1.5,-1.27,2.055));
#3170=DIRECTION('',(0.0,0.984183323973689,0.177152998315298));
#3171=DIRECTION('',(1.0,0.0,-0.0));
#3172=ORIENTED_EDGE('',*,*,#4162,.T.);
#3173=ORIENTED_EDGE('',*,*,#4161,.F.);
#3174=ORIENTED_EDGE('',*,*,#3762,.F.);
#3175=ORIENTED_EDGE('',*,*,#4166,.F.);
#3176=CARTESIAN_POINT('',(-1.27,-1.5,2.055));
#3177=DIRECTION('',(0.984183323973689,0.0,0.177152998315298));
#3178=DIRECTION('',(0.0,-1.0,0.0));
#3179=ORIENTED_EDGE('',*,*,#4001,.F.);
#3180=ORIENTED_EDGE('',*,*,#3761,.F.);
#3181=ORIENTED_EDGE('',*,*,#4035,.F.);
#3182=ORIENTED_EDGE('',*,*,#3984,.T.);
#3183=CARTESIAN_POINT('',(-1.18,1.82,-3.655));
#3184=DIRECTION('',(-0.0,1.0,0.0));
#3185=DIRECTION('',(1.0,0.0,0.0));
#3186=ORIENTED_EDGE('',*,*,#3990,.F.);
#3187=ORIENTED_EDGE('',*,*,#4167,.F.);
#3188=ORIENTED_EDGE('',*,*,#4168,.T.);
#3189=ORIENTED_EDGE('',*,*,#4169,.T.);
#3190=CARTESIAN_POINT('',(-1.73,-6.62,-6.965));
#3191=DIRECTION('',(-0.984183323973689,-0.177152998315298,0.0));
#3192=DIRECTION('',(-0.177152998315298,0.984183323973689,0.0));
#3193=ORIENTED_EDGE('',*,*,#4170,.T.);
#3194=ORIENTED_EDGE('',*,*,#4169,.F.);
#3195=ORIENTED_EDGE('',*,*,#4171,.F.);
#3196=ORIENTED_EDGE('',*,*,#4172,.T.);
#3197=CARTESIAN_POINT('',(-1.5,-6.62,-6.735));
#3198=DIRECTION('',(0.0,-0.177152998315298,0.984183323973689));
#3199=DIRECTION('',(-1.0,0.0,0.0));
#3200=ORIENTED_EDGE('',*,*,#4170,.F.);
#3201=ORIENTED_EDGE('',*,*,#3770,.F.);
#3202=ORIENTED_EDGE('',*,*,#4173,.T.);
#3203=ORIENTED_EDGE('',*,*,#3991,.T.);
#3204=CARTESIAN_POINT('',(-1.18,0.949,-6.645));
#3205=DIRECTION('',(0.0,0.0,1.0));
#3206=DIRECTION('',(1.0,0.0,0.0));
#3207=ORIENTED_EDGE('',*,*,#3971,.F.);
#3208=ORIENTED_EDGE('',*,*,#3992,.T.);
#3209=ORIENTED_EDGE('',*,*,#4173,.F.);
#3210=ORIENTED_EDGE('',*,*,#3769,.F.);
#3211=ORIENTED_EDGE('',*,*,#3793,.F.);
#3212=ORIENTED_EDGE('',*,*,#3977,.F.);
#3213=CARTESIAN_POINT('',(-1.18,0.949,-3.655));
#3214=DIRECTION('',(0.0,-1.0,0.0));
#3215=DIRECTION('',(0.0,0.0,-1.0));
#3216=ORIENTED_EDGE('',*,*,#4174,.T.);
#3217=ORIENTED_EDGE('',*,*,#4175,.F.);
#3218=ORIENTED_EDGE('',*,*,#3766,.F.);
#3219=ORIENTED_EDGE('',*,*,#4172,.F.);
#3220=CARTESIAN_POINT('',(-1.27,-6.62,-6.965));
#3221=DIRECTION('',(0.984183323973689,-0.177152998315298,0.0));
#3222=DIRECTION('',(0.0,0.0,-1.0));
#3223=ORIENTED_EDGE('',*,*,#4176,.F.);
#3224=ORIENTED_EDGE('',*,*,#4174,.F.);
#3225=ORIENTED_EDGE('',*,*,#4171,.T.);
#3226=ORIENTED_EDGE('',*,*,#4168,.F.);
#3227=CARTESIAN_POINT('',(-1.18,-7.12,-6.645));
#3228=DIRECTION('',(0.0,-1.0,0.0));
#3229=DIRECTION('',(0.0,0.0,-1.0));
#3230=ORIENTED_EDGE('',*,*,#4176,.T.);
#3231=ORIENTED_EDGE('',*,*,#4167,.T.);
#3232=ORIENTED_EDGE('',*,*,#4177,.F.);
#3233=ORIENTED_EDGE('',*,*,#4175,.T.);
#3234=CARTESIAN_POINT('',(-1.5,-6.62,-7.195));
#3235=DIRECTION('',(0.0,-0.177152998315298,-0.984183323973689));
#3236=DIRECTION('',(0.0,-0.984183323973689,0.177152998315298));
#3237=ORIENTED_EDGE('',*,*,#4177,.T.);
#3238=ORIENTED_EDGE('',*,*,#3993,.T.);
#3239=ORIENTED_EDGE('',*,*,#3979,.F.);
#3240=ORIENTED_EDGE('',*,*,#3767,.F.);
#3241=CARTESIAN_POINT('',(-1.18,-7.12,-7.285));
#3242=DIRECTION('',(0.0,0.0,-1.0));
#3243=DIRECTION('',(0.0,-1.0,0.0));
#3244=ORIENTED_EDGE('',*,*,#3994,.F.);
#3245=ORIENTED_EDGE('',*,*,#4178,.F.);
#3246=ORIENTED_EDGE('',*,*,#4179,.T.);
#3247=ORIENTED_EDGE('',*,*,#4180,.T.);
#3248=CARTESIAN_POINT('',(-1.73,-6.62,-3.965));
#3249=DIRECTION('',(-0.984183323973689,-0.177152998315298,0.0));
#3250=DIRECTION('',(-0.177152998315298,0.984183323973689,0.0));
#3251=ORIENTED_EDGE('',*,*,#4181,.T.);
#3252=ORIENTED_EDGE('',*,*,#4180,.F.);
#3253=ORIENTED_EDGE('',*,*,#4182,.F.);
#3254=ORIENTED_EDGE('',*,*,#4183,.T.);
#3255=CARTESIAN_POINT('',(-1.5,-6.62,-3.735));
#3256=DIRECTION('',(0.0,-0.177152998315298,0.984183323973689));
#3257=DIRECTION('',(-1.0,0.0,0.0));
#3258=ORIENTED_EDGE('',*,*,#4184,.T.);
#3259=ORIENTED_EDGE('',*,*,#4185,.F.);
#3260=ORIENTED_EDGE('',*,*,#3816,.F.);
#3261=ORIENTED_EDGE('',*,*,#3995,.T.);
#3262=ORIENTED_EDGE('',*,*,#4181,.F.);
#3263=ORIENTED_EDGE('',*,*,#3772,.F.);
#3264=CARTESIAN_POINT('',(-1.18,-1.82,-3.645));
#3265=DIRECTION('',(0.0,0.0,1.0));
#3266=DIRECTION('',(1.0,0.0,0.0));
#3267=ORIENTED_EDGE('',*,*,#4186,.F.);
#3268=ORIENTED_EDGE('',*,*,#3827,.F.);
#3269=ORIENTED_EDGE('',*,*,#4187,.T.);
#3270=ORIENTED_EDGE('',*,*,#4188,.F.);
#3271=ORIENTED_EDGE('',*,*,#4184,.F.);
#3272=ORIENTED_EDGE('',*,*,#3771,.T.);
#3273=CARTESIAN_POINT('',(4.825,-3.94,4.955));
#3274=DIRECTION('',(-0.0,1.0,0.0));
#3275=DIRECTION('',(1.0,0.0,0.0));
#3276=ORIENTED_EDGE('',*,*,#3830,.F.);
#3277=ORIENTED_EDGE('',*,*,#4189,.F.);
#3278=ORIENTED_EDGE('',*,*,#4190,.F.);
#3279=ORIENTED_EDGE('',*,*,#4191,.T.);
#3280=CARTESIAN_POINT('',(4.825,-3.94,4.955));
#3281=DIRECTION('',(-0.0,1.0,0.0));
#3282=DIRECTION('',(1.0,0.0,0.0));
#3283=ORIENTED_EDGE('',*,*,#3828,.T.);
#3284=ORIENTED_EDGE('',*,*,#4186,.T.);
#3285=ORIENTED_EDGE('',*,*,#3775,.F.);
#3286=ORIENTED_EDGE('',*,*,#3795,.F.);
#3287=CARTESIAN_POINT('',(-0.475,-3.43,-3.655));
#3288=DIRECTION('',(0.0,0.0,1.0));
#3289=DIRECTION('',(1.0,0.0,0.0));
#3290=ORIENTED_EDGE('',*,*,#4192,.F.);
#3291=ORIENTED_EDGE('',*,*,#3817,.T.);
#3292=ORIENTED_EDGE('',*,*,#4185,.T.);
#3293=ORIENTED_EDGE('',*,*,#4188,.T.);
#3294=ORIENTED_EDGE('',*,*,#4190,.T.);
#3295=CARTESIAN_POINT('',(-1.475,-3.43,-3.655));
#3296=DIRECTION('',(1.0,0.0,0.0));
#3297=DIRECTION('',(0.0,1.0,0.0));
#3298=ORIENTED_EDGE('',*,*,#3829,.F.);
#3299=ORIENTED_EDGE('',*,*,#3818,.F.);
#3300=ORIENTED_EDGE('',*,*,#4192,.T.);
#3301=ORIENTED_EDGE('',*,*,#4189,.T.);
#3302=CARTESIAN_POINT('',(-1.475,-3.43,3.545));
#3303=DIRECTION('',(0.0,0.0,-1.0));
#3304=DIRECTION('',(0.0,-1.0,0.0));
#3305=ORIENTED_EDGE('',*,*,#4193,.T.);
#3306=ORIENTED_EDGE('',*,*,#3831,.T.);
#3307=ORIENTED_EDGE('',*,*,#4191,.F.);
#3308=ORIENTED_EDGE('',*,*,#4187,.F.);
#3309=ORIENTED_EDGE('',*,*,#3826,.F.);
#3310=CARTESIAN_POINT('',(-0.475,-3.2455,0.355));
#3311=DIRECTION('',(0.0,-1.0,0.0));
#3312=DIRECTION('',(0.0,0.0,1.0));
#3313=ORIENTED_EDGE('',*,*,#3836,.T.);
#3314=ORIENTED_EDGE('',*,*,#4193,.F.);
#3315=ORIENTED_EDGE('',*,*,#4194,.F.);
#3316=ORIENTED_EDGE('',*,*,#4195,.T.);
#3317=CARTESIAN_POINT('',(-0.475,-5.69,0.355));
#3318=DIRECTION('',(-0.0,1.0,0.0));
#3319=DIRECTION('',(1.0,0.0,0.0));
#3320=ORIENTED_EDGE('',*,*,#3837,.T.);
#3321=ORIENTED_EDGE('',*,*,#4195,.F.);
#3322=ORIENTED_EDGE('',*,*,#4196,.F.);
#3323=ORIENTED_EDGE('',*,*,#4197,.T.);
#3324=CARTESIAN_POINT('',(-0.475,-3.2455,0.355));
#3325=DIRECTION('',(0.0,-1.0,0.0));
#3326=DIRECTION('',(0.0,0.0,1.0));
#3327=ORIENTED_EDGE('',*,*,#3838,.F.);
#3328=ORIENTED_EDGE('',*,*,#4197,.F.);
#3329=ORIENTED_EDGE('',*,*,#4198,.F.);
#3330=ORIENTED_EDGE('',*,*,#3824,.F.);
#3331=ORIENTED_EDGE('',*,*,#4199,.T.);
#3332=ORIENTED_EDGE('',*,*,#3820,.T.);
#3333=CARTESIAN_POINT('',(-0.475,-6.5175,0.355));
#3334=DIRECTION('',(-0.0,1.0,-0.0));
#3335=DIRECTION('',(0.0,0.0,1.0));
#3336=ORIENTED_EDGE('',*,*,#3823,.F.);
#3337=ORIENTED_EDGE('',*,*,#4200,.T.);
#3338=ORIENTED_EDGE('',*,*,#3821,.T.);
#3339=ORIENTED_EDGE('',*,*,#4199,.F.);
#3340=CARTESIAN_POINT('',(-0.475,-6.87,0.355));
#3341=DIRECTION('',(0.0,1.0,0.0));
#3342=DIRECTION('',(0.0,0.0,1.0));
#3343=ORIENTED_EDGE('',*,*,#3822,.F.);
#3344=ORIENTED_EDGE('',*,*,#4200,.F.);
#3345=CARTESIAN_POINT('',(-0.475,-7.12,0.355));
#3346=DIRECTION('',(-0.0,1.0,0.0));
#3347=DIRECTION('',(1.0,0.0,0.0));
#3348=ORIENTED_EDGE('',*,*,#3845,.T.);
#3349=ORIENTED_EDGE('',*,*,#3856,.F.);
#3350=ORIENTED_EDGE('',*,*,#3854,.T.);
#3351=ORIENTED_EDGE('',*,*,#3852,.F.);
#3352=CARTESIAN_POINT('',(4.825,-3.94,-0.645));
#3353=DIRECTION('',(0.0,0.0,1.0));
#3354=DIRECTION('',(1.0,0.0,0.0));
#3355=ORIENTED_EDGE('',*,*,#3825,.F.);
#3356=ORIENTED_EDGE('',*,*,#4198,.T.);
#3357=ORIENTED_EDGE('',*,*,#4196,.T.);
#3358=ORIENTED_EDGE('',*,*,#4194,.T.);
#3359=CARTESIAN_POINT('',(4.825,-3.94,-0.645));
#3360=DIRECTION('',(0.0,0.0,1.0));
#3361=DIRECTION('',(1.0,0.0,0.0));
#3362=ORIENTED_EDGE('',*,*,#4201,.T.);
#3363=ORIENTED_EDGE('',*,*,#4202,.F.);
#3364=ORIENTED_EDGE('',*,*,#3773,.F.);
#3365=ORIENTED_EDGE('',*,*,#4183,.F.);
#3366=CARTESIAN_POINT('',(-1.27,-6.62,-3.965));
#3367=DIRECTION('',(0.984183323973689,-0.177152998315298,0.0));
#3368=DIRECTION('',(0.0,0.0,-1.0));
#3369=ORIENTED_EDGE('',*,*,#4179,.F.);
#3370=ORIENTED_EDGE('',*,*,#4203,.F.);
#3371=ORIENTED_EDGE('',*,*,#4201,.F.);
#3372=ORIENTED_EDGE('',*,*,#4182,.T.);
#3373=CARTESIAN_POINT('',(-1.18,-7.12,-3.645));
#3374=DIRECTION('',(0.0,-1.0,0.0));
#3375=DIRECTION('',(0.0,0.0,-1.0));
#3376=ORIENTED_EDGE('',*,*,#4202,.T.);
#3377=ORIENTED_EDGE('',*,*,#4203,.T.);
#3378=ORIENTED_EDGE('',*,*,#4178,.T.);
#3379=ORIENTED_EDGE('',*,*,#3710,.F.);
#3380=CARTESIAN_POINT('',(-1.5,-6.62,-4.195));
#3381=DIRECTION('',(0.0,-0.177152998315298,-0.984183323973689));
#3382=DIRECTION('',(0.0,-0.984183323973689,0.177152998315298));
#3383=ORIENTED_EDGE('',*,*,#3913,.F.);
#3384=ORIENTED_EDGE('',*,*,#3960,.F.);
#3385=ORIENTED_EDGE('',*,*,#4204,.F.);
#3386=ORIENTED_EDGE('',*,*,#3939,.F.);
#3387=CARTESIAN_POINT('',(3.325,3.43,-3.205));
#3388=DIRECTION('',(1.0,0.0,0.0));
#3389=DIRECTION('',(0.0,1.0,0.0));
#3390=ORIENTED_EDGE('',*,*,#3940,.T.);
#3391=ORIENTED_EDGE('',*,*,#4204,.T.);
#3392=ORIENTED_EDGE('',*,*,#3959,.F.);
#3393=ORIENTED_EDGE('',*,*,#3956,.F.);
#3394=CARTESIAN_POINT('',(-3.325,3.43,-3.205));
#3395=DIRECTION('',(0.0,0.0,1.0));
#3396=DIRECTION('',(1.0,0.0,0.0));
#3397=ORIENTED_EDGE('',*,*,#3743,.T.);
#3398=ORIENTED_EDGE('',*,*,#3930,.T.);
#3399=ORIENTED_EDGE('',*,*,#4205,.T.);
#3400=ORIENTED_EDGE('',*,*,#4206,.F.);
#3401=CARTESIAN_POINT('',(5.075,1.0,-4.285));
#3402=DIRECTION('',(-0.0,1.0,0.0));
#3403=DIRECTION('',(1.0,0.0,0.0));
#3404=ORIENTED_EDGE('',*,*,#4206,.T.);
#3405=ORIENTED_EDGE('',*,*,#4207,.T.);
#3406=ORIENTED_EDGE('',*,*,#4208,.T.);
#3407=ORIENTED_EDGE('',*,*,#3744,.T.);
#3408=CARTESIAN_POINT('',(3.825,0.0,0.0));
#3409=DIRECTION('',(1.0,0.0,0.0));
#3410=DIRECTION('',(0.0,1.0,0.0));
#3411=ORIENTED_EDGE('',*,*,#3745,.T.);
#3412=ORIENTED_EDGE('',*,*,#4208,.F.);
#3413=ORIENTED_EDGE('',*,*,#4209,.F.);
#3414=ORIENTED_EDGE('',*,*,#3928,.T.);
#3415=CARTESIAN_POINT('',(5.075,-1.0,-3.685));
#3416=DIRECTION('',(0.0,-1.0,0.0));
#3417=DIRECTION('',(0.0,0.0,-1.0));
#3418=ORIENTED_EDGE('',*,*,#4205,.F.);
#3419=ORIENTED_EDGE('',*,*,#3929,.T.);
#3420=ORIENTED_EDGE('',*,*,#4209,.T.);
#3421=ORIENTED_EDGE('',*,*,#4207,.F.);
#3422=CARTESIAN_POINT('',(5.075,1.0,-3.685));
#3423=DIRECTION('',(0.0,0.0,1.0));
#3424=DIRECTION('',(1.0,0.0,0.0));
#3425=ORIENTED_EDGE('',*,*,#3579,.F.);
#3426=ORIENTED_EDGE('',*,*,#3587,.T.);
#3427=ORIENTED_EDGE('',*,*,#3918,.T.);
#3428=ORIENTED_EDGE('',*,*,#3812,.F.);
#3429=CARTESIAN_POINT('',(-3.825,-3.43,-3.355));
#3430=DIRECTION('',(-1.0,0.0,0.0));
#3431=DIRECTION('',(0.0,0.0,1.0));
#3432=ORIENTED_EDGE('',*,*,#3847,.T.);
#3433=ORIENTED_EDGE('',*,*,#3851,.T.);
#3434=ORIENTED_EDGE('',*,*,#3849,.F.);
#3435=ORIENTED_EDGE('',*,*,#4210,.F.);
#3436=CARTESIAN_POINT('',(0.475,-6.87,0.355));
#3437=DIRECTION('',(0.0,-1.0,0.0));
#3438=DIRECTION('',(0.0,0.0,1.0));
#3439=ORIENTED_EDGE('',*,*,#3848,.T.);
#3440=ORIENTED_EDGE('',*,*,#4210,.T.);
#3441=CARTESIAN_POINT('',(0.475,-7.12,0.355));
#3442=DIRECTION('',(0.0,-1.0,0.0));
#3443=DIRECTION('',(0.0,0.0,-1.0));
#3444=ORIENTED_EDGE('',*,*,#3716,.T.);
#3445=ORIENTED_EDGE('',*,*,#4211,.T.);
#3446=ORIENTED_EDGE('',*,*,#4212,.F.);
#3447=ORIENTED_EDGE('',*,*,#3706,.F.);
#3448=CARTESIAN_POINT('',(-5.075,1.0,-4.285));
#3449=DIRECTION('',(0.0,-1.0,0.0));
#3450=DIRECTION('',(0.0,0.0,-1.0));
#3451=ORIENTED_EDGE('',*,*,#4212,.T.);
#3452=ORIENTED_EDGE('',*,*,#4213,.T.);
#3453=ORIENTED_EDGE('',*,*,#4214,.F.);
#3454=ORIENTED_EDGE('',*,*,#3707,.F.);
#3455=CARTESIAN_POINT('',(-5.075,1.0,-3.685));
#3456=DIRECTION('',(0.0,0.0,-1.0));
#3457=DIRECTION('',(0.0,-1.0,0.0));
#3458=ORIENTED_EDGE('',*,*,#3714,.T.);
#3459=ORIENTED_EDGE('',*,*,#3708,.F.);
#3460=ORIENTED_EDGE('',*,*,#4214,.T.);
#3461=ORIENTED_EDGE('',*,*,#4215,.T.);
#3462=CARTESIAN_POINT('',(-5.075,-1.0,-3.685));
#3463=DIRECTION('',(-0.0,1.0,0.0));
#3464=DIRECTION('',(1.0,0.0,0.0));
#3465=ORIENTED_EDGE('',*,*,#3715,.F.);
#3466=ORIENTED_EDGE('',*,*,#4215,.F.);
#3467=ORIENTED_EDGE('',*,*,#4213,.F.);
#3468=ORIENTED_EDGE('',*,*,#4211,.F.);
#3469=CARTESIAN_POINT('',(-3.825,0.0,0.0));
#3470=DIRECTION('',(1.0,0.0,0.0));
#3471=DIRECTION('',(0.0,1.0,0.0));
#3472=ORIENTED_EDGE('',*,*,#3560,.T.);
#3473=ORIENTED_EDGE('',*,*,#3685,.T.);
#3474=ORIENTED_EDGE('',*,*,#3683,.F.);
#3475=ORIENTED_EDGE('',*,*,#3699,.F.);
#3476=CARTESIAN_POINT('',(-5.325,-1.1,-0.195));
#3477=DIRECTION('',(0.0,0.0,1.0));
#3478=DIRECTION('',(1.0,0.0,0.0));
#3479=ORIENTED_EDGE('',*,*,#3609,.T.);
#3480=ORIENTED_EDGE('',*,*,#4216,.T.);
#3481=ORIENTED_EDGE('',*,*,#4217,.F.);
#3482=ORIENTED_EDGE('',*,*,#4218,.F.);
#3483=ORIENTED_EDGE('',*,*,#4219,.T.);
#3484=CARTESIAN_POINT('',(4.825,-2.2,1.605));
#3485=DIRECTION('',(-0.0,1.0,0.0));
#3486=DIRECTION('',(1.0,0.0,0.0));
#3487=ORIENTED_EDGE('',*,*,#3597,.T.);
#3488=ORIENTED_EDGE('',*,*,#4219,.F.);
#3489=ORIENTED_EDGE('',*,*,#4220,.F.);
#3490=ORIENTED_EDGE('',*,*,#4221,.F.);
#3491=CARTESIAN_POINT('',(4.825,0.0,0.0));
#3492=DIRECTION('',(1.0,0.0,0.0));
#3493=DIRECTION('',(0.0,1.0,0.0));
#3494=ORIENTED_EDGE('',*,*,#3614,.T.);
#3495=ORIENTED_EDGE('',*,*,#4221,.T.);
#3496=ORIENTED_EDGE('',*,*,#4222,.T.);
#3497=ORIENTED_EDGE('',*,*,#4223,.F.);
#3498=ORIENTED_EDGE('',*,*,#4224,.F.);
#3499=CARTESIAN_POINT('',(4.825,-2.35,2.6007447052));
#3500=DIRECTION('',(0.0,-1.0,0.0));
#3501=DIRECTION('',(0.0,0.0,-1.0));
#3502=ORIENTED_EDGE('',*,*,#3615,.T.);
#3503=ORIENTED_EDGE('',*,*,#4224,.T.);
#3504=ORIENTED_EDGE('',*,*,#4225,.F.);
#3505=ORIENTED_EDGE('',*,*,#4226,.F.);
#3506=CARTESIAN_POINT('',(4.825,-2.5,2.422021250725));
#3507=DIRECTION('',(0.0,0.765974342782488,-0.64287114276419));
#3508=DIRECTION('',(-1.0,0.0,0.0));
#3509=ORIENTED_EDGE('',*,*,#3616,.T.);
#3510=ORIENTED_EDGE('',*,*,#4226,.T.);
#3511=ORIENTED_EDGE('',*,*,#4227,.F.);
#3512=ORIENTED_EDGE('',*,*,#4228,.F.);
#3513=CARTESIAN_POINT('',(4.825,-2.5,2.62627661705));
#3514=DIRECTION('',(0.0,-1.0,0.0));
#3515=DIRECTION('',(0.0,0.0,-1.0));
#3516=ORIENTED_EDGE('',*,*,#3617,.T.);
#3517=ORIENTED_EDGE('',*,*,#4228,.T.);
#3518=ORIENTED_EDGE('',*,*,#4229,.F.);
#3519=ORIENTED_EDGE('',*,*,#4230,.F.);
#3520=CARTESIAN_POINT('',(4.825,-2.35,2.805));
#3521=DIRECTION('',(0.0,-0.765974216092578,0.642871293713882));
#3522=DIRECTION('',(-1.0,0.0,0.0));
#3523=ORIENTED_EDGE('',*,*,#3618,.T.);
#3524=ORIENTED_EDGE('',*,*,#4230,.T.);
#3525=ORIENTED_EDGE('',*,*,#4231,.F.);
#3526=ORIENTED_EDGE('',*,*,#4216,.F.);
#3527=CARTESIAN_POINT('',(4.825,-2.2,2.805));
#3528=DIRECTION('',(0.0,0.0,1.0));
#3529=DIRECTION('',(1.0,0.0,0.0));
#3530=ORIENTED_EDGE('',*,*,#4217,.T.);
#3531=ORIENTED_EDGE('',*,*,#4231,.T.);
#3532=ORIENTED_EDGE('',*,*,#4229,.T.);
#3533=ORIENTED_EDGE('',*,*,#4227,.T.);
#3534=ORIENTED_EDGE('',*,*,#4225,.T.);
#3535=ORIENTED_EDGE('',*,*,#4223,.T.);
#3536=ORIENTED_EDGE('',*,*,#4232,.T.);
#3537=CARTESIAN_POINT('',(4.775,0.0,0.0));
#3538=DIRECTION('',(1.0,0.0,0.0));
#3539=DIRECTION('',(0.0,1.0,0.0));
#3540=ORIENTED_EDGE('',*,*,#4220,.T.);
#3541=ORIENTED_EDGE('',*,*,#4218,.T.);
#3542=ORIENTED_EDGE('',*,*,#4232,.F.);
#3543=ORIENTED_EDGE('',*,*,#4222,.F.);
#3544=CARTESIAN_POINT('',(4.825,-2.35,1.605));
#3545=DIRECTION('',(0.0,0.0,-1.0));
#3546=DIRECTION('',(0.0,-1.0,0.0));
#3547=COLOUR_RGB('',0.749019622802734,0.749019622802734,0.749019622802734);
#3548=EDGE_CURVE('',#4233,#4234,#4235,.T.);
#3549=EDGE_CURVE('',#4236,#4234,#4237,.T.);
#3550=EDGE_CURVE('',#4238,#4236,#4239,.T.);
#3551=EDGE_CURVE('',#4240,#4238,#4241,.T.);
#3552=EDGE_CURVE('',#4240,#4233,#4242,.T.);
#3553=EDGE_CURVE('',#4243,#4244,#4245,.T.);
#3554=EDGE_CURVE('',#4243,#4246,#4247,.T.);
#3555=EDGE_CURVE('',#4248,#4246,#4249,.T.);
#3556=EDGE_CURVE('',#4250,#4248,#4251,.T.);
#3557=EDGE_CURVE('',#4244,#4250,#4252,.T.);
#3558=EDGE_CURVE('',#4253,#4233,#4254,.T.);
#3559=EDGE_CURVE('',#4253,#4255,#4256,.T.);
#3560=EDGE_CURVE('',#4257,#4255,#4258,.T.);
#3561=EDGE_CURVE('',#4259,#4257,#4260,.T.);
#3562=EDGE_CURVE('',#4259,#4234,#4261,.T.);
#3563=EDGE_CURVE('',#4259,#4262,#4263,.T.);
#3564=EDGE_CURVE('',#4262,#4264,#4265,.T.);
#3565=EDGE_CURVE('',#4264,#4236,#4266,.T.);
#3566=EDGE_CURVE('',#4267,#4244,#4268,.T.);
#3567=EDGE_CURVE('',#4269,#4250,#4270,.T.);
#3568=EDGE_CURVE('',#4269,#4267,#4271,.T.);
#3569=EDGE_CURVE('',#4272,#4273,#4274,.T.);
#3570=EDGE_CURVE('',#4236,#4272,#4275,.T.);
#3571=EDGE_CURVE('',#4264,#4273,#4276,.T.);
#3572=EDGE_CURVE('',#4277,#4278,#4279,.T.);
#3573=EDGE_CURVE('',#4277,#4280,#4281,.T.);
#3574=EDGE_CURVE('',#4280,#4282,#4283,.T.);
#3575=EDGE_CURVE('',#4282,#4278,#4284,.T.);
#3576=EDGE_CURVE('',#4285,#4286,#4287,.T.);
#3577=EDGE_CURVE('',#4285,#4272,#4288,.T.);
#3578=EDGE_CURVE('',#4273,#4289,#4290,.T.);
#3579=EDGE_CURVE('',#4289,#4286,#4291,.T.);
#3580=EDGE_CURVE('',#4278,#4292,#4293,.T.);
#3581=EDGE_CURVE('',#4294,#4292,#4295,.T.);
#3582=EDGE_CURVE('',#4294,#4277,#4296,.T.);
#3583=EDGE_CURVE('',#4297,#4294,#4298,.T.);
#3584=EDGE_CURVE('',#4299,#4297,#4300,.T.);
#3585=EDGE_CURVE('',#4301,#4299,#4302,.T.);
#3586=EDGE_CURVE('',#4280,#4301,#4303,.T.);
#3587=EDGE_CURVE('',#4289,#4304,#4305,.T.);
#3588=EDGE_CURVE('',#4306,#4262,#4307,.T.);
#3589=EDGE_CURVE('',#4304,#4306,#4308,.T.);
#3590=EDGE_CURVE('',#4309,#4301,#4310,.T.);
#3591=EDGE_CURVE('',#4309,#4282,#4311,.T.);
#3592=EDGE_CURVE('',#4312,#4313,#4314,.T.);
#3593=EDGE_CURVE('',#4315,#4313,#4316,.T.);
#3594=EDGE_CURVE('',#4317,#4315,#4318,.T.);
#3595=EDGE_CURVE('',#4312,#4317,#4319,.T.);
#3596=EDGE_CURVE('',#4320,#4321,#4322,.T.);
#3597=EDGE_CURVE('',#4323,#4320,#4324,.T.);
#3598=EDGE_CURVE('',#4309,#4323,#4325,.T.);
#3599=EDGE_CURVE('',#4326,#4299,#4327,.T.);
#3600=EDGE_CURVE('',#4321,#4326,#4328,.T.);
#3601=EDGE_CURVE('',#4329,#4312,#4330,.T.);
#3602=EDGE_CURVE('',#4329,#4331,#4332,.T.);
#3603=EDGE_CURVE('',#4333,#4331,#4334,.T.);
#3604=EDGE_CURVE('',#4335,#4333,#4336,.T.);
#3605=EDGE_CURVE('',#4313,#4335,#4337,.T.);
#3606=EDGE_CURVE('',#4317,#4338,#4339,.T.);
#3607=EDGE_CURVE('',#4338,#4340,#4341,.T.);
#3608=EDGE_CURVE('',#4329,#4340,#4342,.T.);
#3609=EDGE_CURVE('',#4320,#4343,#4344,.T.);
#3610=EDGE_CURVE('',#4345,#4321,#4346,.T.);
#3611=EDGE_CURVE('',#4347,#4345,#4348,.T.);
#3612=EDGE_CURVE('',#4347,#4349,#4350,.T.);
#3613=EDGE_CURVE('',#4349,#4309,#4351,.T.);
#3614=EDGE_CURVE('',#4352,#4323,#4353,.T.);
#3615=EDGE_CURVE('',#4354,#4352,#4355,.T.);
#3616=EDGE_CURVE('',#4356,#4354,#4357,.T.);
#3617=EDGE_CURVE('',#4358,#4356,#4359,.T.);
#3618=EDGE_CURVE('',#4343,#4358,#4360,.T.);
#3619=EDGE_CURVE('',#4345,#4361,#4362,.T.);
#3620=EDGE_CURVE('',#4361,#4363,#4364,.T.);
#3621=EDGE_CURVE('',#4347,#4363,#4365,.T.);
#3622=EDGE_CURVE('',#4340,#4366,#4367,.T.);
#3623=EDGE_CURVE('',#4366,#4331,#4368,.T.);
#3624=EDGE_CURVE('',#4326,#4369,#4370,.T.);
#3625=EDGE_CURVE('',#4369,#4371,#4372,.T.);
#3626=EDGE_CURVE('',#4361,#4371,#4373,.T.);
#3627=EDGE_CURVE('',#4374,#4375,#4376,.T.);
#3628=EDGE_CURVE('',#4374,#4333,#4377,.T.);
#3629=EDGE_CURVE('',#4366,#4378,#4379,.T.);
#3630=EDGE_CURVE('',#4380,#4378,#4381,.T.);
#3631=EDGE_CURVE('',#4363,#4380,#4382,.T.);
#3632=EDGE_CURVE('',#4371,#4383,#4384,.T.);
#3633=EDGE_CURVE('',#4383,#4385,#4386,.T.);
#3634=EDGE_CURVE('',#4375,#4385,#4387,.T.);
#3635=EDGE_CURVE('',#4388,#4389,#4390,.T.);
#3636=EDGE_CURVE('',#4388,#4391,#4392,.T.);
#3637=EDGE_CURVE('',#4391,#4374,#4393,.T.);
#3638=EDGE_CURVE('',#4394,#4375,#4395,.T.);
#3639=EDGE_CURVE('',#4389,#4394,#4396,.T.);
#3640=EDGE_CURVE('',#4397,#4398,#4399,.T.);
#3641=EDGE_CURVE('',#4400,#4397,#4401,.T.);
#3642=EDGE_CURVE('',#4400,#4388,#4402,.T.);
#3643=EDGE_CURVE('',#4389,#4403,#4404,.T.);
#3644=EDGE_CURVE('',#4405,#4403,#4406,.T.);
#3645=EDGE_CURVE('',#4407,#4405,#4408,.T.);
#3646=EDGE_CURVE('',#4398,#4407,#4409,.T.);
#3647=EDGE_CURVE('',#4398,#4410,#4411,.T.);
#3648=EDGE_CURVE('',#4412,#4410,#4413,.T.);
#3649=EDGE_CURVE('',#4397,#4412,#4414,.T.);
#3650=EDGE_CURVE('',#4415,#4383,#4416,.T.);
#3651=EDGE_CURVE('',#4415,#4400,#4417,.T.);
#3652=EDGE_CURVE('',#4385,#4412,#4418,.T.);
#3653=EDGE_CURVE('',#4410,#4419,#4420,.T.);
#3654=EDGE_CURVE('',#4419,#4421,#4422,.T.);
#3655=EDGE_CURVE('',#4421,#4423,#4424,.T.);
#3656=EDGE_CURVE('',#4423,#4394,#4425,.T.);
#3657=EDGE_CURVE('',#4426,#4427,#4428,.T.);
#3658=EDGE_CURVE('',#4427,#4429,#4430,.T.);
#3659=EDGE_CURVE('',#4429,#4431,#4432,.T.);
#3660=EDGE_CURVE('',#4431,#4433,#4434,.T.);
#3661=EDGE_CURVE('',#4433,#4435,#4436,.T.);
#3662=EDGE_CURVE('',#4435,#4437,#4438,.T.);
#3663=EDGE_CURVE('',#4437,#4439,#4440,.T.);
#3664=EDGE_CURVE('',#4439,#4426,#4441,.T.);
#3665=EDGE_CURVE('',#4403,#4423,#4442,.T.);
#3666=EDGE_CURVE('',#4405,#4421,#4443,.T.);
#3667=EDGE_CURVE('',#4407,#4419,#4444,.T.);
#3668=EDGE_CURVE('',#4445,#4446,#4447,.T.);
#3669=EDGE_CURVE('',#4446,#4427,#4448,.T.);
#3670=EDGE_CURVE('',#4445,#4426,#4449,.T.);
#3671=EDGE_CURVE('',#4450,#4445,#4451,.T.);
#3672=EDGE_CURVE('',#4452,#4450,#4453,.T.);
#3673=EDGE_CURVE('',#4452,#4454,#4455,.T.);
#3674=EDGE_CURVE('',#4454,#4456,#4457,.T.);
#3675=EDGE_CURVE('',#4458,#4456,#4459,.T.);
#3676=EDGE_CURVE('',#4460,#4458,#4461,.T.);
#3677=EDGE_CURVE('',#4446,#4460,#4462,.T.);
#3678=EDGE_CURVE('',#4460,#4429,#4463,.T.);
#3679=EDGE_CURVE('',#4458,#4431,#4464,.T.);
#3680=EDGE_CURVE('',#4456,#4433,#4465,.T.);
#3681=EDGE_CURVE('',#4454,#4435,#4466,.T.);
#3682=EDGE_CURVE('',#4467,#4452,#4468,.T.);
#3683=EDGE_CURVE('',#4467,#4469,#4470,.T.);
#3684=EDGE_CURVE('',#4469,#4437,#4471,.T.);
#3685=EDGE_CURVE('',#4255,#4469,#4472,.T.);
#3686=EDGE_CURVE('',#4253,#4473,#4474,.T.);
#3687=EDGE_CURVE('',#4475,#4473,#4476,.T.);
#3688=EDGE_CURVE('',#4475,#4477,#4478,.T.);
#3689=EDGE_CURVE('',#4477,#4479,#4480,.T.);
#3690=EDGE_CURVE('',#4479,#4481,#4482,.T.);
#3691=EDGE_CURVE('',#4483,#4481,#4484,.T.);
#3692=EDGE_CURVE('',#4485,#4483,#4486,.T.);
#3693=EDGE_CURVE('',#4485,#4439,#4487,.T.);
#3694=EDGE_CURVE('',#4488,#4485,#4489,.T.);
#3695=EDGE_CURVE('',#4450,#4488,#4490,.T.);
#3696=EDGE_CURVE('',#4491,#4492,#4493,.T.);
#3697=EDGE_CURVE('',#4494,#4491,#4495,.T.);
#3698=EDGE_CURVE('',#4494,#4306,#4496,.T.);
#3699=EDGE_CURVE('',#4257,#4467,#4497,.T.);
#3700=EDGE_CURVE('',#4488,#4498,#4499,.T.);
#3701=EDGE_CURVE('',#4267,#4498,#4500,.T.);
#3702=EDGE_CURVE('',#4501,#4269,#4502,.T.);
#3703=EDGE_CURVE('',#4501,#4503,#4504,.T.);
#3704=EDGE_CURVE('',#4503,#4505,#4506,.T.);
#3705=EDGE_CURVE('',#4507,#4505,#4508,.T.);
#3706=EDGE_CURVE('',#4507,#4509,#4510,.T.);
#3707=EDGE_CURVE('',#4509,#4511,#4512,.T.);
#3708=EDGE_CURVE('',#4511,#4492,#4513,.T.);
#3709=EDGE_CURVE('',#4514,#4515,#4516,.T.);
#3710=EDGE_CURVE('',#4514,#4517,#4518,.T.);
#3711=EDGE_CURVE('',#4517,#4519,#4520,.T.);
#3712=EDGE_CURVE('',#4519,#4521,#4522,.T.);
#3713=EDGE_CURVE('',#4491,#4521,#4523,.T.);
#3714=EDGE_CURVE('',#4524,#4492,#4525,.T.);
#3715=EDGE_CURVE('',#4524,#4526,#4527,.T.);
#3716=EDGE_CURVE('',#4507,#4526,#4528,.T.);
#3717=EDGE_CURVE('',#4529,#4505,#4530,.T.);
#3718=EDGE_CURVE('',#4531,#4529,#4532,.T.);
#3719=EDGE_CURVE('',#4533,#4531,#4534,.T.);
#3720=EDGE_CURVE('',#4535,#4533,#4536,.T.);
#3721=EDGE_CURVE('',#4537,#4535,#4538,.T.);
#3722=EDGE_CURVE('',#4539,#4537,#4540,.T.);
#3723=EDGE_CURVE('',#4541,#4539,#4542,.T.);
#3724=EDGE_CURVE('',#4541,#4543,#4544,.T.);
#3725=EDGE_CURVE('',#4543,#4545,#4546,.T.);
#3726=EDGE_CURVE('',#4545,#4547,#4548,.T.);
#3727=EDGE_CURVE('',#4547,#4549,#4550,.T.);
#3728=EDGE_CURVE('',#4549,#4551,#4552,.T.);
#3729=EDGE_CURVE('',#4553,#4551,#4554,.T.);
#3730=EDGE_CURVE('',#4555,#4553,#4556,.T.);
#3731=EDGE_CURVE('',#4557,#4555,#4558,.T.);
#3732=EDGE_CURVE('',#4559,#4557,#4560,.T.);
#3733=EDGE_CURVE('',#4561,#4559,#4562,.T.);
#3734=EDGE_CURVE('',#4563,#4561,#4564,.T.);
#3735=EDGE_CURVE('',#4565,#4563,#4566,.T.);
#3736=EDGE_CURVE('',#4565,#4567,#4568,.T.);
#3737=EDGE_CURVE('',#4567,#4569,#4570,.T.);
#3738=EDGE_CURVE('',#4569,#4571,#4572,.T.);
#3739=EDGE_CURVE('',#4571,#4573,#4574,.T.);
#3740=EDGE_CURVE('',#4573,#4575,#4576,.T.);
#3741=EDGE_CURVE('',#4577,#4575,#4578,.T.);
#3742=EDGE_CURVE('',#4579,#4577,#4580,.T.);
#3743=EDGE_CURVE('',#4581,#4579,#4582,.T.);
#3744=EDGE_CURVE('',#4583,#4581,#4584,.T.);
#3745=EDGE_CURVE('',#4585,#4583,#4586,.T.);
#3746=EDGE_CURVE('',#4587,#4585,#4588,.T.);
#3747=EDGE_CURVE('',#4589,#4587,#4590,.T.);
#3748=EDGE_CURVE('',#4591,#4589,#4592,.T.);
#3749=EDGE_CURVE('',#4593,#4591,#4594,.T.);
#3750=EDGE_CURVE('',#4593,#4595,#4596,.T.);
#3751=EDGE_CURVE('',#4595,#4597,#4598,.T.);
#3752=EDGE_CURVE('',#4597,#4599,#4600,.T.);
#3753=EDGE_CURVE('',#4601,#4599,#4602,.T.);
#3754=EDGE_CURVE('',#4515,#4601,#4603,.T.);
#3755=EDGE_CURVE('',#4543,#4604,#4605,.T.);
#3756=EDGE_CURVE('',#4604,#4606,#4607,.T.);
#3757=EDGE_CURVE('',#4606,#4545,#4608,.T.);
#3758=EDGE_CURVE('',#4609,#4610,#4611,.T.);
#3759=EDGE_CURVE('',#4610,#4612,#4613,.T.);
#3760=EDGE_CURVE('',#4612,#4614,#4615,.T.);
#3761=EDGE_CURVE('',#4614,#4609,#4616,.T.);
#3762=EDGE_CURVE('',#4617,#4618,#4619,.T.);
#3763=EDGE_CURVE('',#4618,#4620,#4621,.T.);
#3764=EDGE_CURVE('',#4620,#4622,#4623,.T.);
#3765=EDGE_CURVE('',#4622,#4617,#4624,.T.);
#3766=EDGE_CURVE('',#4625,#4626,#4627,.T.);
#3767=EDGE_CURVE('',#4626,#4628,#4629,.T.);
#3768=EDGE_CURVE('',#4628,#4549,#4630,.T.);
#3769=EDGE_CURVE('',#4547,#4631,#4632,.T.);
#3770=EDGE_CURVE('',#4631,#4625,#4633,.T.);
#3771=EDGE_CURVE('',#4634,#4635,#4636,.T.);
#3772=EDGE_CURVE('',#4634,#4637,#4638,.T.);
#3773=EDGE_CURVE('',#4637,#4514,#4639,.T.);
#3774=EDGE_CURVE('',#4515,#4640,#4641,.T.);
#3775=EDGE_CURVE('',#4640,#4635,#4642,.T.);
#3776=EDGE_CURVE('',#4606,#4643,#4644,.T.);
#3777=EDGE_CURVE('',#4643,#4535,#4645,.T.);
#3778=EDGE_CURVE('',#4535,#4646,#4647,.T.);
#3779=EDGE_CURVE('',#4646,#4648,#4649,.T.);
#3780=EDGE_CURVE('',#4648,#4545,#4650,.T.);
#3781=EDGE_CURVE('',#4651,#4601,#4652,.T.);
#3782=EDGE_CURVE('',#4651,#4653,#4654,.T.);
#3783=EDGE_CURVE('',#4653,#4515,#4655,.T.);
#3784=EDGE_CURVE('',#4656,#4541,#4657,.T.);
#3785=EDGE_CURVE('',#4658,#4656,#4659,.T.);
#3786=EDGE_CURVE('',#4658,#4543,#4660,.T.);
#3787=EDGE_CURVE('',#4661,#4662,#4663,.T.);
#3788=EDGE_CURVE('',#4664,#4661,#4665,.T.);
#3789=EDGE_CURVE('',#4666,#4664,#4667,.T.);
#3790=EDGE_CURVE('',#4551,#4666,#4668,.T.);
#3791=EDGE_CURVE('',#4662,#4549,#4669,.T.);
#3792=EDGE_CURVE('',#4670,#4648,#4671,.T.);
#3793=EDGE_CURVE('',#4670,#4547,#4672,.T.);
#3794=EDGE_CURVE('',#4673,#4674,#4675,.T.);
#3795=EDGE_CURVE('',#4674,#4640,#4676,.T.);
#3796=EDGE_CURVE('',#4677,#4653,#4678,.T.);
#3797=EDGE_CURVE('',#4677,#4597,#4679,.T.);
#3798=EDGE_CURVE('',#4597,#4680,#4681,.T.);
#3799=EDGE_CURVE('',#4682,#4680,#4683,.T.);
#3800=EDGE_CURVE('',#4682,#4684,#4685,.T.);
#3801=EDGE_CURVE('',#4686,#4684,#4687,.T.);
#3802=EDGE_CURVE('',#4688,#4686,#4689,.T.);
#3803=EDGE_CURVE('',#4690,#4688,#4691,.T.);
#3804=EDGE_CURVE('',#4591,#4690,#4692,.T.);
#3805=EDGE_CURVE('',#4693,#4591,#4694,.T.);
#3806=EDGE_CURVE('',#4292,#4693,#4695,.T.);
#3807=EDGE_CURVE('',#4696,#4278,#4697,.T.);
#3808=EDGE_CURVE('',#4696,#4698,#4699,.T.);
#3809=EDGE_CURVE('',#4700,#4698,#4701,.T.);
#3810=EDGE_CURVE('',#4700,#4702,#4703,.T.);
#3811=EDGE_CURVE('',#4702,#4285,#4704,.T.);
#3812=EDGE_CURVE('',#4286,#4705,#4706,.T.);
#3813=EDGE_CURVE('',#4707,#4705,#4708,.T.);
#3814=EDGE_CURVE('',#4707,#4519,#4709,.T.);
#3815=EDGE_CURVE('',#4519,#4710,#4711,.T.);
#3816=EDGE_CURVE('',#4710,#4712,#4713,.T.);
#3817=EDGE_CURVE('',#4714,#4712,#4715,.T.);
#3818=EDGE_CURVE('',#4714,#4673,#4716,.T.);
#3819=EDGE_CURVE('',#4717,#4718,#4719,.T.);
#3820=EDGE_CURVE('',#4720,#4717,#4721,.T.);
#3821=EDGE_CURVE('',#4722,#4720,#4723,.T.);
#3822=EDGE_CURVE('',#4722,#4724,#4725,.T.);
#3823=EDGE_CURVE('',#4724,#4726,#4727,.T.);
#3824=EDGE_CURVE('',#4726,#4728,#4729,.T.);
#3825=EDGE_CURVE('',#4728,#4730,#4731,.T.);
#3826=EDGE_CURVE('',#4730,#4732,#4733,.T.);
#3827=EDGE_CURVE('',#4732,#4734,#4735,.T.);
#3828=EDGE_CURVE('',#4674,#4734,#4736,.T.);
#3829=EDGE_CURVE('',#4673,#4737,#4738,.T.);
#3830=EDGE_CURVE('',#4737,#4739,#4740,.T.);
#3831=EDGE_CURVE('',#4718,#4739,#4741,.T.);
#3832=EDGE_CURVE('',#4742,#4743,#4744,.T.);
#3833=EDGE_CURVE('',#4745,#4742,#4746,.T.);
#3834=EDGE_CURVE('',#4747,#4745,#4748,.T.);
#3835=EDGE_CURVE('',#4747,#4743,#4749,.T.);
#3836=EDGE_CURVE('',#4750,#4718,#4751,.T.);
#3837=EDGE_CURVE('',#4752,#4750,#4753,.T.);
#3838=EDGE_CURVE('',#4752,#4717,#4754,.T.);
#3839=EDGE_CURVE('',#4743,#4755,#4756,.T.);
#3840=EDGE_CURVE('',#4757,#4755,#4758,.T.);
#3841=EDGE_CURVE('',#4684,#4757,#4759,.T.);
#3842=EDGE_CURVE('',#4682,#4760,#4761,.T.);
#3843=EDGE_CURVE('',#4762,#4760,#4763,.T.);
#3844=EDGE_CURVE('',#4764,#4762,#4765,.T.);
#3845=EDGE_CURVE('',#4766,#4764,#4767,.T.);
#3846=EDGE_CURVE('',#4768,#4766,#4769,.T.);
#3847=EDGE_CURVE('',#4770,#4768,#4771,.T.);
#3848=EDGE_CURVE('',#4772,#4770,#4773,.T.);
#3849=EDGE_CURVE('',#4772,#4774,#4775,.T.);
#3850=EDGE_CURVE('',#4774,#4742,#4776,.T.);
#3851=EDGE_CURVE('',#4768,#4774,#4777,.T.);
#3852=EDGE_CURVE('',#4766,#4778,#4779,.T.);
#3853=EDGE_CURVE('',#4778,#4745,#4780,.T.);
#3854=EDGE_CURVE('',#4781,#4778,#4782,.T.);
#3855=EDGE_CURVE('',#4781,#4747,#4783,.T.);
#3856=EDGE_CURVE('',#4781,#4764,#4784,.T.);
#3857=EDGE_CURVE('',#4764,#4743,#4785,.T.);
#3858=EDGE_CURVE('',#4762,#4786,#4787,.T.);
#3859=EDGE_CURVE('',#4786,#4755,#4788,.T.);
#3860=EDGE_CURVE('',#4760,#4789,#4790,.T.);
#3861=EDGE_CURVE('',#4791,#4789,#4792,.T.);
#3862=EDGE_CURVE('',#4791,#4793,#4794,.T.);
#3863=EDGE_CURVE('',#4793,#4786,#4795,.T.);
#3864=EDGE_CURVE('',#4786,#4796,#4797,.T.);
#3865=EDGE_CURVE('',#4796,#4757,#4798,.T.);
#3866=EDGE_CURVE('',#4688,#4793,#4799,.T.);
#3867=EDGE_CURVE('',#4686,#4796,#4800,.T.);
#3868=EDGE_CURVE('',#4791,#4801,#4802,.T.);
#3869=EDGE_CURVE('',#4803,#4801,#4804,.T.);
#3870=EDGE_CURVE('',#4690,#4803,#4805,.T.);
#3871=EDGE_CURVE('',#4567,#4806,#4807,.T.);
#3872=EDGE_CURVE('',#4806,#4808,#4809,.T.);
#3873=EDGE_CURVE('',#4808,#4569,#4810,.T.);
#3874=EDGE_CURVE('',#4811,#4812,#4813,.T.);
#3875=EDGE_CURVE('',#4812,#4814,#4815,.T.);
#3876=EDGE_CURVE('',#4814,#4816,#4817,.T.);
#3877=EDGE_CURVE('',#4816,#4811,#4818,.T.);
#3878=EDGE_CURVE('',#4819,#4820,#4821,.T.);
#3879=EDGE_CURVE('',#4820,#4822,#4823,.T.);
#3880=EDGE_CURVE('',#4822,#4824,#4825,.T.);
#3881=EDGE_CURVE('',#4824,#4819,#4826,.T.);
#3882=EDGE_CURVE('',#4827,#4828,#4829,.T.);
#3883=EDGE_CURVE('',#4828,#4830,#4831,.T.);
#3884=EDGE_CURVE('',#4830,#4573,#4832,.T.);
#3885=EDGE_CURVE('',#4571,#4833,#4834,.T.);
#3886=EDGE_CURVE('',#4833,#4827,#4835,.T.);
#3887=EDGE_CURVE('',#4803,#4593,#4836,.T.);
#3888=EDGE_CURVE('',#4808,#4837,#4838,.T.);
#3889=EDGE_CURVE('',#4837,#4559,#4839,.T.);
#3890=EDGE_CURVE('',#4559,#4840,#4841,.T.);
#3891=EDGE_CURVE('',#4840,#4842,#4843,.T.);
#3892=EDGE_CURVE('',#4842,#4569,#4844,.T.);
#3893=EDGE_CURVE('',#4845,#4589,#4846,.T.);
#3894=EDGE_CURVE('',#4845,#4693,#4847,.T.);
#3895=EDGE_CURVE('',#4848,#4849,#4850,.T.);
#3896=EDGE_CURVE('',#4851,#4848,#4852,.T.);
#3897=EDGE_CURVE('',#4853,#4851,#4854,.T.);
#3898=EDGE_CURVE('',#4575,#4853,#4855,.T.);
#3899=EDGE_CURVE('',#4849,#4573,#4856,.T.);
#3900=EDGE_CURVE('',#4857,#4842,#4858,.T.);
#3901=EDGE_CURVE('',#4857,#4571,#4859,.T.);
#3902=EDGE_CURVE('',#4860,#4565,#4861,.T.);
#3903=EDGE_CURVE('',#4862,#4860,#4863,.T.);
#3904=EDGE_CURVE('',#4862,#4567,#4864,.T.);
#3905=EDGE_CURVE('',#4865,#4587,#4866,.T.);
#3906=EDGE_CURVE('',#4845,#4865,#4867,.T.);
#3907=EDGE_CURVE('',#4868,#4521,#4869,.T.);
#3908=EDGE_CURVE('',#4494,#4868,#4870,.T.);
#3909=EDGE_CURVE('',#4871,#4599,#4872,.T.);
#3910=EDGE_CURVE('',#4651,#4871,#4873,.T.);
#3911=EDGE_CURVE('',#4865,#4297,#4874,.T.);
#3912=EDGE_CURVE('',#4851,#4875,#4876,.T.);
#3913=EDGE_CURVE('',#4875,#4877,#4878,.T.);
#3914=EDGE_CURVE('',#4879,#4877,#4880,.T.);
#3915=EDGE_CURVE('',#4879,#4881,#4882,.T.);
#3916=EDGE_CURVE('',#4881,#4853,#4883,.T.);
#3917=EDGE_CURVE('',#4868,#4707,#4884,.T.);
#3918=EDGE_CURVE('',#4304,#4705,#4885,.T.);
#3919=EDGE_CURVE('',#4871,#4677,#4886,.T.);
#3920=EDGE_CURVE('',#4887,#4888,#4889,.T.);
#3921=EDGE_CURVE('',#4887,#4503,#4890,.T.);
#3922=EDGE_CURVE('',#4891,#4501,#4892,.T.);
#3923=EDGE_CURVE('',#4893,#4891,#4894,.T.);
#3924=EDGE_CURVE('',#4893,#4888,#4895,.T.);
#3925=EDGE_CURVE('',#4664,#4896,#4897,.T.);
#3926=EDGE_CURVE('',#4898,#4896,#4899,.T.);
#3927=EDGE_CURVE('',#4898,#4666,#4900,.T.);
#3928=EDGE_CURVE('',#4901,#4585,#4902,.T.);
#3929=EDGE_CURVE('',#4903,#4901,#4904,.T.);
#3930=EDGE_CURVE('',#4579,#4903,#4905,.T.);
#3931=EDGE_CURVE('',#4881,#4577,#4906,.T.);
#3932=EDGE_CURVE('',#4315,#4879,#4907,.T.);
#3933=EDGE_CURVE('',#4391,#4335,#4908,.T.);
#3934=EDGE_CURVE('',#4369,#4415,#4909,.T.);
#3935=EDGE_CURVE('',#4891,#4910,#4911,.T.);
#3936=EDGE_CURVE('',#4912,#4248,#4913,.T.);
#3937=EDGE_CURVE('',#4912,#4914,#4915,.T.);
#3938=EDGE_CURVE('',#4338,#4914,#4916,.T.);
#3939=EDGE_CURVE('',#4877,#4917,#4918,.T.);
#3940=EDGE_CURVE('',#4910,#4917,#4919,.T.);
#3941=EDGE_CURVE('',#4920,#4921,#4922,.T.);
#3942=EDGE_CURVE('',#4921,#4923,#4924,.T.);
#3943=EDGE_CURVE('',#4925,#4923,#4926,.T.);
#3944=EDGE_CURVE('',#4920,#4925,#4927,.T.);
#3945=EDGE_CURVE('',#4928,#4920,#4929,.T.);
#3946=EDGE_CURVE('',#4930,#4928,#4931,.T.);
#3947=EDGE_CURVE('',#4932,#4930,#4933,.T.);
#3948=EDGE_CURVE('',#4921,#4932,#4934,.T.);
#3949=EDGE_CURVE('',#4932,#4935,#4936,.T.);
#3950=EDGE_CURVE('',#4923,#4935,#4937,.T.);
#3951=EDGE_CURVE('',#4935,#4938,#4939,.T.);
#3952=EDGE_CURVE('',#4938,#4940,#4941,.T.);
#3953=EDGE_CURVE('',#4940,#4925,#4942,.T.);
#3954=EDGE_CURVE('',#4928,#4940,#4943,.T.);
#3955=EDGE_CURVE('',#4930,#4938,#4944,.T.);
#3956=EDGE_CURVE('',#4910,#4945,#4946,.T.);
#3957=EDGE_CURVE('',#4893,#4945,#4947,.T.);
#3958=EDGE_CURVE('',#4888,#4948,#4949,.T.);
#3959=EDGE_CURVE('',#4945,#4950,#4951,.T.);
#3960=EDGE_CURVE('',#4950,#4875,#4952,.T.);
#3961=EDGE_CURVE('',#4953,#4848,#4954,.T.);
#3962=EDGE_CURVE('',#4896,#4953,#4955,.T.);
#3963=EDGE_CURVE('',#4948,#4661,#4956,.T.);
#3964=EDGE_CURVE('',#4537,#4957,#4958,.T.);
#3965=EDGE_CURVE('',#4957,#4959,#4960,.T.);
#3966=EDGE_CURVE('',#4959,#4539,#4961,.T.);
#3967=EDGE_CURVE('',#4948,#4962,#4963,.T.);
#3968=EDGE_CURVE('',#4531,#4962,#4964,.T.);
#3969=EDGE_CURVE('',#4529,#4887,#4965,.T.);
#3970=EDGE_CURVE('',#4966,#4646,#4967,.T.);
#3971=EDGE_CURVE('',#4533,#4966,#4968,.T.);
#3972=EDGE_CURVE('',#4959,#4656,#4969,.T.);
#3973=EDGE_CURVE('',#4617,#4970,#4971,.T.);
#3974=EDGE_CURVE('',#4972,#4622,#4973,.T.);
#3975=EDGE_CURVE('',#4972,#4970,#4974,.T.);
#3976=EDGE_CURVE('',#4962,#4662,#4975,.T.);
#3977=EDGE_CURVE('',#4966,#4670,#4976,.T.);
#3978=EDGE_CURVE('',#4957,#4658,#4977,.T.);
#3979=EDGE_CURVE('',#4628,#4978,#4979,.T.);
#3980=EDGE_CURVE('',#4978,#4531,#4980,.T.);
#3981=EDGE_CURVE('',#4981,#4643,#4982,.T.);
#3982=EDGE_CURVE('',#4537,#4981,#4983,.T.);
#3983=EDGE_CURVE('',#4984,#4985,#4986,.T.);
#3984=EDGE_CURVE('',#4987,#4985,#4988,.T.);
#3985=EDGE_CURVE('',#4989,#4987,#4990,.T.);
#3986=EDGE_CURVE('',#4984,#4989,#4991,.T.);
#3987=EDGE_CURVE('',#4992,#4970,#4993,.T.);
#3988=EDGE_CURVE('',#4994,#4972,#4995,.T.);
#3989=EDGE_CURVE('',#4992,#4994,#4996,.T.);
#3990=EDGE_CURVE('',#4997,#4998,#4999,.T.);
#3991=EDGE_CURVE('',#5000,#4998,#5001,.T.);
#3992=EDGE_CURVE('',#4533,#5000,#5002,.T.);
#3993=EDGE_CURVE('',#4997,#4978,#5003,.T.);
#3994=EDGE_CURVE('',#4517,#5004,#5005,.T.);
#3995=EDGE_CURVE('',#4710,#5004,#5006,.T.);
#3996=EDGE_CURVE('',#4604,#4981,#5007,.T.);
#3997=EDGE_CURVE('',#5008,#4984,#5009,.T.);
#3998=EDGE_CURVE('',#5008,#5010,#5011,.T.);
#3999=EDGE_CURVE('',#4985,#5010,#5012,.T.);
#4000=EDGE_CURVE('',#5013,#4609,#5014,.T.);
#4001=EDGE_CURVE('',#4609,#4985,#5015,.T.);
#4002=EDGE_CURVE('',#5013,#5010,#5016,.T.);
#4003=EDGE_CURVE('',#5013,#5017,#5018,.T.);
#4004=EDGE_CURVE('',#4610,#5017,#5019,.T.);
#4005=EDGE_CURVE('',#5017,#5008,#5020,.T.);
#4006=EDGE_CURVE('',#4610,#4984,#5021,.T.);
#4007=EDGE_CURVE('',#4989,#4612,#5022,.T.);
#4008=EDGE_CURVE('',#5023,#5024,#5025,.T.);
#4009=EDGE_CURVE('',#5024,#5026,#5027,.T.);
#4010=EDGE_CURVE('',#5026,#5028,#5029,.T.);
#4011=EDGE_CURVE('',#5028,#5030,#5031,.T.);
#4012=EDGE_CURVE('',#5030,#5023,#5032,.T.);
#4013=EDGE_CURVE('',#5033,#4814,#5034,.T.);
#4014=EDGE_CURVE('',#5033,#5035,#5036,.T.);
#4015=EDGE_CURVE('',#5035,#4816,#5037,.T.);
#4016=EDGE_CURVE('',#5038,#5039,#5040,.T.);
#4017=EDGE_CURVE('',#5039,#5041,#5042,.T.);
#4018=EDGE_CURVE('',#5041,#5043,#5044,.T.);
#4019=EDGE_CURVE('',#5043,#5045,#5046,.T.);
#4020=EDGE_CURVE('',#5045,#5038,#5047,.T.);
#4021=EDGE_CURVE('',#5048,#4822,#5049,.T.);
#4022=EDGE_CURVE('',#5048,#5050,#5051,.T.);
#4023=EDGE_CURVE('',#5050,#4824,#5052,.T.);
#4024=EDGE_CURVE('',#5053,#5054,#5055,.T.);
#4025=EDGE_CURVE('',#5054,#5056,#5057,.T.);
#4026=EDGE_CURVE('',#5056,#5058,#5059,.T.);
#4027=EDGE_CURVE('',#5058,#5060,#5061,.T.);
#4028=EDGE_CURVE('',#5060,#5053,#5062,.T.);
#4029=EDGE_CURVE('',#4994,#4620,#5063,.T.);
#4030=EDGE_CURVE('',#5064,#5065,#5066,.T.);
#4031=EDGE_CURVE('',#5065,#5067,#5068,.T.);
#4032=EDGE_CURVE('',#5067,#5069,#5070,.T.);
#4033=EDGE_CURVE('',#5069,#5071,#5072,.T.);
#4034=EDGE_CURVE('',#5071,#5064,#5073,.T.);
#4035=EDGE_CURVE('',#4987,#4614,#5074,.T.);
#4036=EDGE_CURVE('',#5075,#5076,#5077,.T.);
#4037=EDGE_CURVE('',#5076,#5024,#5078,.T.);
#4038=EDGE_CURVE('',#5075,#5023,#5079,.T.);
#4039=EDGE_CURVE('',#4914,#4378,#5080,.T.);
#4040=EDGE_CURVE('',#4912,#4477,#5081,.T.);
#4041=EDGE_CURVE('',#4475,#4700,#5082,.T.);
#4042=EDGE_CURVE('',#4380,#4698,#5083,.T.);
#4043=EDGE_CURVE('',#5084,#5085,#5086,.T.);
#4044=EDGE_CURVE('',#5076,#5084,#5087,.T.);
#4045=EDGE_CURVE('',#5088,#5075,#5089,.T.);
#4046=EDGE_CURVE('',#5085,#5088,#5090,.T.);
#4047=EDGE_CURVE('',#5091,#5092,#5093,.T.);
#4048=EDGE_CURVE('',#5094,#5091,#5095,.T.);
#4049=EDGE_CURVE('',#5096,#5094,#5097,.T.);
#4050=EDGE_CURVE('',#5098,#5096,#5099,.T.);
#4051=EDGE_CURVE('',#5092,#5098,#5100,.T.);
#4052=EDGE_CURVE('',#5101,#5102,#5103,.T.);
#4053=EDGE_CURVE('',#5104,#5101,#5105,.T.);
#4054=EDGE_CURVE('',#5106,#5104,#5107,.T.);
#4055=EDGE_CURVE('',#5108,#5106,#5109,.T.);
#4056=EDGE_CURVE('',#5102,#5108,#5110,.T.);
#4057=EDGE_CURVE('',#5111,#5112,#5113,.T.);
#4058=EDGE_CURVE('',#5114,#5111,#5115,.T.);
#4059=EDGE_CURVE('',#5116,#5114,#5117,.T.);
#4060=EDGE_CURVE('',#5118,#5116,#5119,.T.);
#4061=EDGE_CURVE('',#5112,#5118,#5120,.T.);
#4062=EDGE_CURVE('',#4340,#4378,#5121,.T.);
#4063=EDGE_CURVE('',#4347,#4380,#5122,.T.);
#4064=EDGE_CURVE('',#4349,#4696,#5123,.T.);
#4065=EDGE_CURVE('',#4477,#4246,#5124,.T.);
#4066=EDGE_CURVE('',#4479,#4246,#5125,.T.);
#4067=EDGE_CURVE('',#4475,#4240,#5126,.T.);
#4068=EDGE_CURVE('',#4702,#4238,#5127,.T.);
#4069=EDGE_CURVE('',#4473,#4240,#5128,.T.);
#4070=EDGE_CURVE('',#4481,#4243,#5129,.T.);
#4071=EDGE_CURVE('',#4498,#4483,#5130,.T.);
#4072=EDGE_CURVE('',#5085,#5028,#5131,.T.);
#4073=EDGE_CURVE('',#5084,#5026,#5132,.T.);
#4074=EDGE_CURVE('',#5088,#5030,#5133,.T.);
#4075=EDGE_CURVE('',#5092,#5039,#5134,.T.);
#4076=EDGE_CURVE('',#5091,#5038,#5135,.T.);
#4077=EDGE_CURVE('',#5094,#5045,#5136,.T.);
#4078=EDGE_CURVE('',#5096,#5043,#5137,.T.);
#4079=EDGE_CURVE('',#5098,#5041,#5138,.T.);
#4080=EDGE_CURVE('',#5102,#5054,#5139,.T.);
#4081=EDGE_CURVE('',#5101,#5053,#5140,.T.);
#4082=EDGE_CURVE('',#5104,#5060,#5141,.T.);
#4083=EDGE_CURVE('',#5106,#5058,#5142,.T.);
#4084=EDGE_CURVE('',#5108,#5056,#5143,.T.);
#4085=EDGE_CURVE('',#5112,#5065,#5144,.T.);
#4086=EDGE_CURVE('',#5111,#5064,#5145,.T.);
#4087=EDGE_CURVE('',#5114,#5071,#5146,.T.);
#4088=EDGE_CURVE('',#5116,#5069,#5147,.T.);
#4089=EDGE_CURVE('',#5118,#5067,#5148,.T.);
#4090=EDGE_CURVE('',#5149,#4563,#5150,.T.);
#4091=EDGE_CURVE('',#5149,#4860,#5151,.T.);
#4092=EDGE_CURVE('',#4819,#5152,#5153,.T.);
#4093=EDGE_CURVE('',#5050,#5152,#5154,.T.);
#4094=EDGE_CURVE('',#4953,#5155,#5156,.T.);
#4095=EDGE_CURVE('',#4555,#5155,#5157,.T.);
#4096=EDGE_CURVE('',#4553,#4898,#5158,.T.);
#4097=EDGE_CURVE('',#5159,#4840,#5160,.T.);
#4098=EDGE_CURVE('',#4557,#5159,#5161,.T.);
#4099=EDGE_CURVE('',#4561,#5162,#5163,.T.);
#4100=EDGE_CURVE('',#5162,#5149,#5164,.T.);
#4101=EDGE_CURVE('',#5155,#4849,#5165,.T.);
#4102=EDGE_CURVE('',#5159,#4857,#5166,.T.);
#4103=EDGE_CURVE('',#5162,#4862,#5167,.T.);
#4104=EDGE_CURVE('',#4830,#5168,#5169,.T.);
#4105=EDGE_CURVE('',#5168,#4555,#5170,.T.);
#4106=EDGE_CURVE('',#5171,#4837,#5172,.T.);
#4107=EDGE_CURVE('',#4561,#5171,#5173,.T.);
#4108=EDGE_CURVE('',#5174,#5175,#5176,.T.);
#4109=EDGE_CURVE('',#5035,#5175,#5177,.T.);
#4110=EDGE_CURVE('',#5174,#5033,#5178,.T.);
#4111=EDGE_CURVE('',#5179,#5152,#5180,.T.);
#4112=EDGE_CURVE('',#5179,#5048,#5181,.T.);
#4113=EDGE_CURVE('',#5182,#5183,#5184,.T.);
#4114=EDGE_CURVE('',#5185,#5183,#5186,.T.);
#4115=EDGE_CURVE('',#4557,#5185,#5187,.T.);
#4116=EDGE_CURVE('',#5182,#5168,#5188,.T.);
#4117=EDGE_CURVE('',#4680,#4789,#5189,.T.);
#4118=EDGE_CURVE('',#4595,#4801,#5190,.T.);
#4119=EDGE_CURVE('',#4806,#5171,#5191,.T.);
#4120=EDGE_CURVE('',#5192,#5174,#5193,.T.);
#4121=EDGE_CURVE('',#5192,#5194,#5195,.T.);
#4122=EDGE_CURVE('',#5175,#5194,#5196,.T.);
#4123=EDGE_CURVE('',#5197,#4811,#5198,.T.);
#4124=EDGE_CURVE('',#4811,#5175,#5199,.T.);
#4125=EDGE_CURVE('',#5197,#5194,#5200,.T.);
#4126=EDGE_CURVE('',#5197,#5201,#5202,.T.);
#4127=EDGE_CURVE('',#4812,#5201,#5203,.T.);
#4128=EDGE_CURVE('',#5201,#5192,#5204,.T.);
#4129=EDGE_CURVE('',#4812,#5174,#5205,.T.);
#4130=EDGE_CURVE('',#5206,#5179,#5207,.T.);
#4131=EDGE_CURVE('',#5206,#5208,#5209,.T.);
#4132=EDGE_CURVE('',#5208,#5152,#5210,.T.);
#4133=EDGE_CURVE('',#5211,#5208,#5212,.T.);
#4134=EDGE_CURVE('',#5211,#4819,#5213,.T.);
#4135=EDGE_CURVE('',#5211,#5214,#5215,.T.);
#4136=EDGE_CURVE('',#4820,#5214,#5216,.T.);
#4137=EDGE_CURVE('',#5214,#5206,#5217,.T.);
#4138=EDGE_CURVE('',#4820,#5179,#5218,.T.);
#4139=EDGE_CURVE('',#5219,#5182,#5220,.T.);
#4140=EDGE_CURVE('',#5219,#5221,#5222,.T.);
#4141=EDGE_CURVE('',#5221,#5183,#5223,.T.);
#4142=EDGE_CURVE('',#4827,#5183,#5224,.T.);
#4143=EDGE_CURVE('',#5225,#5221,#5226,.T.);
#4144=EDGE_CURVE('',#5225,#4827,#5227,.T.);
#4145=EDGE_CURVE('',#4833,#5185,#5228,.T.);
#4146=EDGE_CURVE('',#5225,#5229,#5230,.T.);
#4147=EDGE_CURVE('',#4828,#5229,#5231,.T.);
#4148=EDGE_CURVE('',#5229,#5219,#5232,.T.);
#4149=EDGE_CURVE('',#4828,#5182,#5233,.T.);
#4150=EDGE_CURVE('',#5234,#4595,#5235,.T.);
#4151=EDGE_CURVE('',#5234,#5236,#5237,.T.);
#4152=EDGE_CURVE('',#5236,#4801,#5238,.T.);
#4153=EDGE_CURVE('',#5239,#5236,#5240,.T.);
#4154=EDGE_CURVE('',#5239,#4803,#5241,.T.);
#4155=EDGE_CURVE('',#5239,#5242,#5243,.T.);
#4156=EDGE_CURVE('',#4593,#5242,#5244,.T.);
#4157=EDGE_CURVE('',#5242,#5234,#5245,.T.);
#4158=EDGE_CURVE('',#4618,#4992,#5246,.T.);
#4159=EDGE_CURVE('',#5247,#5248,#5249,.T.);
#4160=EDGE_CURVE('',#5248,#4992,#5250,.T.);
#4161=EDGE_CURVE('',#4618,#5247,#5251,.T.);
#4162=EDGE_CURVE('',#5252,#5247,#5253,.T.);
#4163=EDGE_CURVE('',#5252,#5254,#5255,.T.);
#4164=EDGE_CURVE('',#5248,#5254,#5256,.T.);
#4165=EDGE_CURVE('',#5254,#4970,#5257,.T.);
#4166=EDGE_CURVE('',#5252,#4617,#5258,.T.);
#4167=EDGE_CURVE('',#5259,#4997,#5260,.T.);
#4168=EDGE_CURVE('',#5259,#5261,#5262,.T.);
#4169=EDGE_CURVE('',#5261,#4998,#5263,.T.);
#4170=EDGE_CURVE('',#4625,#4998,#5264,.T.);
#4171=EDGE_CURVE('',#5265,#5261,#5266,.T.);
#4172=EDGE_CURVE('',#5265,#4625,#5267,.T.);
#4173=EDGE_CURVE('',#4631,#5000,#5268,.T.);
#4174=EDGE_CURVE('',#5265,#5269,#5270,.T.);
#4175=EDGE_CURVE('',#4626,#5269,#5271,.T.);
#4176=EDGE_CURVE('',#5269,#5259,#5272,.T.);
#4177=EDGE_CURVE('',#4626,#4997,#5273,.T.);
#4178=EDGE_CURVE('',#5274,#4517,#5275,.T.);
#4179=EDGE_CURVE('',#5274,#5276,#5277,.T.);
#4180=EDGE_CURVE('',#5276,#5004,#5278,.T.);
#4181=EDGE_CURVE('',#4637,#5004,#5279,.T.);
#4182=EDGE_CURVE('',#5280,#5276,#5281,.T.);
#4183=EDGE_CURVE('',#5280,#4637,#5282,.T.);
#4184=EDGE_CURVE('',#4634,#5283,#5284,.T.);
#4185=EDGE_CURVE('',#4712,#5283,#5285,.T.);
#4186=EDGE_CURVE('',#4734,#4635,#5286,.T.);
#4187=EDGE_CURVE('',#4732,#5287,#5288,.T.);
#4188=EDGE_CURVE('',#5283,#5287,#5289,.T.);
#4189=EDGE_CURVE('',#5290,#4737,#5291,.T.);
#4190=EDGE_CURVE('',#5287,#5290,#5292,.T.);
#4191=EDGE_CURVE('',#5287,#4739,#5293,.T.);
#4192=EDGE_CURVE('',#4714,#5290,#5294,.T.);
#4193=EDGE_CURVE('',#4730,#4718,#5295,.T.);
#4194=EDGE_CURVE('',#5296,#4730,#5297,.T.);
#4195=EDGE_CURVE('',#5296,#4750,#5298,.T.);
#4196=EDGE_CURVE('',#5299,#5296,#5300,.T.);
#4197=EDGE_CURVE('',#5299,#4752,#5301,.T.);
#4198=EDGE_CURVE('',#4728,#5299,#5302,.T.);
#4199=EDGE_CURVE('',#4726,#4720,#5303,.T.);
#4200=EDGE_CURVE('',#4724,#4722,#5304,.T.);
#4201=EDGE_CURVE('',#5280,#5305,#5306,.T.);
#4202=EDGE_CURVE('',#4514,#5305,#5307,.T.);
#4203=EDGE_CURVE('',#5305,#5274,#5308,.T.);
#4204=EDGE_CURVE('',#4917,#4950,#5309,.T.);
#4205=EDGE_CURVE('',#4903,#5310,#5311,.T.);
#4206=EDGE_CURVE('',#4581,#5310,#5312,.T.);
#4207=EDGE_CURVE('',#5310,#5313,#5314,.T.);
#4208=EDGE_CURVE('',#5313,#4583,#5315,.T.);
#4209=EDGE_CURVE('',#4901,#5313,#5316,.T.);
#4210=EDGE_CURVE('',#4770,#4772,#5317,.T.);
#4211=EDGE_CURVE('',#4526,#5318,#5319,.T.);
#4212=EDGE_CURVE('',#4509,#5318,#5320,.T.);
#4213=EDGE_CURVE('',#5318,#5321,#5322,.T.);
#4214=EDGE_CURVE('',#4511,#5321,#5323,.T.);
#4215=EDGE_CURVE('',#5321,#4524,#5324,.T.);
#4216=EDGE_CURVE('',#4343,#5325,#5326,.T.);
#4217=EDGE_CURVE('',#5327,#5325,#5328,.T.);
#4218=EDGE_CURVE('',#5329,#5327,#5330,.T.);
#4219=EDGE_CURVE('',#5329,#4320,#5331,.T.);
#4220=EDGE_CURVE('',#5332,#5329,#5333,.T.);
#4221=EDGE_CURVE('',#4323,#5332,#5334,.T.);
#4222=EDGE_CURVE('',#5332,#5335,#5336,.T.);
#4223=EDGE_CURVE('',#5337,#5335,#5338,.T.);
#4224=EDGE_CURVE('',#4352,#5337,#5339,.T.);
#4225=EDGE_CURVE('',#5340,#5337,#5341,.T.);
#4226=EDGE_CURVE('',#4354,#5340,#5342,.T.);
#4227=EDGE_CURVE('',#5343,#5340,#5344,.T.);
#4228=EDGE_CURVE('',#4356,#5343,#5345,.T.);
#4229=EDGE_CURVE('',#5346,#5343,#5347,.T.);
#4230=EDGE_CURVE('',#4358,#5346,#5348,.T.);
#4231=EDGE_CURVE('',#5325,#5346,#5349,.T.);
#4232=EDGE_CURVE('',#5335,#5327,#5350,.T.);
#4233=VERTEX_POINT('',#5351);
#4234=VERTEX_POINT('',#5352);
#4235=LINE('',#5353,#5354);
#4236=VERTEX_POINT('',#5355);
#4237=LINE('',#5356,#5357);
#4238=VERTEX_POINT('',#5358);
#4239=LINE('',#5359,#5360);
#4240=VERTEX_POINT('',#5361);
#4241=LINE('',#5362,#5363);
#4242=LINE('',#5364,#5365);
#4243=VERTEX_POINT('',#5366);
#4244=VERTEX_POINT('',#5367);
#4245=LINE('',#5368,#5369);
#4246=VERTEX_POINT('',#5370);
#4247=LINE('',#5371,#5372);
#4248=VERTEX_POINT('',#5373);
#4249=LINE('',#5374,#5375);
#4250=VERTEX_POINT('',#5376);
#4251=LINE('',#5377,#5378);
#4252=LINE('',#5379,#5380);
#4253=VERTEX_POINT('',#5381);
#4254=LINE('',#5382,#5383);
#4255=VERTEX_POINT('',#5384);
#4256=LINE('',#5385,#5386);
#4257=VERTEX_POINT('',#5387);
#4258=LINE('',#5388,#5389);
#4259=VERTEX_POINT('',#5390);
#4260=LINE('',#5391,#5392);
#4261=LINE('',#5393,#5394);
#4262=VERTEX_POINT('',#5395);
#4263=LINE('',#5396,#5397);
#4264=VERTEX_POINT('',#5398);
#4265=LINE('',#5399,#5400);
#4266=LINE('',#5401,#5402);
#4267=VERTEX_POINT('',#5403);
#4268=LINE('',#5404,#5405);
#4269=VERTEX_POINT('',#5406);
#4270=LINE('',#5407,#5408);
#4271=LINE('',#5409,#5410);
#4272=VERTEX_POINT('',#5411);
#4273=VERTEX_POINT('',#5412);
#4274=LINE('',#5413,#5414);
#4275=LINE('',#5415,#5416);
#4276=LINE('',#5417,#5418);
#4277=VERTEX_POINT('',#5419);
#4278=VERTEX_POINT('',#5420);
#4279=LINE('',#5421,#5422);
#4280=VERTEX_POINT('',#5423);
#4281=LINE('',#5424,#5425);
#4282=VERTEX_POINT('',#5426);
#4283=LINE('',#5427,#5428);
#4284=LINE('',#5429,#5430);
#4285=VERTEX_POINT('',#5431);
#4286=VERTEX_POINT('',#5432);
#4287=LINE('',#5433,#5434);
#4288=LINE('',#5435,#5436);
#4289=VERTEX_POINT('',#5437);
#4290=LINE('',#5438,#5439);
#4291=LINE('',#5440,#5441);
#4292=VERTEX_POINT('',#5442);
#4293=LINE('',#5443,#5444);
#4294=VERTEX_POINT('',#5445);
#4295=LINE('',#5446,#5447);
#4296=LINE('',#5448,#5449);
#4297=VERTEX_POINT('',#5450);
#4298=LINE('',#5451,#5452);
#4299=VERTEX_POINT('',#5453);
#4300=LINE('',#5454,#5455);
#4301=VERTEX_POINT('',#5456);
#4302=LINE('',#5457,#5458);
#4303=LINE('',#5459,#5460);
#4304=VERTEX_POINT('',#5461);
#4305=LINE('',#5462,#5463);
#4306=VERTEX_POINT('',#5464);
#4307=LINE('',#5465,#5466);
#4308=LINE('',#5467,#5468);
#4309=VERTEX_POINT('',#5469);
#4310=LINE('',#5470,#5471);
#4311=LINE('',#5472,#5473);
#4312=VERTEX_POINT('',#5474);
#4313=VERTEX_POINT('',#5475);
#4314=LINE('',#5476,#5477);
#4315=VERTEX_POINT('',#5478);
#4316=LINE('',#5479,#5480);
#4317=VERTEX_POINT('',#5481);
#4318=LINE('',#5482,#5483);
#4319=LINE('',#5484,#5485);
#4320=VERTEX_POINT('',#5486);
#4321=VERTEX_POINT('',#5487);
#4322=LINE('',#5488,#5489);
#4323=VERTEX_POINT('',#5490);
#4324=LINE('',#5491,#5492);
#4325=LINE('',#5493,#5494);
#4326=VERTEX_POINT('',#5495);
#4327=LINE('',#5496,#5497);
#4328=LINE('',#5498,#5499);
#4329=VERTEX_POINT('',#5500);
#4330=LINE('',#5501,#5502);
#4331=VERTEX_POINT('',#5503);
#4332=LINE('',#5504,#5505);
#4333=VERTEX_POINT('',#5506);
#4334=LINE('',#5507,#5508);
#4335=VERTEX_POINT('',#5509);
#4336=LINE('',#5510,#5511);
#4337=LINE('',#5512,#5513);
#4338=VERTEX_POINT('',#5514);
#4339=LINE('',#5515,#5516);
#4340=VERTEX_POINT('',#5517);
#4341=LINE('',#5518,#5519);
#4342=LINE('',#5520,#5521);
#4343=VERTEX_POINT('',#5522);
#4344=LINE('',#5523,#5524);
#4345=VERTEX_POINT('',#5525);
#4346=LINE('',#5526,#5527);
#4347=VERTEX_POINT('',#5528);
#4348=LINE('',#5529,#5530);
#4349=VERTEX_POINT('',#5531);
#4350=LINE('',#5532,#5533);
#4351=LINE('',#5534,#5535);
#4352=VERTEX_POINT('',#5536);
#4353=LINE('',#5537,#5538);
#4354=VERTEX_POINT('',#5539);
#4355=LINE('',#5540,#5541);
#4356=VERTEX_POINT('',#5542);
#4357=LINE('',#5543,#5544);
#4358=VERTEX_POINT('',#5545);
#4359=LINE('',#5546,#5547);
#4360=LINE('',#5548,#5549);
#4361=VERTEX_POINT('',#5550);
#4362=LINE('',#5551,#5552);
#4363=VERTEX_POINT('',#5553);
#4364=LINE('',#5554,#5555);
#4365=LINE('',#5556,#5557);
#4366=VERTEX_POINT('',#5558);
#4367=LINE('',#5559,#5560);
#4368=LINE('',#5561,#5562);
#4369=VERTEX_POINT('',#5563);
#4370=LINE('',#5564,#5565);
#4371=VERTEX_POINT('',#5566);
#4372=LINE('',#5567,#5568);
#4373=LINE('',#5569,#5570);
#4374=VERTEX_POINT('',#5571);
#4375=VERTEX_POINT('',#5572);
#4376=LINE('',#5573,#5574);
#4377=LINE('',#5575,#5576);
#4378=VERTEX_POINT('',#5577);
#4379=LINE('',#5578,#5579);
#4380=VERTEX_POINT('',#5580);
#4381=LINE('',#5581,#5582);
#4382=LINE('',#5583,#5584);
#4383=VERTEX_POINT('',#5585);
#4384=LINE('',#5586,#5587);
#4385=VERTEX_POINT('',#5588);
#4386=LINE('',#5589,#5590);
#4387=LINE('',#5591,#5592);
#4388=VERTEX_POINT('',#5593);
#4389=VERTEX_POINT('',#5594);
#4390=LINE('',#5595,#5596);
#4391=VERTEX_POINT('',#5597);
#4392=LINE('',#5598,#5599);
#4393=LINE('',#5600,#5601);
#4394=VERTEX_POINT('',#5602);
#4395=LINE('',#5603,#5604);
#4396=LINE('',#5605,#5606);
#4397=VERTEX_POINT('',#5607);
#4398=VERTEX_POINT('',#5608);
#4399=LINE('',#5609,#5610);
#4400=VERTEX_POINT('',#5611);
#4401=LINE('',#5612,#5613);
#4402=LINE('',#5614,#5615);
#4403=VERTEX_POINT('',#5616);
#4404=LINE('',#5617,#5618);
#4405=VERTEX_POINT('',#5619);
#4406=LINE('',#5620,#5621);
#4407=VERTEX_POINT('',#5622);
#4408=LINE('',#5623,#5624);
#4409=LINE('',#5625,#5626);
#4410=VERTEX_POINT('',#5627);
#4411=LINE('',#5628,#5629);
#4412=VERTEX_POINT('',#5630);
#4413=LINE('',#5631,#5632);
#4414=LINE('',#5633,#5634);
#4415=VERTEX_POINT('',#5635);
#4416=LINE('',#5636,#5637);
#4417=LINE('',#5638,#5639);
#4418=LINE('',#5640,#5641);
#4419=VERTEX_POINT('',#5642);
#4420=LINE('',#5643,#5644);
#4421=VERTEX_POINT('',#5645);
#4422=LINE('',#5646,#5647);
#4423=VERTEX_POINT('',#5648);
#4424=LINE('',#5649,#5650);
#4425=LINE('',#5651,#5652);
#4426=VERTEX_POINT('',#5653);
#4427=VERTEX_POINT('',#5654);
#4428=LINE('',#5655,#5656);
#4429=VERTEX_POINT('',#5657);
#4430=LINE('',#5658,#5659);
#4431=VERTEX_POINT('',#5660);
#4432=LINE('',#5661,#5662);
#4433=VERTEX_POINT('',#5663);
#4434=LINE('',#5664,#5665);
#4435=VERTEX_POINT('',#5666);
#4436=LINE('',#5667,#5668);
#4437=VERTEX_POINT('',#5669);
#4438=LINE('',#5670,#5671);
#4439=VERTEX_POINT('',#5672);
#4440=LINE('',#5673,#5674);
#4441=LINE('',#5675,#5676);
#4442=LINE('',#5677,#5678);
#4443=LINE('',#5679,#5680);
#4444=LINE('',#5681,#5682);
#4445=VERTEX_POINT('',#5683);
#4446=VERTEX_POINT('',#5684);
#4447=LINE('',#5685,#5686);
#4448=LINE('',#5687,#5688);
#4449=LINE('',#5689,#5690);
#4450=VERTEX_POINT('',#5691);
#4451=LINE('',#5692,#5693);
#4452=VERTEX_POINT('',#5694);
#4453=LINE('',#5695,#5696);
#4454=VERTEX_POINT('',#5697);
#4455=LINE('',#5698,#5699);
#4456=VERTEX_POINT('',#5700);
#4457=LINE('',#5701,#5702);
#4458=VERTEX_POINT('',#5703);
#4459=LINE('',#5704,#5705);
#4460=VERTEX_POINT('',#5706);
#4461=LINE('',#5707,#5708);
#4462=LINE('',#5709,#5710);
#4463=LINE('',#5711,#5712);
#4464=LINE('',#5713,#5714);
#4465=LINE('',#5715,#5716);
#4466=LINE('',#5717,#5718);
#4467=VERTEX_POINT('',#5719);
#4468=LINE('',#5720,#5721);
#4469=VERTEX_POINT('',#5722);
#4470=LINE('',#5723,#5724);
#4471=LINE('',#5725,#5726);
#4472=LINE('',#5727,#5728);
#4473=VERTEX_POINT('',#5729);
#4474=LINE('',#5730,#5731);
#4475=VERTEX_POINT('',#5732);
#4476=LINE('',#5733,#5734);
#4477=VERTEX_POINT('',#5735);
#4478=LINE('',#5736,#5737);
#4479=VERTEX_POINT('',#5738);
#4480=LINE('',#5739,#5740);
#4481=VERTEX_POINT('',#5741);
#4482=LINE('',#5742,#5743);
#4483=VERTEX_POINT('',#5744);
#4484=LINE('',#5745,#5746);
#4485=VERTEX_POINT('',#5747);
#4486=LINE('',#5748,#5749);
#4487=LINE('',#5750,#5751);
#4488=VERTEX_POINT('',#5752);
#4489=LINE('',#5753,#5754);
#4490=LINE('',#5755,#5756);
#4491=VERTEX_POINT('',#5757);
#4492=VERTEX_POINT('',#5758);
#4493=LINE('',#5759,#5760);
#4494=VERTEX_POINT('',#5761);
#4495=LINE('',#5762,#5763);
#4496=LINE('',#5764,#5765);
#4497=LINE('',#5766,#5767);
#4498=VERTEX_POINT('',#5768);
#4499=LINE('',#5769,#5770);
#4500=LINE('',#5771,#5772);
#4501=VERTEX_POINT('',#5773);
#4502=LINE('',#5774,#5775);
#4503=VERTEX_POINT('',#5776);
#4504=LINE('',#5777,#5778);
#4505=VERTEX_POINT('',#5779);
#4506=LINE('',#5780,#5781);
#4507=VERTEX_POINT('',#5782);
#4508=LINE('',#5783,#5784);
#4509=VERTEX_POINT('',#5785);
#4510=LINE('',#5786,#5787);
#4511=VERTEX_POINT('',#5788);
#4512=LINE('',#5789,#5790);
#4513=LINE('',#5791,#5792);
#4514=VERTEX_POINT('',#5793);
#4515=VERTEX_POINT('',#5794);
#4516=LINE('',#5795,#5796);
#4517=VERTEX_POINT('',#5797);
#4518=LINE('',#5798,#5799);
#4519=VERTEX_POINT('',#5800);
#4520=LINE('',#5801,#5802);
#4521=VERTEX_POINT('',#5803);
#4522=LINE('',#5804,#5805);
#4523=LINE('',#5806,#5807);
#4524=VERTEX_POINT('',#5808);
#4525=LINE('',#5809,#5810);
#4526=VERTEX_POINT('',#5811);
#4527=LINE('',#5812,#5813);
#4528=LINE('',#5814,#5815);
#4529=VERTEX_POINT('',#5816);
#4530=LINE('',#5817,#5818);
#4531=VERTEX_POINT('',#5819);
#4532=LINE('',#5820,#5821);
#4533=VERTEX_POINT('',#5822);
#4534=LINE('',#5823,#5824);
#4535=VERTEX_POINT('',#5825);
#4536=LINE('',#5826,#5827);
#4537=VERTEX_POINT('',#5828);
#4538=LINE('',#5829,#5830);
#4539=VERTEX_POINT('',#5831);
#4540=LINE('',#5832,#5833);
#4541=VERTEX_POINT('',#5834);
#4542=LINE('',#5835,#5836);
#4543=VERTEX_POINT('',#5837);
#4544=LINE('',#5838,#5839);
#4545=VERTEX_POINT('',#5840);
#4546=LINE('',#5841,#5842);
#4547=VERTEX_POINT('',#5843);
#4548=LINE('',#5844,#5845);
#4549=VERTEX_POINT('',#5846);
#4550=LINE('',#5847,#5848);
#4551=VERTEX_POINT('',#5849);
#4552=LINE('',#5850,#5851);
#4553=VERTEX_POINT('',#5852);
#4554=LINE('',#5853,#5854);
#4555=VERTEX_POINT('',#5855);
#4556=LINE('',#5856,#5857);
#4557=VERTEX_POINT('',#5858);
#4558=LINE('',#5859,#5860);
#4559=VERTEX_POINT('',#5861);
#4560=LINE('',#5862,#5863);
#4561=VERTEX_POINT('',#5864);
#4562=LINE('',#5865,#5866);
#4563=VERTEX_POINT('',#5867);
#4564=LINE('',#5868,#5869);
#4565=VERTEX_POINT('',#5870);
#4566=LINE('',#5871,#5872);
#4567=VERTEX_POINT('',#5873);
#4568=LINE('',#5874,#5875);
#4569=VERTEX_POINT('',#5876);
#4570=LINE('',#5877,#5878);
#4571=VERTEX_POINT('',#5879);
#4572=LINE('',#5880,#5881);
#4573=VERTEX_POINT('',#5882);
#4574=LINE('',#5883,#5884);
#4575=VERTEX_POINT('',#5885);
#4576=LINE('',#5886,#5887);
#4577=VERTEX_POINT('',#5888);
#4578=LINE('',#5889,#5890);
#4579=VERTEX_POINT('',#5891);
#4580=LINE('',#5892,#5893);
#4581=VERTEX_POINT('',#5894);
#4582=LINE('',#5895,#5896);
#4583=VERTEX_POINT('',#5897);
#4584=LINE('',#5898,#5899);
#4585=VERTEX_POINT('',#5900);
#4586=LINE('',#5901,#5902);
#4587=VERTEX_POINT('',#5903);
#4588=LINE('',#5904,#5905);
#4589=VERTEX_POINT('',#5906);
#4590=LINE('',#5907,#5908);
#4591=VERTEX_POINT('',#5909);
#4592=LINE('',#5910,#5911);
#4593=VERTEX_POINT('',#5912);
#4594=LINE('',#5913,#5914);
#4595=VERTEX_POINT('',#5915);
#4596=LINE('',#5916,#5917);
#4597=VERTEX_POINT('',#5918);
#4598=LINE('',#5919,#5920);
#4599=VERTEX_POINT('',#5921);
#4600=LINE('',#5922,#5923);
#4601=VERTEX_POINT('',#5924);
#4602=LINE('',#5925,#5926);
#4603=LINE('',#5927,#5928);
#4604=VERTEX_POINT('',#5929);
#4605=LINE('',#5930,#5931);
#4606=VERTEX_POINT('',#5932);
#4607=LINE('',#5933,#5934);
#4608=LINE('',#5935,#5936);
#4609=VERTEX_POINT('',#5937);
#4610=VERTEX_POINT('',#5938);
#4611=LINE('',#5939,#5940);
#4612=VERTEX_POINT('',#5941);
#4613=LINE('',#5942,#5943);
#4614=VERTEX_POINT('',#5944);
#4615=LINE('',#5945,#5946);
#4616=LINE('',#5947,#5948);
#4617=VERTEX_POINT('',#5949);
#4618=VERTEX_POINT('',#5950);
#4619=LINE('',#5951,#5952);
#4620=VERTEX_POINT('',#5953);
#4621=LINE('',#5954,#5955);
#4622=VERTEX_POINT('',#5956);
#4623=LINE('',#5957,#5958);
#4624=LINE('',#5959,#5960);
#4625=VERTEX_POINT('',#5961);
#4626=VERTEX_POINT('',#5962);
#4627=LINE('',#5963,#5964);
#4628=VERTEX_POINT('',#5965);
#4629=LINE('',#5966,#5967);
#4630=LINE('',#5968,#5969);
#4631=VERTEX_POINT('',#5970);
#4632=LINE('',#5971,#5972);
#4633=LINE('',#5973,#5974);
#4634=VERTEX_POINT('',#5975);
#4635=VERTEX_POINT('',#5976);
#4636=LINE('',#5977,#5978);
#4637=VERTEX_POINT('',#5979);
#4638=LINE('',#5980,#5981);
#4639=LINE('',#5982,#5983);
#4640=VERTEX_POINT('',#5984);
#4641=LINE('',#5985,#5986);
#4642=LINE('',#5987,#5988);
#4643=VERTEX_POINT('',#5989);
#4644=LINE('',#5990,#5991);
#4645=LINE('',#5992,#5993);
#4646=VERTEX_POINT('',#5994);
#4647=LINE('',#5995,#5996);
#4648=VERTEX_POINT('',#5997);
#4649=LINE('',#5998,#5999);
#4650=LINE('',#6000,#6001);
#4651=VERTEX_POINT('',#6002);
#4652=LINE('',#6003,#6004);
#4653=VERTEX_POINT('',#6005);
#4654=LINE('',#6006,#6007);
#4655=LINE('',#6008,#6009);
#4656=VERTEX_POINT('',#6010);
#4657=LINE('',#6011,#6012);
#4658=VERTEX_POINT('',#6013);
#4659=LINE('',#6014,#6015);
#4660=LINE('',#6016,#6017);
#4661=VERTEX_POINT('',#6018);
#4662=VERTEX_POINT('',#6019);
#4663=LINE('',#6020,#6021);
#4664=VERTEX_POINT('',#6022);
#4665=LINE('',#6023,#6024);
#4666=VERTEX_POINT('',#6025);
#4667=LINE('',#6026,#6027);
#4668=LINE('',#6028,#6029);
#4669=LINE('',#6030,#6031);
#4670=VERTEX_POINT('',#6032);
#4671=LINE('',#6033,#6034);
#4672=LINE('',#6035,#6036);
#4673=VERTEX_POINT('',#6037);
#4674=VERTEX_POINT('',#6038);
#4675=LINE('',#6039,#6040);
#4676=LINE('',#6041,#6042);
#4677=VERTEX_POINT('',#6043);
#4678=LINE('',#6044,#6045);
#4679=LINE('',#6046,#6047);
#4680=VERTEX_POINT('',#6048);
#4681=LINE('',#6049,#6050);
#4682=VERTEX_POINT('',#6051);
#4683=LINE('',#6052,#6053);
#4684=VERTEX_POINT('',#6054);
#4685=LINE('',#6055,#6056);
#4686=VERTEX_POINT('',#6057);
#4687=LINE('',#6058,#6059);
#4688=VERTEX_POINT('',#6060);
#4689=LINE('',#6061,#6062);
#4690=VERTEX_POINT('',#6063);
#4691=LINE('',#6064,#6065);
#4692=LINE('',#6066,#6067);
#4693=VERTEX_POINT('',#6068);
#4694=LINE('',#6069,#6070);
#4695=LINE('',#6071,#6072);
#4696=VERTEX_POINT('',#6073);
#4697=LINE('',#6074,#6075);
#4698=VERTEX_POINT('',#6076);
#4699=LINE('',#6077,#6078);
#4700=VERTEX_POINT('',#6079);
#4701=LINE('',#6080,#6081);
#4702=VERTEX_POINT('',#6082);
#4703=LINE('',#6083,#6084);
#4704=LINE('',#6085,#6086);
#4705=VERTEX_POINT('',#6087);
#4706=LINE('',#6088,#6089);
#4707=VERTEX_POINT('',#6090);
#4708=LINE('',#6091,#6092);
#4709=LINE('',#6093,#6094);
#4710=VERTEX_POINT('',#6095);
#4711=LINE('',#6096,#6097);
#4712=VERTEX_POINT('',#6098);
#4713=LINE('',#6099,#6100);
#4714=VERTEX_POINT('',#6101);
#4715=LINE('',#6102,#6103);
#4716=LINE('',#6104,#6105);
#4717=VERTEX_POINT('',#6106);
#4718=VERTEX_POINT('',#6107);
#4719=LINE('',#6108,#6109);
#4720=VERTEX_POINT('',#6110);
#4721=LINE('',#6111,#6112);
#4722=VERTEX_POINT('',#6113);
#4723=CIRCLE('',#6114,0.25);
#4724=VERTEX_POINT('',#6115);
#4725=LINE('',#6116,#6117);
#4726=VERTEX_POINT('',#6118);
#4727=CIRCLE('',#6119,0.25);
#4728=VERTEX_POINT('',#6120);
#4729=LINE('',#6121,#6122);
#4730=VERTEX_POINT('',#6123);
#4731=LINE('',#6124,#6125);
#4732=VERTEX_POINT('',#6126);
#4733=LINE('',#6127,#6128);
#4734=VERTEX_POINT('',#6129);
#4735=LINE('',#6130,#6131);
#4736=LINE('',#6132,#6133);
#4737=VERTEX_POINT('',#6134);
#4738=LINE('',#6135,#6136);
#4739=VERTEX_POINT('',#6137);
#4740=LINE('',#6138,#6139);
#4741=LINE('',#6140,#6141);
#4742=VERTEX_POINT('',#6142);
#4743=VERTEX_POINT('',#6143);
#4744=LINE('',#6144,#6145);
#4745=VERTEX_POINT('',#6146);
#4746=(B_SPLINE_CURVE(2,(#6148,#6149,#6150),.UNSPECIFIED.,.F.,.F.)B_SPLINE_CURVE_WITH_KNOTS((3,3),(0.10184287531567,0.261140969573655),.UNSPECIFIED.)RATIONAL_B_SPLINE_CURVE((1.33887950582867,1.53971143170302,1.53971143170302))BOUNDED_CURVE()REPRESENTATION_ITEM('')GEOMETRIC_REPRESENTATION_ITEM()CURVE());
#4747=VERTEX_POINT('',#6157);
#4748=LINE('',#6158,#6159);
#4749=LINE('',#6160,#6161);
#4750=VERTEX_POINT('',#6162);
#4751=LINE('',#6163,#6164);
#4752=VERTEX_POINT('',#6165);
#4753=LINE('',#6166,#6167);
#4754=(B_SPLINE_CURVE(2,(#6169,#6170,#6171),.UNSPECIFIED.,.F.,.F.)B_SPLINE_CURVE_WITH_KNOTS((3,3),(-0.420439063830918,-0.261140969573655),.UNSPECIFIED.)RATIONAL_B_SPLINE_CURVE((1.33887950582727,1.53971143170302,1.53971143170302))BOUNDED_CURVE()REPRESENTATION_ITEM('')GEOMETRIC_REPRESENTATION_ITEM()CURVE());
#4755=VERTEX_POINT('',#6178);
#4756=LINE('',#6179,#6180);
#4757=VERTEX_POINT('',#6181);
#4758=LINE('',#6182,#6183);
#4759=LINE('',#6184,#6185);
#4760=VERTEX_POINT('',#6186);
#4761=LINE('',#6187,#6188);
#4762=VERTEX_POINT('',#6189);
#4763=LINE('',#6190,#6191);
#4764=VERTEX_POINT('',#6192);
#4765=LINE('',#6193,#6194);
#4766=VERTEX_POINT('',#6195);
#4767=LINE('',#6196,#6197);
#4768=VERTEX_POINT('',#6198);
#4769=LINE('',#6199,#6200);
#4770=VERTEX_POINT('',#6201);
#4771=CIRCLE('',#6202,0.25);
#4772=VERTEX_POINT('',#6203);
#4773=LINE('',#6204,#6205);
#4774=VERTEX_POINT('',#6206);
#4775=CIRCLE('',#6207,0.25);
#4776=LINE('',#6208,#6209);
#4777=CIRCLE('',#6210,0.7486304929239);
#4778=VERTEX_POINT('',#6211);
#4779=(B_SPLINE_CURVE(2,(#6213,#6214,#6215),.UNSPECIFIED.,.F.,.F.)B_SPLINE_CURVE_WITH_KNOTS((3,3),(-0.261140969573654,-0.10184287531567),.UNSPECIFIED.)RATIONAL_B_SPLINE_CURVE((1.53971143170302,1.53971143170302,1.33887950582867))BOUNDED_CURVE()REPRESENTATION_ITEM('')GEOMETRIC_REPRESENTATION_ITEM()CURVE());
#4780=CIRCLE('',#6222,1.3);
#4781=VERTEX_POINT('',#6223);
#4782=LINE('',#6224,#6225);
#4783=CIRCLE('',#6226,1.3);
#4784=LINE('',#6227,#6228);
#4785=CIRCLE('',#6229,1.0);
#4786=VERTEX_POINT('',#6230);
#4787=CIRCLE('',#6231,1.0);
#4788=CIRCLE('',#6232,1.0);
#4789=VERTEX_POINT('',#6233);
#4790=LINE('',#6234,#6235);
#4791=VERTEX_POINT('',#6236);
#4792=LINE('',#6237,#6238);
#4793=VERTEX_POINT('',#6239);
#4794=LINE('',#6240,#6241);
#4795=LINE('',#6242,#6243);
#4796=VERTEX_POINT('',#6244);
#4797=LINE('',#6245,#6246);
#4798=LINE('',#6247,#6248);
#4799=LINE('',#6249,#6250);
#4800=LINE('',#6251,#6252);
#4801=VERTEX_POINT('',#6253);
#4802=LINE('',#6254,#6255);
#4803=VERTEX_POINT('',#6256);
#4804=LINE('',#6257,#6258);
#4805=LINE('',#6259,#6260);
#4806=VERTEX_POINT('',#6261);
#4807=LINE('',#6262,#6263);
#4808=VERTEX_POINT('',#6264);
#4809=LINE('',#6265,#6266);
#4810=LINE('',#6267,#6268);
#4811=VERTEX_POINT('',#6269);
#4812=VERTEX_POINT('',#6270);
#4813=LINE('',#6271,#6272);
#4814=VERTEX_POINT('',#6273);
#4815=LINE('',#6274,#6275);
#4816=VERTEX_POINT('',#6276);
#4817=LINE('',#6277,#6278);
#4818=LINE('',#6279,#6280);
#4819=VERTEX_POINT('',#6281);
#4820=VERTEX_POINT('',#6282);
#4821=LINE('',#6283,#6284);
#4822=VERTEX_POINT('',#6285);
#4823=LINE('',#6286,#6287);
#4824=VERTEX_POINT('',#6288);
#4825=LINE('',#6289,#6290);
#4826=LINE('',#6291,#6292);
#4827=VERTEX_POINT('',#6293);
#4828=VERTEX_POINT('',#6294);
#4829=LINE('',#6295,#6296);
#4830=VERTEX_POINT('',#6297);
#4831=LINE('',#6298,#6299);
#4832=LINE('',#6300,#6301);
#4833=VERTEX_POINT('',#6302);
#4834=LINE('',#6303,#6304);
#4835=LINE('',#6305,#6306);
#4836=LINE('',#6307,#6308);
#4837=VERTEX_POINT('',#6309);
#4838=LINE('',#6310,#6311);
#4839=LINE('',#6312,#6313);
#4840=VERTEX_POINT('',#6314);
#4841=LINE('',#6315,#6316);
#4842=VERTEX_POINT('',#6317);
#4843=LINE('',#6318,#6319);
#4844=LINE('',#6320,#6321);
#4845=VERTEX_POINT('',#6322);
#4846=LINE('',#6323,#6324);
#4847=LINE('',#6325,#6326);
#4848=VERTEX_POINT('',#6327);
#4849=VERTEX_POINT('',#6328);
#4850=LINE('',#6329,#6330);
#4851=VERTEX_POINT('',#6331);
#4852=LINE('',#6332,#6333);
#4853=VERTEX_POINT('',#6334);
#4854=LINE('',#6335,#6336);
#4855=LINE('',#6337,#6338);
#4856=LINE('',#6339,#6340);
#4857=VERTEX_POINT('',#6341);
#4858=LINE('',#6342,#6343);
#4859=LINE('',#6344,#6345);
#4860=VERTEX_POINT('',#6346);
#4861=LINE('',#6347,#6348);
#4862=VERTEX_POINT('',#6349);
#4863=LINE('',#6350,#6351);
#4864=LINE('',#6352,#6353);
#4865=VERTEX_POINT('',#6354);
#4866=LINE('',#6355,#6356);
#4867=LINE('',#6357,#6358);
#4868=VERTEX_POINT('',#6359);
#4869=LINE('',#6360,#6361);
#4870=LINE('',#6362,#6363);
#4871=VERTEX_POINT('',#6364);
#4872=LINE('',#6365,#6366);
#4873=LINE('',#6367,#6368);
#4874=LINE('',#6369,#6370);
#4875=VERTEX_POINT('',#6371);
#4876=LINE('',#6372,#6373);
#4877=VERTEX_POINT('',#6374);
#4878=LINE('',#6375,#6376);
#4879=VERTEX_POINT('',#6377);
#4880=LINE('',#6378,#6379);
#4881=VERTEX_POINT('',#6380);
#4882=LINE('',#6381,#6382);
#4883=LINE('',#6383,#6384);
#4884=LINE('',#6385,#6386);
#4885=LINE('',#6387,#6388);
#4886=LINE('',#6389,#6390);
#4887=VERTEX_POINT('',#6391);
#4888=VERTEX_POINT('',#6392);
#4889=LINE('',#6393,#6394);
#4890=LINE('',#6395,#6396);
#4891=VERTEX_POINT('',#6397);
#4892=LINE('',#6398,#6399);
#4893=VERTEX_POINT('',#6400);
#4894=LINE('',#6401,#6402);
#4895=LINE('',#6403,#6404);
#4896=VERTEX_POINT('',#6405);
#4897=LINE('',#6406,#6407);
#4898=VERTEX_POINT('',#6408);
#4899=LINE('',#6409,#6410);
#4900=LINE('',#6411,#6412);
#4901=VERTEX_POINT('',#6413);
#4902=LINE('',#6414,#6415);
#4903=VERTEX_POINT('',#6416);
#4904=LINE('',#6417,#6418);
#4905=LINE('',#6419,#6420);
#4906=LINE('',#6421,#6422);
#4907=LINE('',#6423,#6424);
#4908=LINE('',#6425,#6426);
#4909=LINE('',#6427,#6428);
#4910=VERTEX_POINT('',#6429);
#4911=LINE('',#6430,#6431);
#4912=VERTEX_POINT('',#6432);
#4913=LINE('',#6433,#6434);
#4914=VERTEX_POINT('',#6435);
#4915=LINE('',#6436,#6437);
#4916=LINE('',#6438,#6439);
#4917=VERTEX_POINT('',#6440);
#4918=LINE('',#6441,#6442);
#4919=LINE('',#6443,#6444);
#4920=VERTEX_POINT('',#6445);
#4921=VERTEX_POINT('',#6446);
#4922=LINE('',#6447,#6448);
#4923=VERTEX_POINT('',#6449);
#4924=LINE('',#6450,#6451);
#4925=VERTEX_POINT('',#6452);
#4926=LINE('',#6453,#6454);
#4927=LINE('',#6455,#6456);
#4928=VERTEX_POINT('',#6457);
#4929=LINE('',#6458,#6459);
#4930=VERTEX_POINT('',#6460);
#4931=LINE('',#6461,#6462);
#4932=VERTEX_POINT('',#6463);
#4933=LINE('',#6464,#6465);
#4934=CIRCLE('',#6466,0.75);
#4935=VERTEX_POINT('',#6467);
#4936=LINE('',#6468,#6469);
#4937=CIRCLE('',#6470,0.75);
#4938=VERTEX_POINT('',#6471);
#4939=LINE('',#6472,#6473);
#4940=VERTEX_POINT('',#6474);
#4941=LINE('',#6475,#6476);
#4942=LINE('',#6477,#6478);
#4943=LINE('',#6479,#6480);
#4944=LINE('',#6481,#6482);
#4945=VERTEX_POINT('',#6483);
#4946=LINE('',#6484,#6485);
#4947=LINE('',#6486,#6487);
#4948=VERTEX_POINT('',#6488);
#4949=LINE('',#6489,#6490);
#4950=VERTEX_POINT('',#6491);
#4951=LINE('',#6492,#6493);
#4952=LINE('',#6494,#6495);
#4953=VERTEX_POINT('',#6496);
#4954=LINE('',#6497,#6498);
#4955=LINE('',#6499,#6500);
#4956=LINE('',#6501,#6502);
#4957=VERTEX_POINT('',#6503);
#4958=LINE('',#6504,#6505);
#4959=VERTEX_POINT('',#6506);
#4960=LINE('',#6507,#6508);
#4961=LINE('',#6509,#6510);
#4962=VERTEX_POINT('',#6511);
#4963=LINE('',#6512,#6513);
#4964=LINE('',#6514,#6515);
#4965=LINE('',#6516,#6517);
#4966=VERTEX_POINT('',#6518);
#4967=LINE('',#6519,#6520);
#4968=LINE('',#6521,#6522);
#4969=LINE('',#6523,#6524);
#4970=VERTEX_POINT('',#6525);
#4971=LINE('',#6526,#6527);
#4972=VERTEX_POINT('',#6528);
#4973=LINE('',#6529,#6530);
#4974=LINE('',#6531,#6532);
#4975=LINE('',#6533,#6534);
#4976=LINE('',#6535,#6536);
#4977=LINE('',#6537,#6538);
#4978=VERTEX_POINT('',#6539);
#4979=LINE('',#6540,#6541);
#4980=LINE('',#6542,#6543);
#4981=VERTEX_POINT('',#6544);
#4982=LINE('',#6545,#6546);
#4983=LINE('',#6547,#6548);
#4984=VERTEX_POINT('',#6549);
#4985=VERTEX_POINT('',#6550);
#4986=LINE('',#6551,#6552);
#4987=VERTEX_POINT('',#6553);
#4988=LINE('',#6554,#6555);
#4989=VERTEX_POINT('',#6556);
#4990=LINE('',#6557,#6558);
#4991=LINE('',#6559,#6560);
#4992=VERTEX_POINT('',#6561);
#4993=LINE('',#6562,#6563);
#4994=VERTEX_POINT('',#6564);
#4995=LINE('',#6565,#6566);
#4996=LINE('',#6567,#6568);
#4997=VERTEX_POINT('',#6569);
#4998=VERTEX_POINT('',#6570);
#4999=LINE('',#6571,#6572);
#5000=VERTEX_POINT('',#6573);
#5001=LINE('',#6574,#6575);
#5002=LINE('',#6576,#6577);
#5003=LINE('',#6578,#6579);
#5004=VERTEX_POINT('',#6580);
#5005=LINE('',#6581,#6582);
#5006=LINE('',#6583,#6584);
#5007=LINE('',#6585,#6586);
#5008=VERTEX_POINT('',#6587);
#5009=LINE('',#6588,#6589);
#5010=VERTEX_POINT('',#6590);
#5011=LINE('',#6591,#6592);
#5012=LINE('',#6593,#6594);
#5013=VERTEX_POINT('',#6595);
#5014=LINE('',#6596,#6597);
#5015=LINE('',#6598,#6599);
#5016=LINE('',#6600,#6601);
#5017=VERTEX_POINT('',#6602);
#5018=LINE('',#6603,#6604);
#5019=LINE('',#6605,#6606);
#5020=LINE('',#6607,#6608);
#5021=LINE('',#6609,#6610);
#5022=LINE('',#6611,#6612);
#5023=VERTEX_POINT('',#6613);
#5024=VERTEX_POINT('',#6614);
#5025=LINE('',#6615,#6616);
#5026=VERTEX_POINT('',#6617);
#5027=LINE('',#6618,#6619);
#5028=VERTEX_POINT('',#6620);
#5029=LINE('',#6621,#6622);
#5030=VERTEX_POINT('',#6623);
#5031=LINE('',#6624,#6625);
#5032=LINE('',#6626,#6627);
#5033=VERTEX_POINT('',#6628);
#5034=LINE('',#6629,#6630);
#5035=VERTEX_POINT('',#6631);
#5036=LINE('',#6632,#6633);
#5037=LINE('',#6634,#6635);
#5038=VERTEX_POINT('',#6636);
#5039=VERTEX_POINT('',#6637);
#5040=LINE('',#6638,#6639);
#5041=VERTEX_POINT('',#6640);
#5042=LINE('',#6641,#6642);
#5043=VERTEX_POINT('',#6643);
#5044=LINE('',#6644,#6645);
#5045=VERTEX_POINT('',#6646);
#5046=LINE('',#6647,#6648);
#5047=LINE('',#6649,#6650);
#5048=VERTEX_POINT('',#6651);
#5049=LINE('',#6652,#6653);
#5050=VERTEX_POINT('',#6654);
#5051=LINE('',#6655,#6656);
#5052=LINE('',#6657,#6658);
#5053=VERTEX_POINT('',#6659);
#5054=VERTEX_POINT('',#6660);
#5055=LINE('',#6661,#6662);
#5056=VERTEX_POINT('',#6663);
#5057=LINE('',#6664,#6665);
#5058=VERTEX_POINT('',#6666);
#5059=LINE('',#6667,#6668);
#5060=VERTEX_POINT('',#6669);
#5061=LINE('',#6670,#6671);
#5062=LINE('',#6672,#6673);
#5063=LINE('',#6674,#6675);
#5064=VERTEX_POINT('',#6676);
#5065=VERTEX_POINT('',#6677);
#5066=LINE('',#6678,#6679);
#5067=VERTEX_POINT('',#6680);
#5068=LINE('',#6681,#6682);
#5069=VERTEX_POINT('',#6683);
#5070=LINE('',#6684,#6685);
#5071=VERTEX_POINT('',#6686);
#5072=LINE('',#6687,#6688);
#5073=LINE('',#6689,#6690);
#5074=LINE('',#6691,#6692);
#5075=VERTEX_POINT('',#6693);
#5076=VERTEX_POINT('',#6694);
#5077=LINE('',#6695,#6696);
#5078=LINE('',#6697,#6698);
#5079=LINE('',#6699,#6700);
#5080=LINE('',#6701,#6702);
#5081=LINE('',#6703,#6704);
#5082=LINE('',#6705,#6706);
#5083=LINE('',#6707,#6708);
#5084=VERTEX_POINT('',#6709);
#5085=VERTEX_POINT('',#6710);
#5086=LINE('',#6711,#6712);
#5087=LINE('',#6713,#6714);
#5088=VERTEX_POINT('',#6715);
#5089=LINE('',#6716,#6717);
#5090=LINE('',#6718,#6719);
#5091=VERTEX_POINT('',#6720);
#5092=VERTEX_POINT('',#6721);
#5093=LINE('',#6722,#6723);
#5094=VERTEX_POINT('',#6724);
#5095=LINE('',#6725,#6726);
#5096=VERTEX_POINT('',#6727);
#5097=LINE('',#6728,#6729);
#5098=VERTEX_POINT('',#6730);
#5099=LINE('',#6731,#6732);
#5100=LINE('',#6733,#6734);
#5101=VERTEX_POINT('',#6735);
#5102=VERTEX_POINT('',#6736);
#5103=LINE('',#6737,#6738);
#5104=VERTEX_POINT('',#6739);
#5105=LINE('',#6740,#6741);
#5106=VERTEX_POINT('',#6742);
#5107=LINE('',#6743,#6744);
#5108=VERTEX_POINT('',#6745);
#5109=LINE('',#6746,#6747);
#5110=LINE('',#6748,#6749);
#5111=VERTEX_POINT('',#6750);
#5112=VERTEX_POINT('',#6751);
#5113=LINE('',#6752,#6753);
#5114=VERTEX_POINT('',#6754);
#5115=LINE('',#6755,#6756);
#5116=VERTEX_POINT('',#6757);
#5117=LINE('',#6758,#6759);
#5118=VERTEX_POINT('',#6760);
#5119=LINE('',#6761,#6762);
#5120=LINE('',#6763,#6764);
#5121=LINE('',#6765,#6766);
#5122=LINE('',#6767,#6768);
#5123=LINE('',#6769,#6770);
#5124=LINE('',#6771,#6772);
#5125=LINE('',#6773,#6774);
#5126=LINE('',#6775,#6776);
#5127=LINE('',#6777,#6778);
#5128=LINE('',#6779,#6780);
#5129=LINE('',#6781,#6782);
#5130=LINE('',#6783,#6784);
#5131=LINE('',#6785,#6786);
#5132=LINE('',#6787,#6788);
#5133=LINE('',#6789,#6790);
#5134=LINE('',#6791,#6792);
#5135=LINE('',#6793,#6794);
#5136=LINE('',#6795,#6796);
#5137=LINE('',#6797,#6798);
#5138=LINE('',#6799,#6800);
#5139=LINE('',#6801,#6802);
#5140=LINE('',#6803,#6804);
#5141=LINE('',#6805,#6806);
#5142=LINE('',#6807,#6808);
#5143=LINE('',#6809,#6810);
#5144=LINE('',#6811,#6812);
#5145=LINE('',#6813,#6814);
#5146=LINE('',#6815,#6816);
#5147=LINE('',#6817,#6818);
#5148=LINE('',#6819,#6820);
#5149=VERTEX_POINT('',#6821);
#5150=LINE('',#6822,#6823);
#5151=LINE('',#6824,#6825);
#5152=VERTEX_POINT('',#6826);
#5153=LINE('',#6827,#6828);
#5154=LINE('',#6829,#6830);
#5155=VERTEX_POINT('',#6831);
#5156=LINE('',#6832,#6833);
#5157=LINE('',#6834,#6835);
#5158=LINE('',#6836,#6837);
#5159=VERTEX_POINT('',#6838);
#5160=LINE('',#6839,#6840);
#5161=LINE('',#6841,#6842);
#5162=VERTEX_POINT('',#6843);
#5163=LINE('',#6844,#6845);
#5164=LINE('',#6846,#6847);
#5165=LINE('',#6848,#6849);
#5166=LINE('',#6850,#6851);
#5167=LINE('',#6852,#6853);
#5168=VERTEX_POINT('',#6854);
#5169=LINE('',#6855,#6856);
#5170=LINE('',#6857,#6858);
#5171=VERTEX_POINT('',#6859);
#5172=LINE('',#6860,#6861);
#5173=LINE('',#6862,#6863);
#5174=VERTEX_POINT('',#6864);
#5175=VERTEX_POINT('',#6865);
#5176=LINE('',#6866,#6867);
#5177=LINE('',#6868,#6869);
#5178=LINE('',#6870,#6871);
#5179=VERTEX_POINT('',#6872);
#5180=LINE('',#6873,#6874);
#5181=LINE('',#6875,#6876);
#5182=VERTEX_POINT('',#6877);
#5183=VERTEX_POINT('',#6878);
#5184=LINE('',#6879,#6880);
#5185=VERTEX_POINT('',#6881);
#5186=LINE('',#6882,#6883);
#5187=LINE('',#6884,#6885);
#5188=LINE('',#6886,#6887);
#5189=LINE('',#6888,#6889);
#5190=LINE('',#6890,#6891);
#5191=LINE('',#6892,#6893);
#5192=VERTEX_POINT('',#6894);
#5193=LINE('',#6895,#6896);
#5194=VERTEX_POINT('',#6897);
#5195=LINE('',#6898,#6899);
#5196=LINE('',#6900,#6901);
#5197=VERTEX_POINT('',#6902);
#5198=LINE('',#6903,#6904);
#5199=LINE('',#6905,#6906);
#5200=LINE('',#6907,#6908);
#5201=VERTEX_POINT('',#6909);
#5202=LINE('',#6910,#6911);
#5203=LINE('',#6912,#6913);
#5204=LINE('',#6914,#6915);
#5205=LINE('',#6916,#6917);
#5206=VERTEX_POINT('',#6918);
#5207=LINE('',#6919,#6920);
#5208=VERTEX_POINT('',#6921);
#5209=LINE('',#6922,#6923);
#5210=LINE('',#6924,#6925);
#5211=VERTEX_POINT('',#6926);
#5212=LINE('',#6927,#6928);
#5213=LINE('',#6929,#6930);
#5214=VERTEX_POINT('',#6931);
#5215=LINE('',#6932,#6933);
#5216=LINE('',#6934,#6935);
#5217=LINE('',#6936,#6937);
#5218=LINE('',#6938,#6939);
#5219=VERTEX_POINT('',#6940);
#5220=LINE('',#6941,#6942);
#5221=VERTEX_POINT('',#6943);
#5222=LINE('',#6944,#6945);
#5223=LINE('',#6946,#6947);
#5224=LINE('',#6948,#6949);
#5225=VERTEX_POINT('',#6950);
#5226=LINE('',#6951,#6952);
#5227=LINE('',#6953,#6954);
#5228=LINE('',#6955,#6956);
#5229=VERTEX_POINT('',#6957);
#5230=LINE('',#6958,#6959);
#5231=LINE('',#6960,#6961);
#5232=LINE('',#6962,#6963);
#5233=LINE('',#6964,#6965);
#5234=VERTEX_POINT('',#6966);
#5235=LINE('',#6967,#6968);
#5236=VERTEX_POINT('',#6969);
#5237=LINE('',#6970,#6971);
#5238=LINE('',#6972,#6973);
#5239=VERTEX_POINT('',#6974);
#5240=LINE('',#6975,#6976);
#5241=LINE('',#6977,#6978);
#5242=VERTEX_POINT('',#6979);
#5243=LINE('',#6980,#6981);
#5244=LINE('',#6982,#6983);
#5245=LINE('',#6984,#6985);
#5246=LINE('',#6986,#6987);
#5247=VERTEX_POINT('',#6988);
#5248=VERTEX_POINT('',#6989);
#5249=LINE('',#6990,#6991);
#5250=LINE('',#6992,#6993);
#5251=LINE('',#6994,#6995);
#5252=VERTEX_POINT('',#6996);
#5253=LINE('',#6997,#6998);
#5254=VERTEX_POINT('',#6999);
#5255=LINE('',#7000,#7001);
#5256=LINE('',#7002,#7003);
#5257=LINE('',#7004,#7005);
#5258=LINE('',#7006,#7007);
#5259=VERTEX_POINT('',#7008);
#5260=LINE('',#7009,#7010);
#5261=VERTEX_POINT('',#7011);
#5262=LINE('',#7012,#7013);
#5263=LINE('',#7014,#7015);
#5264=LINE('',#7016,#7017);
#5265=VERTEX_POINT('',#7018);
#5266=LINE('',#7019,#7020);
#5267=LINE('',#7021,#7022);
#5268=LINE('',#7023,#7024);
#5269=VERTEX_POINT('',#7025);
#5270=LINE('',#7026,#7027);
#5271=LINE('',#7028,#7029);
#5272=LINE('',#7030,#7031);
#5273=LINE('',#7032,#7033);
#5274=VERTEX_POINT('',#7034);
#5275=LINE('',#7035,#7036);
#5276=VERTEX_POINT('',#7037);
#5277=LINE('',#7038,#7039);
#5278=LINE('',#7040,#7041);
#5279=LINE('',#7042,#7043);
#5280=VERTEX_POINT('',#7044);
#5281=LINE('',#7045,#7046);
#5282=LINE('',#7047,#7048);
#5283=VERTEX_POINT('',#7049);
#5284=LINE('',#7050,#7051);
#5285=LINE('',#7052,#7053);
#5286=LINE('',#7054,#7055);
#5287=VERTEX_POINT('',#7056);
#5288=CIRCLE('',#7057,1.0);
#5289=LINE('',#7058,#7059);
#5290=VERTEX_POINT('',#7060);
#5291=LINE('',#7061,#7062);
#5292=LINE('',#7063,#7064);
#5293=CIRCLE('',#7065,1.0);
#5294=LINE('',#7066,#7067);
#5295=CIRCLE('',#7068,1.0);
#5296=VERTEX_POINT('',#7069);
#5297=LINE('',#7070,#7071);
#5298=CIRCLE('',#7072,1.3);
#5299=VERTEX_POINT('',#7073);
#5300=LINE('',#7074,#7075);
#5301=CIRCLE('',#7076,1.3);
#5302=(B_SPLINE_CURVE(2,(#7078,#7079,#7080),.UNSPECIFIED.,.F.,.F.)B_SPLINE_CURVE_WITH_KNOTS((3,3),(0.261140969573657,0.420439063830918),.UNSPECIFIED.)RATIONAL_B_SPLINE_CURVE((1.53971143170302,1.53971143170302,1.33887950582726))BOUNDED_CURVE()REPRESENTATION_ITEM('')GEOMETRIC_REPRESENTATION_ITEM()CURVE());
#5303=CIRCLE('',#7087,0.7486304929239);
#5304=CIRCLE('',#7088,0.5321241419778);
#5305=VERTEX_POINT('',#7089);
#5306=LINE('',#7090,#7091);
#5307=LINE('',#7092,#7093);
#5308=LINE('',#7094,#7095);
#5309=LINE('',#7096,#7097);
#5310=VERTEX_POINT('',#7098);
#5311=LINE('',#7099,#7100);
#5312=LINE('',#7101,#7102);
#5313=VERTEX_POINT('',#7103);
#5314=LINE('',#7104,#7105);
#5315=LINE('',#7106,#7107);
#5316=LINE('',#7108,#7109);
#5317=CIRCLE('',#7110,0.5321241419778);
#5318=VERTEX_POINT('',#7111);
#5319=LINE('',#7112,#7113);
#5320=LINE('',#7114,#7115);
#5321=VERTEX_POINT('',#7116);
#5322=LINE('',#7117,#7118);
#5323=LINE('',#7119,#7120);
#5324=LINE('',#7121,#7122);
#5325=VERTEX_POINT('',#7123);
#5326=LINE('',#7124,#7125);
#5327=VERTEX_POINT('',#7126);
#5328=LINE('',#7127,#7128);
#5329=VERTEX_POINT('',#7129);
#5330=LINE('',#7130,#7131);
#5331=LINE('',#7132,#7133);
#5332=VERTEX_POINT('',#7134);
#5333=LINE('',#7135,#7136);
#5334=LINE('',#7137,#7138);
#5335=VERTEX_POINT('',#7139);
#5336=LINE('',#7140,#7141);
#5337=VERTEX_POINT('',#7142);
#5338=LINE('',#7143,#7144);
#5339=LINE('',#7145,#7146);
#5340=VERTEX_POINT('',#7147);
#5341=LINE('',#7148,#7149);
#5342=LINE('',#7150,#7151);
#5343=VERTEX_POINT('',#7152);
#5344=LINE('',#7153,#7154);
#5345=LINE('',#7155,#7156);
#5346=VERTEX_POINT('',#7157);
#5347=LINE('',#7158,#7159);
#5348=LINE('',#7160,#7161);
#5349=LINE('',#7162,#7163);
#5350=LINE('',#7164,#7165);
#5351=CARTESIAN_POINT('',(-4.825,-1.1,3.305));
#5352=CARTESIAN_POINT('',(-4.825,-1.1,1.785));
#5353=CARTESIAN_POINT('',(-4.825,-1.1,3.305));
#5354=VECTOR('',#7166,1.52);
#5355=CARTESIAN_POINT('',(-4.825,-3.05,1.785));
#5356=CARTESIAN_POINT('',(-4.825,-3.05,1.785));
#5357=VECTOR('',#7167,1.95);
#5358=CARTESIAN_POINT('',(-4.825,-3.05,3.305));
#5359=CARTESIAN_POINT('',(-4.825,-3.05,3.305));
#5360=VECTOR('',#7168,1.52);
#5361=CARTESIAN_POINT('',(-4.825,-2.41,3.305));
#5362=CARTESIAN_POINT('',(-4.825,-2.41,3.305));
#5363=VECTOR('',#7169,0.64);
#5364=CARTESIAN_POINT('',(-4.825,-2.41,3.305));
#5365=VECTOR('',#7170,1.31);
#5366=CARTESIAN_POINT('',(-4.825,1.1,3.305));
#5367=CARTESIAN_POINT('',(-4.825,1.1,1.785));
#5368=CARTESIAN_POINT('',(-4.825,1.1,3.305));
#5369=VECTOR('',#7171,1.52);
#5370=CARTESIAN_POINT('',(-4.825,2.68,3.305));
#5371=CARTESIAN_POINT('',(-4.825,1.1,3.305));
#5372=VECTOR('',#7172,1.58);
#5373=CARTESIAN_POINT('',(-4.825,3.43,3.305));
#5374=CARTESIAN_POINT('',(-4.825,3.43,3.305));
#5375=VECTOR('',#7173,0.75);
#5376=CARTESIAN_POINT('',(-4.825,3.43,1.785));
#5377=CARTESIAN_POINT('',(-4.825,3.43,1.785));
#5378=VECTOR('',#7174,1.52);
#5379=CARTESIAN_POINT('',(-4.825,1.1,1.785));
#5380=VECTOR('',#7175,2.33);
#5381=CARTESIAN_POINT('',(-3.44048560795603,-1.1,3.305));
#5382=CARTESIAN_POINT('',(-3.440323739038,-1.1,3.305));
#5383=VECTOR('',#7176,1.384676260962);
#5384=CARTESIAN_POINT('',(-3.44048560815635,-1.1,-0.195));
#5385=CARTESIAN_POINT('',(-3.440485608557,-1.1,4.13));
#5386=VECTOR('',#7177,10.0);
#5387=CARTESIAN_POINT('',(-5.075,-1.1,-0.195));
#5388=CARTESIAN_POINT('',(-5.075,-1.1,-0.195));
#5389=VECTOR('',#7178,1.634838130481);
#5390=CARTESIAN_POINT('',(-5.075,-1.1,1.785));
#5391=CARTESIAN_POINT('',(-5.075,-1.1,1.785));
#5392=VECTOR('',#7179,1.98);
#5393=CARTESIAN_POINT('',(-5.075,-1.1,1.785));
#5394=VECTOR('',#7180,0.25);
#5395=CARTESIAN_POINT('',(-5.075,-3.94,1.785));
#5396=CARTESIAN_POINT('',(-5.075,-1.1,1.785));
#5397=VECTOR('',#7181,2.84);
#5398=CARTESIAN_POINT('',(-4.825,-3.94,1.785));
#5399=CARTESIAN_POINT('',(-5.075,-3.94,1.785));
#5400=VECTOR('',#7182,0.25);
#5401=CARTESIAN_POINT('',(-4.825,-3.94,1.785));
#5402=VECTOR('',#7183,0.89);
#5403=CARTESIAN_POINT('',(-5.075,1.1,1.785));
#5404=CARTESIAN_POINT('',(-5.075,1.1,1.785));
#5405=VECTOR('',#7184,0.25);
#5406=CARTESIAN_POINT('',(-5.075,3.43,1.785));
#5407=CARTESIAN_POINT('',(-5.075,3.43,1.785));
#5408=VECTOR('',#7185,0.25);
#5409=CARTESIAN_POINT('',(-5.075,3.43,1.785));
#5410=VECTOR('',#7186,2.33);
#5411=CARTESIAN_POINT('',(-4.825,-3.05,-3.355));
#5412=CARTESIAN_POINT('',(-4.825,-3.94,-3.355));
#5413=CARTESIAN_POINT('',(-4.825,-3.05,-3.355));
#5414=VECTOR('',#7187,0.89);
#5415=CARTESIAN_POINT('',(-4.825,-3.05,1.785));
#5416=VECTOR('',#7188,5.14);
#5417=CARTESIAN_POINT('',(-4.825,-3.94,1.785));
#5418=VECTOR('',#7189,5.14);
#5419=CARTESIAN_POINT('',(3.805,-3.94,-3.355));
#5420=CARTESIAN_POINT('',(3.805,-3.43,-3.355));
#5421=CARTESIAN_POINT('',(3.805,-3.94,-3.355));
#5422=VECTOR('',#7190,0.51);
#5423=CARTESIAN_POINT('',(4.825,-3.94,-3.355));
#5424=CARTESIAN_POINT('',(3.805,-3.94,-3.355));
#5425=VECTOR('',#7191,1.02);
#5426=CARTESIAN_POINT('',(4.825,-3.05,-3.355));
#5427=CARTESIAN_POINT('',(4.825,-3.94,-3.355));
#5428=VECTOR('',#7192,0.89);
#5429=CARTESIAN_POINT('',(4.825,-3.05,-3.355));
#5430=VECTOR('',#7193,1.08848518593493);
#5431=CARTESIAN_POINT('',(-3.805,-3.43,-3.355));
#5432=CARTESIAN_POINT('',(-3.825,-3.43,-3.355));
#5433=CARTESIAN_POINT('',(-3.805,-3.43,-3.355));
#5434=VECTOR('',#7194,0.02);
#5435=CARTESIAN_POINT('',(-3.805,-3.43,-3.355));
#5436=VECTOR('',#7195,1.08848518593493);
#5437=CARTESIAN_POINT('',(-3.825,-3.94,-3.355));
#5438=CARTESIAN_POINT('',(-4.825,-3.94,-3.355));
#5439=VECTOR('',#7196,1.0);
#5440=CARTESIAN_POINT('',(-3.825,-3.94,-3.355));
#5441=VECTOR('',#7197,0.51);
#5442=CARTESIAN_POINT('',(3.805,-3.43,-4.955));
#5443=CARTESIAN_POINT('',(3.805,-3.43,-3.355));
#5444=VECTOR('',#7198,1.6);
#5445=CARTESIAN_POINT('',(3.805,-3.94,-4.955));
#5446=CARTESIAN_POINT('',(3.805,-3.94,-4.955));
#5447=VECTOR('',#7199,0.51);
#5448=CARTESIAN_POINT('',(3.805,-3.94,-4.955));
#5449=VECTOR('',#7200,1.6);
#5450=CARTESIAN_POINT('',(5.075,-3.94,-4.955));
#5451=CARTESIAN_POINT('',(5.075,-3.94,-4.955));
#5452=VECTOR('',#7201,1.27);
#5453=CARTESIAN_POINT('',(5.075,-3.94,1.785));
#5454=CARTESIAN_POINT('',(5.075,-3.94,1.785));
#5455=VECTOR('',#7202,6.74);
#5456=CARTESIAN_POINT('',(4.825,-3.94,1.785));
#5457=CARTESIAN_POINT('',(4.825,-3.94,1.785));
#5458=VECTOR('',#7203,0.25);
#5459=CARTESIAN_POINT('',(4.825,-3.94,-3.355));
#5460=VECTOR('',#7204,5.14);
#5461=CARTESIAN_POINT('',(-3.825,-3.94,-4.955));
#5462=CARTESIAN_POINT('',(-3.825,-3.94,-3.355));
#5463=VECTOR('',#7205,1.6);
#5464=CARTESIAN_POINT('',(-5.075,-3.94,-4.955));
#5465=CARTESIAN_POINT('',(-5.075,-3.94,-4.955));
#5466=VECTOR('',#7206,6.74);
#5467=CARTESIAN_POINT('',(-3.825,-3.94,-4.955));
#5468=VECTOR('',#7207,1.25);
#5469=CARTESIAN_POINT('',(4.825,-3.05,1.785));
#5470=CARTESIAN_POINT('',(4.825,-3.05,1.785));
#5471=VECTOR('',#7208,0.89);
#5472=CARTESIAN_POINT('',(4.825,-3.05,1.785));
#5473=VECTOR('',#7209,5.14);
#5474=CARTESIAN_POINT('',(4.825,1.1,1.785));
#5475=CARTESIAN_POINT('',(5.075,1.1,1.785));
#5476=CARTESIAN_POINT('',(4.825,1.1,1.785));
#5477=VECTOR('',#7210,0.25);
#5478=CARTESIAN_POINT('',(5.075,3.43,1.785));
#5479=CARTESIAN_POINT('',(5.075,3.43,1.785));
#5480=VECTOR('',#7211,2.33);
#5481=CARTESIAN_POINT('',(4.825,3.43,1.785));
#5482=CARTESIAN_POINT('',(4.825,3.43,1.785));
#5483=VECTOR('',#7212,0.25);
#5484=CARTESIAN_POINT('',(4.825,1.1,1.785));
#5485=VECTOR('',#7213,2.33);
#5486=CARTESIAN_POINT('',(4.825,-2.2,1.785));
#5487=CARTESIAN_POINT('',(4.825,-1.1,1.785));
#5488=CARTESIAN_POINT('',(4.825,-2.2,1.785));
#5489=VECTOR('',#7214,1.1);
#5490=CARTESIAN_POINT('',(4.825,-2.35,1.785));
#5491=CARTESIAN_POINT('',(4.825,-2.35,1.785));
#5492=VECTOR('',#7215,0.15);
#5493=CARTESIAN_POINT('',(4.825,-3.05,1.785));
#5494=VECTOR('',#7216,0.7);
#5495=CARTESIAN_POINT('',(5.075,-1.1,1.785));
#5496=CARTESIAN_POINT('',(5.075,-1.1,1.785));
#5497=VECTOR('',#7217,2.84);
#5498=CARTESIAN_POINT('',(4.825,-1.1,1.785));
#5499=VECTOR('',#7218,0.25);
#5500=CARTESIAN_POINT('',(4.825,1.1,3.305));
#5501=CARTESIAN_POINT('',(4.825,1.1,3.305));
#5502=VECTOR('',#7219,1.52);
#5503=CARTESIAN_POINT('',(3.44048560795603,1.1,3.305));
#5504=CARTESIAN_POINT('',(4.825,1.1,3.305));
#5505=VECTOR('',#7220,1.384676260962);
#5506=CARTESIAN_POINT('',(3.44048560815635,1.1,-0.195));
#5507=CARTESIAN_POINT('',(3.440485608557,1.1,1.555));
#5508=VECTOR('',#7221,10.0);
#5509=CARTESIAN_POINT('',(5.075,1.1,-0.195));
#5510=CARTESIAN_POINT('',(5.075,1.1,-0.195));
#5511=VECTOR('',#7222,1.634838130481);
#5512=CARTESIAN_POINT('',(5.075,1.1,1.785));
#5513=VECTOR('',#7223,1.98);
#5514=CARTESIAN_POINT('',(4.825,3.43,3.305));
#5515=CARTESIAN_POINT('',(4.825,3.43,1.785));
#5516=VECTOR('',#7224,1.52);
#5517=CARTESIAN_POINT('',(4.825,2.68,3.305));
#5518=CARTESIAN_POINT('',(4.825,3.43,3.305));
#5519=VECTOR('',#7225,0.75);
#5520=CARTESIAN_POINT('',(4.825,1.1,3.305));
#5521=VECTOR('',#7226,1.58);
#5522=CARTESIAN_POINT('',(4.825,-2.2,2.805));
#5523=CARTESIAN_POINT('',(4.825,-2.2,1.785));
#5524=VECTOR('',#7227,1.02);
#5525=CARTESIAN_POINT('',(4.825,-1.1,3.305));
#5526=CARTESIAN_POINT('',(4.825,-1.1,3.305));
#5527=VECTOR('',#7228,1.52);
#5528=CARTESIAN_POINT('',(4.825,-2.41,3.305));
#5529=CARTESIAN_POINT('',(4.825,-2.41,3.305));
#5530=VECTOR('',#7229,1.31);
#5531=CARTESIAN_POINT('',(4.825,-3.05,3.305));
#5532=CARTESIAN_POINT('',(4.825,-2.41,3.305));
#5533=VECTOR('',#7230,0.64);
#5534=CARTESIAN_POINT('',(4.825,-3.05,3.305));
#5535=VECTOR('',#7231,1.52);
#5536=CARTESIAN_POINT('',(4.825,-2.35,2.6007447052));
#5537=CARTESIAN_POINT('',(4.825,-2.35,2.6007447052));
#5538=VECTOR('',#7232,0.8157447052002);
#5539=CARTESIAN_POINT('',(4.825,-2.5,2.422021250725));
#5540=CARTESIAN_POINT('',(4.825,-2.5,2.422021250725));
#5541=VECTOR('',#7233,0.233328251996204);
#5542=CARTESIAN_POINT('',(4.825,-2.5,2.62627661705));
#5543=CARTESIAN_POINT('',(4.825,-2.5,2.62627661705));
#5544=VECTOR('',#7234,0.2042553663254);
#5545=CARTESIAN_POINT('',(4.825,-2.35,2.805));
#5546=CARTESIAN_POINT('',(4.825,-2.35,2.805));
#5547=VECTOR('',#7235,0.233328197209507);
#5548=CARTESIAN_POINT('',(4.825,-2.2,2.805));
#5549=VECTOR('',#7236,0.15);
#5550=CARTESIAN_POINT('',(3.44048560795603,-1.1,3.305));
#5551=CARTESIAN_POINT('',(4.825,-1.1,3.305));
#5552=VECTOR('',#7237,1.384676260962);
#5553=CARTESIAN_POINT('',(3.440485608557,-2.41,3.305));
#5554=CARTESIAN_POINT('',(3.440485608557,2.68,3.305));
#5555=VECTOR('',#7238,10.0);
#5556=CARTESIAN_POINT('',(4.825,-2.41,3.305));
#5557=VECTOR('',#7239,1.384514391443);
#5558=CARTESIAN_POINT('',(3.440485608557,2.68,3.305));
#5559=CARTESIAN_POINT('',(4.825,2.68,3.305));
#5560=VECTOR('',#7240,1.384514391443);
#5561=CARTESIAN_POINT('',(3.440485608557,2.68,3.305));
#5562=VECTOR('',#7241,10.0);
#5563=CARTESIAN_POINT('',(5.075,-1.1,-0.195));
#5564=CARTESIAN_POINT('',(5.075,-1.1,1.785));
#5565=VECTOR('',#7242,1.98);
#5566=CARTESIAN_POINT('',(3.44048560815635,-1.1,-0.195));
#5567=CARTESIAN_POINT('',(5.075,-1.1,-0.195));
#5568=VECTOR('',#7243,1.634838130481);
#5569=CARTESIAN_POINT('',(3.440485608557,-1.1,3.305));
#5570=VECTOR('',#7244,10.0);
#5571=CARTESIAN_POINT('',(3.44048560815635,0.575,-0.195));
#5572=CARTESIAN_POINT('',(3.440485608557,0.575,-2.795));
#5573=CARTESIAN_POINT('',(3.440485608557,0.575,0.305));
#5574=VECTOR('',#7245,10.0);
#5575=CARTESIAN_POINT('',(3.440485608557,1.6275,-0.195));
#5576=VECTOR('',#7246,10.0);
#5577=CARTESIAN_POINT('',(3.440485608557,2.68,4.955));
#5578=CARTESIAN_POINT('',(3.440485608557,2.68,3.305));
#5579=VECTOR('',#7247,1.65);
#5580=CARTESIAN_POINT('',(3.440485608557,-2.41,4.955));
#5581=CARTESIAN_POINT('',(3.440485608557,-2.41,4.955));
#5582=VECTOR('',#7248,5.09);
#5583=CARTESIAN_POINT('',(3.440485608557,-2.41,3.305));
#5584=VECTOR('',#7249,1.65);
#5585=CARTESIAN_POINT('',(3.44048560815635,-0.575,-0.195));
#5586=CARTESIAN_POINT('',(3.440485608557,0.79,-0.195));
#5587=VECTOR('',#7250,10.0);
#5588=CARTESIAN_POINT('',(3.440485608557,-0.575,-2.795));
#5589=CARTESIAN_POINT('',(3.440485608557,-0.575,1.555));
#5590=VECTOR('',#7251,10.0);
#5591=CARTESIAN_POINT('',(3.440485608557,0.575,-2.795));
#5592=VECTOR('',#7252,1.15);
#5593=CARTESIAN_POINT('',(5.075,0.575,-2.695));
#5594=CARTESIAN_POINT('',(3.840485608557,0.575,-2.695));
#5595=CARTESIAN_POINT('',(5.075,0.575,-2.695));
#5596=VECTOR('',#7253,1.234514391443);
#5597=CARTESIAN_POINT('',(5.075,0.575,-0.195));
#5598=CARTESIAN_POINT('',(5.075,0.575,-2.695));
#5599=VECTOR('',#7254,2.5);
#5600=CARTESIAN_POINT('',(5.075,0.575,-0.195));
#5601=VECTOR('',#7255,1.634838130481);
#5602=CARTESIAN_POINT('',(3.840485608557,0.575,-2.795));
#5603=CARTESIAN_POINT('',(3.840485608557,0.575,-2.795));
#5604=VECTOR('',#7256,0.4);
#5605=CARTESIAN_POINT('',(3.840485608557,0.575,-2.695));
#5606=VECTOR('',#7257,0.1);
#5607=CARTESIAN_POINT('',(3.840485608557,-0.575,-2.695));
#5608=CARTESIAN_POINT('',(3.840485608557,-0.4,-2.695));
#5609=CARTESIAN_POINT('',(3.840485608557,-0.575,-2.695));
#5610=VECTOR('',#7258,0.175);
#5611=CARTESIAN_POINT('',(5.075,-0.575,-2.695));
#5612=CARTESIAN_POINT('',(5.075,-0.575,-2.695));
#5613=VECTOR('',#7259,1.234514391443);
#5614=CARTESIAN_POINT('',(5.075,-0.575,-2.695));
#5615=VECTOR('',#7260,1.15);
#5616=CARTESIAN_POINT('',(3.840485608557,0.4,-2.695));
#5617=CARTESIAN_POINT('',(3.840485608557,0.575,-2.695));
#5618=VECTOR('',#7261,0.175);
#5619=CARTESIAN_POINT('',(4.140485608557,0.4,-2.695));
#5620=CARTESIAN_POINT('',(4.140485608557,0.4,-2.695));
#5621=VECTOR('',#7262,0.3);
#5622=CARTESIAN_POINT('',(4.140485608557,-0.4,-2.695));
#5623=CARTESIAN_POINT('',(4.140485608557,-0.4,-2.695));
#5624=VECTOR('',#7263,0.8);
#5625=CARTESIAN_POINT('',(3.840485608557,-0.4,-2.695));
#5626=VECTOR('',#7264,0.3);
#5627=CARTESIAN_POINT('',(3.840485608557,-0.4,-2.795));
#5628=CARTESIAN_POINT('',(3.840485608557,-0.4,-2.695));
#5629=VECTOR('',#7265,0.1);
#5630=CARTESIAN_POINT('',(3.840485608557,-0.575,-2.795));
#5631=CARTESIAN_POINT('',(3.840485608557,-0.575,-2.795));
#5632=VECTOR('',#7266,0.175);
#5633=CARTESIAN_POINT('',(3.840485608557,-0.575,-2.695));
#5634=VECTOR('',#7267,0.1);
#5635=CARTESIAN_POINT('',(5.075,-0.575,-0.195));
#5636=CARTESIAN_POINT('',(5.075,-0.575,-0.195));
#5637=VECTOR('',#7268,1.634838130481);
#5638=CARTESIAN_POINT('',(5.075,-0.575,-0.195));
#5639=VECTOR('',#7269,2.5);
#5640=CARTESIAN_POINT('',(3.440485608557,-0.575,-2.795));
#5641=VECTOR('',#7270,0.4);
#5642=CARTESIAN_POINT('',(4.140485608557,-0.4,-2.795));
#5643=CARTESIAN_POINT('',(3.840485608557,-0.4,-2.795));
#5644=VECTOR('',#7271,0.3);
#5645=CARTESIAN_POINT('',(4.140485608557,0.4,-2.795));
#5646=CARTESIAN_POINT('',(4.140485608557,-0.4,-2.795));
#5647=VECTOR('',#7272,0.8);
#5648=CARTESIAN_POINT('',(3.840485608557,0.4,-2.795));
#5649=CARTESIAN_POINT('',(4.140485608557,0.4,-2.795));
#5650=VECTOR('',#7273,0.3);
#5651=CARTESIAN_POINT('',(3.840485608557,0.4,-2.795));
#5652=VECTOR('',#7274,0.175);
#5653=CARTESIAN_POINT('',(-3.840485608557,0.575,-2.795));
#5654=CARTESIAN_POINT('',(-3.840485608557,0.4,-2.795));
#5655=CARTESIAN_POINT('',(-3.840485608557,0.575,-2.795));
#5656=VECTOR('',#7275,0.175);
#5657=CARTESIAN_POINT('',(-4.140485608557,0.4,-2.795));
#5658=CARTESIAN_POINT('',(-3.840485608557,0.4,-2.795));
#5659=VECTOR('',#7276,0.3);
#5660=CARTESIAN_POINT('',(-4.140485608557,-0.4,-2.795));
#5661=CARTESIAN_POINT('',(-4.140485608557,0.4,-2.795));
#5662=VECTOR('',#7277,0.8);
#5663=CARTESIAN_POINT('',(-3.840485608557,-0.4,-2.795));
#5664=CARTESIAN_POINT('',(-4.140485608557,-0.4,-2.795));
#5665=VECTOR('',#7278,0.3);
#5666=CARTESIAN_POINT('',(-3.840485608557,-0.575,-2.795));
#5667=CARTESIAN_POINT('',(-3.840485608557,-0.4,-2.795));
#5668=VECTOR('',#7279,0.175);
#5669=CARTESIAN_POINT('',(-3.440485608557,-0.575,-2.795));
#5670=CARTESIAN_POINT('',(-3.840485608557,-0.575,-2.795));
#5671=VECTOR('',#7280,0.4);
#5672=CARTESIAN_POINT('',(-3.440485608557,0.575,-2.795));
#5673=CARTESIAN_POINT('',(-3.440485608557,-0.575,-2.795));
#5674=VECTOR('',#7281,1.15);
#5675=CARTESIAN_POINT('',(-3.440485608557,0.575,-2.795));
#5676=VECTOR('',#7282,0.4);
#5677=CARTESIAN_POINT('',(3.840485608557,0.4,-2.695));
#5678=VECTOR('',#7283,0.1);
#5679=CARTESIAN_POINT('',(4.140485608557,0.4,-2.695));
#5680=VECTOR('',#7284,0.1);
#5681=CARTESIAN_POINT('',(4.140485608557,-0.4,-2.695));
#5682=VECTOR('',#7285,0.1);
#5683=CARTESIAN_POINT('',(-3.840485608557,0.575,-2.695));
#5684=CARTESIAN_POINT('',(-3.840485608557,0.4,-2.695));
#5685=CARTESIAN_POINT('',(-3.840485608557,0.575,-2.695));
#5686=VECTOR('',#7286,0.175);
#5687=CARTESIAN_POINT('',(-3.840485608557,0.4,-2.695));
#5688=VECTOR('',#7287,0.1);
#5689=CARTESIAN_POINT('',(-3.840485608557,0.575,-2.695));
#5690=VECTOR('',#7288,0.1);
#5691=CARTESIAN_POINT('',(-5.075,0.575,-2.695));
#5692=CARTESIAN_POINT('',(-5.075,0.575,-2.695));
#5693=VECTOR('',#7289,1.234514391443);
#5694=CARTESIAN_POINT('',(-5.075,-0.575,-2.695));
#5695=CARTESIAN_POINT('',(-5.075,-0.575,-2.695));
#5696=VECTOR('',#7290,1.15);
#5697=CARTESIAN_POINT('',(-3.840485608557,-0.575,-2.695));
#5698=CARTESIAN_POINT('',(-5.075,-0.575,-2.695));
#5699=VECTOR('',#7291,1.234514391443);
#5700=CARTESIAN_POINT('',(-3.840485608557,-0.4,-2.695));
#5701=CARTESIAN_POINT('',(-3.840485608557,-0.575,-2.695));
#5702=VECTOR('',#7292,0.175);
#5703=CARTESIAN_POINT('',(-4.140485608557,-0.4,-2.695));
#5704=CARTESIAN_POINT('',(-4.140485608557,-0.4,-2.695));
#5705=VECTOR('',#7293,0.3);
#5706=CARTESIAN_POINT('',(-4.140485608557,0.4,-2.695));
#5707=CARTESIAN_POINT('',(-4.140485608557,0.4,-2.695));
#5708=VECTOR('',#7294,0.8);
#5709=CARTESIAN_POINT('',(-3.840485608557,0.4,-2.695));
#5710=VECTOR('',#7295,0.3);
#5711=CARTESIAN_POINT('',(-4.140485608557,0.4,-2.695));
#5712=VECTOR('',#7296,0.1);
#5713=CARTESIAN_POINT('',(-4.140485608557,-0.4,-2.695));
#5714=VECTOR('',#7297,0.1);
#5715=CARTESIAN_POINT('',(-3.840485608557,-0.4,-2.695));
#5716=VECTOR('',#7298,0.1);
#5717=CARTESIAN_POINT('',(-3.840485608557,-0.575,-2.695));
#5718=VECTOR('',#7299,0.1);
#5719=CARTESIAN_POINT('',(-5.075,-0.575,-0.195));
#5720=CARTESIAN_POINT('',(-5.075,-0.575,-0.195));
#5721=VECTOR('',#7300,2.5);
#5722=CARTESIAN_POINT('',(-3.44048560815635,-0.575,-0.195));
#5723=CARTESIAN_POINT('',(-5.075,-0.575,-0.195));
#5724=VECTOR('',#7301,1.634838130481);
#5725=CARTESIAN_POINT('',(-3.440485608557,-0.575,2.38));
#5726=VECTOR('',#7302,10.0);
#5727=CARTESIAN_POINT('',(-3.440485608557,0.79,-0.195));
#5728=VECTOR('',#7303,10.0);
#5729=CARTESIAN_POINT('',(-3.440485608557,-2.41,3.305));
#5730=CARTESIAN_POINT('',(-3.440485608557,2.68,3.305));
#5731=VECTOR('',#7304,10.0);
#5732=CARTESIAN_POINT('',(-3.440485608557,-2.41,4.955));
#5733=CARTESIAN_POINT('',(-3.440485608557,-2.41,4.955));
#5734=VECTOR('',#7305,1.65);
#5735=CARTESIAN_POINT('',(-3.440485608557,2.68,4.955));
#5736=CARTESIAN_POINT('',(-3.440485608557,-2.41,4.955));
#5737=VECTOR('',#7306,5.09);
#5738=CARTESIAN_POINT('',(-3.440485608557,2.68,3.305));
#5739=CARTESIAN_POINT('',(-3.440485608557,2.68,4.955));
#5740=VECTOR('',#7307,1.65);
#5741=CARTESIAN_POINT('',(-3.44048560795603,1.1,3.305));
#5742=CARTESIAN_POINT('',(-3.440485608557,2.68,3.305));
#5743=VECTOR('',#7308,10.0);
#5744=CARTESIAN_POINT('',(-3.44048560815635,1.1,-0.195));
#5745=CARTESIAN_POINT('',(-3.440485608557,1.1,2.38));
#5746=VECTOR('',#7309,10.0);
#5747=CARTESIAN_POINT('',(-3.44048560815635,0.575,-0.195));
#5748=CARTESIAN_POINT('',(-3.440485608557,1.6275,-0.195));
#5749=VECTOR('',#7310,10.0);
#5750=CARTESIAN_POINT('',(-3.440485608557,0.575,1.13));
#5751=VECTOR('',#7311,10.0);
#5752=CARTESIAN_POINT('',(-5.075,0.575,-0.195));
#5753=CARTESIAN_POINT('',(-5.075,0.575,-0.195));
#5754=VECTOR('',#7312,1.634838130481);
#5755=CARTESIAN_POINT('',(-5.075,0.575,-2.695));
#5756=VECTOR('',#7313,2.5);
#5757=CARTESIAN_POINT('',(-5.075,-2.78,-4.285));
#5758=CARTESIAN_POINT('',(-5.075,-1.0,-4.285));
#5759=CARTESIAN_POINT('',(-5.075,-2.78,-4.285));
#5760=VECTOR('',#7314,1.78);
#5761=CARTESIAN_POINT('',(-5.075,-2.78,-4.955));
#5762=CARTESIAN_POINT('',(-5.075,-2.78,-4.955));
#5763=VECTOR('',#7315,0.67);
#5764=CARTESIAN_POINT('',(-5.075,-2.78,-4.955));
#5765=VECTOR('',#7316,1.16);
#5766=CARTESIAN_POINT('',(-5.075,-1.1,-0.195));
#5767=VECTOR('',#7317,0.525);
#5768=CARTESIAN_POINT('',(-5.075,1.1,-0.195));
#5769=CARTESIAN_POINT('',(-5.075,0.575,-0.195));
#5770=VECTOR('',#7318,0.525);
#5771=CARTESIAN_POINT('',(-5.075,1.1,1.785));
#5772=VECTOR('',#7319,1.98);
#5773=CARTESIAN_POINT('',(-5.075,3.43,-4.955));
#5774=CARTESIAN_POINT('',(-5.075,3.43,-4.955));
#5775=VECTOR('',#7320,6.74);
#5776=CARTESIAN_POINT('',(-5.075,1.6,-4.955));
#5777=CARTESIAN_POINT('',(-5.075,3.43,-4.955));
#5778=VECTOR('',#7321,1.83);
#5779=CARTESIAN_POINT('',(-5.075,1.6,-4.285));
#5780=CARTESIAN_POINT('',(-5.075,1.6,-4.955));
#5781=VECTOR('',#7322,0.67);
#5782=CARTESIAN_POINT('',(-5.075,1.0,-4.285));
#5783=CARTESIAN_POINT('',(-5.075,1.0,-4.285));
#5784=VECTOR('',#7323,0.6);
#5785=CARTESIAN_POINT('',(-5.075,1.0,-3.685));
#5786=CARTESIAN_POINT('',(-5.075,1.0,-4.285));
#5787=VECTOR('',#7324,0.6);
#5788=CARTESIAN_POINT('',(-5.075,-1.0,-3.685));
#5789=CARTESIAN_POINT('',(-5.075,1.0,-3.685));
#5790=VECTOR('',#7325,2.0);
#5791=CARTESIAN_POINT('',(-5.075,-1.0,-3.685));
#5792=VECTOR('',#7326,0.6);
#5793=CARTESIAN_POINT('',(-1.18,-6.12,-4.285));
#5794=CARTESIAN_POINT('',(-1.18,-3.43,-4.285));
#5795=CARTESIAN_POINT('',(-1.18,-6.12,-4.285));
#5796=VECTOR('',#7327,2.69);
#5797=CARTESIAN_POINT('',(-1.82,-6.12,-4.285));
#5798=CARTESIAN_POINT('',(-1.18,-6.12,-4.285));
#5799=VECTOR('',#7328,0.64);
#5800=CARTESIAN_POINT('',(-1.82,-3.43,-4.285));
#5801=CARTESIAN_POINT('',(-1.82,-6.12,-4.285));
#5802=VECTOR('',#7329,2.69);
#5803=CARTESIAN_POINT('',(-1.82,-2.78,-4.285));
#5804=CARTESIAN_POINT('',(-1.82,-3.43,-4.285));
#5805=VECTOR('',#7330,0.65);
#5806=CARTESIAN_POINT('',(-5.075,-2.78,-4.285));
#5807=VECTOR('',#7331,3.255);
#5808=CARTESIAN_POINT('',(-3.825,-1.0,-4.285));
#5809=CARTESIAN_POINT('',(-3.825,-1.0,-4.285));
#5810=VECTOR('',#7332,1.25);
#5811=CARTESIAN_POINT('',(-3.825,1.0,-4.285));
#5812=CARTESIAN_POINT('',(-3.825,-1.0,-4.285));
#5813=VECTOR('',#7333,2.0);
#5814=CARTESIAN_POINT('',(-5.075,1.0,-4.285));
#5815=VECTOR('',#7334,1.25);
#5816=CARTESIAN_POINT('',(-1.82,1.6,-4.285));
#5817=CARTESIAN_POINT('',(-1.82,1.6,-4.285));
#5818=VECTOR('',#7335,3.255);
#5819=CARTESIAN_POINT('',(-1.82,1.589,-4.285));
#5820=CARTESIAN_POINT('',(-1.82,1.589,-4.285));
#5821=VECTOR('',#7336,0.011);
#5822=CARTESIAN_POINT('',(-1.82,0.949,-4.285));
#5823=CARTESIAN_POINT('',(-1.82,0.949,-4.285));
#5824=VECTOR('',#7337,0.64);
#5825=CARTESIAN_POINT('',(-1.82,0.32,-4.285));
#5826=CARTESIAN_POINT('',(-1.82,0.32,-4.285));
#5827=VECTOR('',#7338,0.629);
#5828=CARTESIAN_POINT('',(-1.82,-0.32,-4.285));
#5829=CARTESIAN_POINT('',(-1.82,-0.32,-4.285));
#5830=VECTOR('',#7339,0.64);
#5831=CARTESIAN_POINT('',(-1.82,-1.18,-4.285));
#5832=CARTESIAN_POINT('',(-1.82,-1.18,-4.285));
#5833=VECTOR('',#7340,0.86);
#5834=CARTESIAN_POINT('',(-1.18,-1.18,-4.285));
#5835=CARTESIAN_POINT('',(-1.18,-1.18,-4.285));
#5836=VECTOR('',#7341,0.64);
#5837=CARTESIAN_POINT('',(-1.18,-0.32,-4.285));
#5838=CARTESIAN_POINT('',(-1.18,-1.18,-4.285));
#5839=VECTOR('',#7342,0.86);
#5840=CARTESIAN_POINT('',(-1.18,0.32,-4.285));
#5841=CARTESIAN_POINT('',(-1.18,-0.32,-4.285));
#5842=VECTOR('',#7343,0.64);
#5843=CARTESIAN_POINT('',(-1.18,0.949,-4.285));
#5844=CARTESIAN_POINT('',(-1.18,0.32,-4.285));
#5845=VECTOR('',#7344,0.629);
#5846=CARTESIAN_POINT('',(-1.18,1.589,-4.285));
#5847=CARTESIAN_POINT('',(-1.18,0.949,-4.285));
#5848=VECTOR('',#7345,0.64);
#5849=CARTESIAN_POINT('',(-1.18,1.6,-4.285));
#5850=CARTESIAN_POINT('',(-1.18,1.589,-4.285));
#5851=VECTOR('',#7346,0.011);
#5852=CARTESIAN_POINT('',(1.18,1.6,-4.285));
#5853=CARTESIAN_POINT('',(1.18,1.6,-4.285));
#5854=VECTOR('',#7347,2.36);
#5855=CARTESIAN_POINT('',(1.18,1.589,-4.285));
#5856=CARTESIAN_POINT('',(1.18,1.589,-4.285));
#5857=VECTOR('',#7348,0.011);
#5858=CARTESIAN_POINT('',(1.18,0.949,-4.285));
#5859=CARTESIAN_POINT('',(1.18,0.949,-4.285));
#5860=VECTOR('',#7349,0.64);
#5861=CARTESIAN_POINT('',(1.18,0.32,-4.285));
#5862=CARTESIAN_POINT('',(1.18,0.32,-4.285));
#5863=VECTOR('',#7350,0.629);
#5864=CARTESIAN_POINT('',(1.18,-0.32,-4.285));
#5865=CARTESIAN_POINT('',(1.18,-0.32,-4.285));
#5866=VECTOR('',#7351,0.64);
#5867=CARTESIAN_POINT('',(1.18,-1.18,-4.285));
#5868=CARTESIAN_POINT('',(1.18,-1.18,-4.285));
#5869=VECTOR('',#7352,0.86);
#5870=CARTESIAN_POINT('',(1.82,-1.18,-4.285));
#5871=CARTESIAN_POINT('',(1.82,-1.18,-4.285));
#5872=VECTOR('',#7353,0.64);
#5873=CARTESIAN_POINT('',(1.82,-0.32,-4.285));
#5874=CARTESIAN_POINT('',(1.82,-1.18,-4.285));
#5875=VECTOR('',#7354,0.86);
#5876=CARTESIAN_POINT('',(1.82,0.32,-4.285));
#5877=CARTESIAN_POINT('',(1.82,-0.32,-4.285));
#5878=VECTOR('',#7355,0.64);
#5879=CARTESIAN_POINT('',(1.82,0.949,-4.285));
#5880=CARTESIAN_POINT('',(1.82,0.32,-4.285));
#5881=VECTOR('',#7356,0.629);
#5882=CARTESIAN_POINT('',(1.82,1.589,-4.285));
#5883=CARTESIAN_POINT('',(1.82,0.949,-4.285));
#5884=VECTOR('',#7357,0.64);
#5885=CARTESIAN_POINT('',(1.82,1.6,-4.285));
#5886=CARTESIAN_POINT('',(1.82,1.589,-4.285));
#5887=VECTOR('',#7358,0.011);
#5888=CARTESIAN_POINT('',(5.075,1.6,-4.285));
#5889=CARTESIAN_POINT('',(5.075,1.6,-4.285));
#5890=VECTOR('',#7359,3.255);
#5891=CARTESIAN_POINT('',(5.075,1.0,-4.285));
#5892=CARTESIAN_POINT('',(5.075,1.0,-4.285));
#5893=VECTOR('',#7360,0.6);
#5894=CARTESIAN_POINT('',(3.825,1.0,-4.285));
#5895=CARTESIAN_POINT('',(3.825,1.0,-4.285));
#5896=VECTOR('',#7361,1.25);
#5897=CARTESIAN_POINT('',(3.825,-1.0,-4.285));
#5898=CARTESIAN_POINT('',(3.825,-1.0,-4.285));
#5899=VECTOR('',#7362,2.0);
#5900=CARTESIAN_POINT('',(5.075,-1.0,-4.285));
#5901=CARTESIAN_POINT('',(5.075,-1.0,-4.285));
#5902=VECTOR('',#7363,1.25);
#5903=CARTESIAN_POINT('',(5.075,-2.78,-4.285));
#5904=CARTESIAN_POINT('',(5.075,-2.78,-4.285));
#5905=VECTOR('',#7364,1.78);
#5906=CARTESIAN_POINT('',(1.82,-2.78,-4.285));
#5907=CARTESIAN_POINT('',(1.82,-2.78,-4.285));
#5908=VECTOR('',#7365,3.255);
#5909=CARTESIAN_POINT('',(1.82,-3.43,-4.285));
#5910=CARTESIAN_POINT('',(1.82,-3.43,-4.285));
#5911=VECTOR('',#7366,0.65);
#5912=CARTESIAN_POINT('',(1.82,-6.12,-4.285));
#5913=CARTESIAN_POINT('',(1.82,-6.12,-4.285));
#5914=VECTOR('',#7367,2.69);
#5915=CARTESIAN_POINT('',(1.18,-6.12,-4.285));
#5916=CARTESIAN_POINT('',(1.82,-6.12,-4.285));
#5917=VECTOR('',#7368,0.64);
#5918=CARTESIAN_POINT('',(1.18,-3.43,-4.285));
#5919=CARTESIAN_POINT('',(1.18,-6.12,-4.285));
#5920=VECTOR('',#7369,2.69);
#5921=CARTESIAN_POINT('',(1.18,-2.78,-4.285));
#5922=CARTESIAN_POINT('',(1.18,-3.43,-4.285));
#5923=VECTOR('',#7370,0.65);
#5924=CARTESIAN_POINT('',(-1.18,-2.78,-4.285));
#5925=CARTESIAN_POINT('',(-1.18,-2.78,-4.285));
#5926=VECTOR('',#7371,2.36);
#5927=CARTESIAN_POINT('',(-1.18,-3.43,-4.285));
#5928=VECTOR('',#7372,0.65);
#5929=CARTESIAN_POINT('',(-1.18,-0.32,-4.955));
#5930=CARTESIAN_POINT('',(-1.18,-0.32,-4.285));
#5931=VECTOR('',#7373,0.67);
#5932=CARTESIAN_POINT('',(-1.18,0.32,-4.955));
#5933=CARTESIAN_POINT('',(-1.18,-0.32,-4.955));
#5934=VECTOR('',#7374,0.64);
#5935=CARTESIAN_POINT('',(-1.18,0.32,-4.955));
#5936=VECTOR('',#7375,0.67);
#5937=CARTESIAN_POINT('',(-1.18,1.82,1.555));
#5938=CARTESIAN_POINT('',(-1.18,1.18,1.555));
#5939=CARTESIAN_POINT('',(-1.18,1.82,1.555));
#5940=VECTOR('',#7376,0.64);
#5941=CARTESIAN_POINT('',(-1.18,1.18,-1.645));
#5942=CARTESIAN_POINT('',(-1.18,1.18,1.555));
#5943=VECTOR('',#7377,3.2);
#5944=CARTESIAN_POINT('',(-1.18,1.82,-1.645));
#5945=CARTESIAN_POINT('',(-1.18,1.18,-1.645));
#5946=VECTOR('',#7378,0.64);
#5947=CARTESIAN_POINT('',(-1.18,1.82,-1.645));
#5948=VECTOR('',#7379,3.2);
#5949=CARTESIAN_POINT('',(-1.18,-1.18,1.555));
#5950=CARTESIAN_POINT('',(-1.18,-1.82,1.555));
#5951=CARTESIAN_POINT('',(-1.18,-1.18,1.555));
#5952=VECTOR('',#7380,0.64);
#5953=CARTESIAN_POINT('',(-1.18,-1.82,-1.645));
#5954=CARTESIAN_POINT('',(-1.18,-1.82,1.555));
#5955=VECTOR('',#7381,3.2);
#5956=CARTESIAN_POINT('',(-1.18,-1.18,-1.645));
#5957=CARTESIAN_POINT('',(-1.18,-1.82,-1.645));
#5958=VECTOR('',#7382,0.64);
#5959=CARTESIAN_POINT('',(-1.18,-1.18,-1.645));
#5960=VECTOR('',#7383,3.2);
#5961=CARTESIAN_POINT('',(-1.18,-6.12,-6.645));
#5962=CARTESIAN_POINT('',(-1.18,-6.12,-7.285));
#5963=CARTESIAN_POINT('',(-1.18,-6.12,-6.645));
#5964=VECTOR('',#7384,0.64);
#5965=CARTESIAN_POINT('',(-1.18,1.589,-7.285));
#5966=CARTESIAN_POINT('',(-1.18,-6.12,-7.285));
#5967=VECTOR('',#7385,7.709);
#5968=CARTESIAN_POINT('',(-1.18,1.589,-7.285));
#5969=VECTOR('',#7386,3.0);
#5970=CARTESIAN_POINT('',(-1.18,0.949,-6.645));
#5971=CARTESIAN_POINT('',(-1.18,0.949,-4.285));
#5972=VECTOR('',#7387,2.36);
#5973=CARTESIAN_POINT('',(-1.18,0.949,-6.645));
#5974=VECTOR('',#7388,7.069);
#5975=CARTESIAN_POINT('',(-1.18,-3.94,-3.645));
#5976=CARTESIAN_POINT('',(-1.18,-3.94,-3.655));
#5977=CARTESIAN_POINT('',(-1.18,-3.94,-3.645));
#5978=VECTOR('',#7389,0.009999999999998);
#5979=CARTESIAN_POINT('',(-1.18,-6.12,-3.645));
#5980=CARTESIAN_POINT('',(-1.18,-3.94,-3.645));
#5981=VECTOR('',#7390,2.18);
#5982=CARTESIAN_POINT('',(-1.18,-6.12,-3.645));
#5983=VECTOR('',#7391,0.64);
#5984=CARTESIAN_POINT('',(-1.18,-3.43,-3.655));
#5985=CARTESIAN_POINT('',(-1.18,-3.43,-4.285));
#5986=VECTOR('',#7392,0.63);
#5987=CARTESIAN_POINT('',(-1.18,-3.43,-3.655));
#5988=VECTOR('',#7393,0.51);
#5989=CARTESIAN_POINT('',(-1.82,0.32,-4.955));
#5990=CARTESIAN_POINT('',(-1.18,0.32,-4.955));
#5991=VECTOR('',#7394,0.64);
#5992=CARTESIAN_POINT('',(-1.82,0.32,-4.955));
#5993=VECTOR('',#7395,0.67);
#5994=CARTESIAN_POINT('',(-1.82,0.32,-3.655));
#5995=CARTESIAN_POINT('',(-1.82,0.32,-4.285));
#5996=VECTOR('',#7396,0.63);
#5997=CARTESIAN_POINT('',(-1.18,0.32,-3.655));
#5998=CARTESIAN_POINT('',(-1.82,0.32,-3.655));
#5999=VECTOR('',#7397,0.64);
#6000=CARTESIAN_POINT('',(-1.18,0.32,-3.655));
#6001=VECTOR('',#7398,0.63);
#6002=CARTESIAN_POINT('',(-1.18,-2.78,-4.955));
#6003=CARTESIAN_POINT('',(-1.18,-2.78,-4.955));
#6004=VECTOR('',#7399,0.67);
#6005=CARTESIAN_POINT('',(-1.18,-3.43,-4.955));
#6006=CARTESIAN_POINT('',(-1.18,-2.78,-4.955));
#6007=VECTOR('',#7400,0.65);
#6008=CARTESIAN_POINT('',(-1.18,-3.43,-4.955));
#6009=VECTOR('',#7401,0.67);
#6010=CARTESIAN_POINT('',(-1.18,-1.18,-3.655));
#6011=CARTESIAN_POINT('',(-1.18,-1.18,-3.655));
#6012=VECTOR('',#7402,0.63);
#6013=CARTESIAN_POINT('',(-1.18,-0.32,-3.655));
#6014=CARTESIAN_POINT('',(-1.18,-0.32,-3.655));
#6015=VECTOR('',#7403,0.86);
#6016=CARTESIAN_POINT('',(-1.18,-0.32,-3.655));
#6017=VECTOR('',#7404,0.63);
#6018=CARTESIAN_POINT('',(-1.18,3.175,-3.655));
#6019=CARTESIAN_POINT('',(-1.18,1.589,-3.655));
#6020=CARTESIAN_POINT('',(-1.18,3.175,-3.655));
#6021=VECTOR('',#7405,1.586);
#6022=CARTESIAN_POINT('',(-1.18,3.175,-4.955));
#6023=CARTESIAN_POINT('',(-1.18,3.175,-4.955));
#6024=VECTOR('',#7406,1.3);
#6025=CARTESIAN_POINT('',(-1.18,1.6,-4.955));
#6026=CARTESIAN_POINT('',(-1.18,1.6,-4.955));
#6027=VECTOR('',#7407,1.575);
#6028=CARTESIAN_POINT('',(-1.18,1.6,-4.285));
#6029=VECTOR('',#7408,0.67);
#6030=CARTESIAN_POINT('',(-1.18,1.589,-3.655));
#6031=VECTOR('',#7409,0.63);
#6032=CARTESIAN_POINT('',(-1.18,0.949,-3.655));
#6033=CARTESIAN_POINT('',(-1.18,0.949,-3.655));
#6034=VECTOR('',#7410,0.629);
#6035=CARTESIAN_POINT('',(-1.18,0.949,-3.655));
#6036=VECTOR('',#7411,0.63);
#6037=CARTESIAN_POINT('',(-0.475,-3.43,3.545));
#6038=CARTESIAN_POINT('',(-0.475,-3.43,-3.655));
#6039=CARTESIAN_POINT('',(-0.475,-3.43,3.545));
#6040=VECTOR('',#7412,7.2);
#6041=CARTESIAN_POINT('',(-0.475,-3.43,-3.655));
#6042=VECTOR('',#7413,0.705);
#6043=CARTESIAN_POINT('',(1.18,-3.43,-4.955));
#6044=CARTESIAN_POINT('',(1.18,-3.43,-4.955));
#6045=VECTOR('',#7414,2.36);
#6046=CARTESIAN_POINT('',(1.18,-3.43,-4.955));
#6047=VECTOR('',#7415,0.67);
#6048=CARTESIAN_POINT('',(1.18,-3.43,-3.655));
#6049=CARTESIAN_POINT('',(1.18,-3.43,-4.285));
#6050=VECTOR('',#7416,0.63);
#6051=CARTESIAN_POINT('',(0.475,-3.43,-3.655));
#6052=CARTESIAN_POINT('',(0.475,-3.43,-3.655));
#6053=VECTOR('',#7417,0.705);
#6054=CARTESIAN_POINT('',(0.475,-3.43,3.545));
#6055=CARTESIAN_POINT('',(0.475,-3.43,-3.655));
#6056=VECTOR('',#7418,7.2);
#6057=CARTESIAN_POINT('',(1.475,-3.43,3.545));
#6058=CARTESIAN_POINT('',(1.475,-3.43,3.545));
#6059=VECTOR('',#7419,1.0);
#6060=CARTESIAN_POINT('',(1.475,-3.43,-3.645));
#6061=CARTESIAN_POINT('',(1.475,-3.43,-3.645));
#6062=VECTOR('',#7420,7.19);
#6063=CARTESIAN_POINT('',(1.82,-3.43,-3.645));
#6064=CARTESIAN_POINT('',(1.82,-3.43,-3.645));
#6065=VECTOR('',#7421,0.345);
#6066=CARTESIAN_POINT('',(1.82,-3.43,-4.285));
#6067=VECTOR('',#7422,0.64);
#6068=CARTESIAN_POINT('',(1.82,-3.43,-4.955));
#6069=CARTESIAN_POINT('',(1.82,-3.43,-4.955));
#6070=VECTOR('',#7423,0.67);
#6071=CARTESIAN_POINT('',(3.805,-3.43,-4.955));
#6072=VECTOR('',#7424,1.985);
#6073=CARTESIAN_POINT('',(3.805,-3.43,4.520588664446));
#6074=CARTESIAN_POINT('',(3.805,-3.43,4.520588664446));
#6075=VECTOR('',#7425,7.875588664446);
#6076=CARTESIAN_POINT('',(3.440485608557,-3.43,4.955));
#6077=CARTESIAN_POINT('',(3.805,-3.43,4.520588664446));
#6078=VECTOR('',#7426,0.567083724000595);
#6079=CARTESIAN_POINT('',(-3.440485608557,-3.43,4.955));
#6080=CARTESIAN_POINT('',(-3.440485608557,-3.43,4.955));
#6081=VECTOR('',#7427,6.880971217115);
#6082=CARTESIAN_POINT('',(-3.805,-3.43,4.520588664446));
#6083=CARTESIAN_POINT('',(-3.440485608557,-3.43,4.955));
#6084=VECTOR('',#7428,0.567083724000595);
#6085=CARTESIAN_POINT('',(-3.805,-3.43,4.520588664446));
#6086=VECTOR('',#7429,7.875588664446);
#6087=CARTESIAN_POINT('',(-3.825,-3.43,-4.955));
#6088=CARTESIAN_POINT('',(-3.825,-3.43,-3.355));
#6089=VECTOR('',#7430,1.6);
#6090=CARTESIAN_POINT('',(-1.82,-3.43,-4.955));
#6091=CARTESIAN_POINT('',(-1.82,-3.43,-4.955));
#6092=VECTOR('',#7431,2.005);
#6093=CARTESIAN_POINT('',(-1.82,-3.43,-4.955));
#6094=VECTOR('',#7432,0.67);
#6095=CARTESIAN_POINT('',(-1.82,-3.43,-3.645));
#6096=CARTESIAN_POINT('',(-1.82,-3.43,-4.285));
#6097=VECTOR('',#7433,0.64);
#6098=CARTESIAN_POINT('',(-1.475,-3.43,-3.645));
#6099=CARTESIAN_POINT('',(-1.82,-3.43,-3.645));
#6100=VECTOR('',#7434,0.345);
#6101=CARTESIAN_POINT('',(-1.475,-3.43,3.545));
#6102=CARTESIAN_POINT('',(-1.475,-3.43,3.545));
#6103=VECTOR('',#7435,7.19);
#6104=CARTESIAN_POINT('',(-1.475,-3.43,3.545));
#6105=VECTOR('',#7436,1.0);
#6106=CARTESIAN_POINT('',(-0.475,-6.559615242271,1.355));
#6107=CARTESIAN_POINT('',(-0.475,-5.69,1.355));
#6108=CARTESIAN_POINT('',(-0.475,-6.559615242271,1.355));
#6109=VECTOR('',#7437,0.8696152422707);
#6110=CARTESIAN_POINT('',(-0.475,-6.995,1.103630492924));
#6111=CARTESIAN_POINT('',(-0.475,-6.995,1.103630492924));
#6112=VECTOR('',#7438,0.502739014152183);
#6113=CARTESIAN_POINT('',(-0.475,-7.12,0.8871241419778));
#6114=AXIS2_PLACEMENT_3D('',#7439,#7440,#7441);
#6115=CARTESIAN_POINT('',(-0.475,-7.12,-0.1771241419778));
#6116=CARTESIAN_POINT('',(-0.475,-7.12,0.8871241419778));
#6117=VECTOR('',#7442,1.064248283956);
#6118=CARTESIAN_POINT('',(-0.475,-6.995,-0.3936304929239));
#6119=AXIS2_PLACEMENT_3D('',#7443,#7444,#7445);
#6120=CARTESIAN_POINT('',(-0.475,-6.559615242271,-0.645));
#6121=CARTESIAN_POINT('',(-0.475,-6.995,-0.3936304929239));
#6122=VECTOR('',#7446,0.502739014152183);
#6123=CARTESIAN_POINT('',(-0.475,-5.69,-0.645));
#6124=CARTESIAN_POINT('',(-0.475,-6.559615242271,-0.645));
#6125=VECTOR('',#7447,0.8696152422707);
#6126=CARTESIAN_POINT('',(-0.475,-3.94,-0.645));
#6127=CARTESIAN_POINT('',(-0.475,-5.69,-0.645));
#6128=VECTOR('',#7448,1.75);
#6129=CARTESIAN_POINT('',(-0.475,-3.94,-3.655));
#6130=CARTESIAN_POINT('',(-0.475,-3.94,-0.645));
#6131=VECTOR('',#7449,3.01);
#6132=CARTESIAN_POINT('',(-0.475,-3.43,-3.655));
#6133=VECTOR('',#7450,0.51);
#6134=CARTESIAN_POINT('',(-0.475,-3.94,3.545));
#6135=CARTESIAN_POINT('',(-0.475,-3.43,3.545));
#6136=VECTOR('',#7451,0.51);
#6137=CARTESIAN_POINT('',(-0.475,-3.94,1.355));
#6138=CARTESIAN_POINT('',(-0.475,-3.94,3.545));
#6139=VECTOR('',#7452,2.19);
#6140=CARTESIAN_POINT('',(-0.475,-5.69,1.355));
#6141=VECTOR('',#7453,1.75);
#6142=CARTESIAN_POINT('',(0.475,-6.559615242271,1.355));
#6143=CARTESIAN_POINT('',(0.475,-5.69,1.355));
#6144=CARTESIAN_POINT('',(0.475,-6.559615242271,1.355));
#6145=VECTOR('',#7454,0.8696152422706);
#6146=CARTESIAN_POINT('',(1.305662386292,-6.04,1.355));
#6148=CARTESIAN_POINT('',(1.30566238629193,-6.03999999999994,1.355));
#6149=CARTESIAN_POINT('',(0.836157559257349,-6.55961524227074,1.355));
#6150=CARTESIAN_POINT('',(0.474999999999999,-6.55961524227074,1.355));
#6157=CARTESIAN_POINT('',(1.305662386292,-5.69,1.355));
#6158=CARTESIAN_POINT('',(1.305662386292,-5.69,1.355));
#6159=VECTOR('',#7455,0.35);
#6160=CARTESIAN_POINT('',(1.305662386292,-5.69,1.355));
#6161=VECTOR('',#7456,0.8306623862918);
#6162=CARTESIAN_POINT('',(-1.305662386292,-5.69,1.355));
#6163=CARTESIAN_POINT('',(-1.305662386292,-5.69,1.355));
#6164=VECTOR('',#7457,0.8306623862918);
#6165=CARTESIAN_POINT('',(-1.305662386292,-6.04,1.355));
#6166=CARTESIAN_POINT('',(-1.305662386292,-6.04,1.355));
#6167=VECTOR('',#7458,0.35);
#6169=CARTESIAN_POINT('',(-1.3056623862957,-6.03999999999577,1.355));
#6170=CARTESIAN_POINT('',(-0.83615755925861,-6.55961524227074,1.355));
#6171=CARTESIAN_POINT('',(-0.475000000000001,-6.55961524227074,1.355));
#6178=CARTESIAN_POINT('',(0.475,-3.94,1.355));
#6179=CARTESIAN_POINT('',(0.475,-5.69,1.355));
#6180=VECTOR('',#7459,1.75);
#6181=CARTESIAN_POINT('',(0.475,-3.94,3.545));
#6182=CARTESIAN_POINT('',(0.475,-3.94,3.545));
#6183=VECTOR('',#7460,2.19);
#6184=CARTESIAN_POINT('',(0.475,-3.43,3.545));
#6185=VECTOR('',#7461,0.51);
#6186=CARTESIAN_POINT('',(0.475,-3.94,-3.655));
#6187=CARTESIAN_POINT('',(0.475,-3.43,-3.655));
#6188=VECTOR('',#7462,0.51);
#6189=CARTESIAN_POINT('',(0.475,-3.94,-0.645));
#6190=CARTESIAN_POINT('',(0.475,-3.94,-0.645));
#6191=VECTOR('',#7463,3.01);
#6192=CARTESIAN_POINT('',(0.475,-5.69,-0.645));
#6193=CARTESIAN_POINT('',(0.475,-5.69,-0.645));
#6194=VECTOR('',#7464,1.75);
#6195=CARTESIAN_POINT('',(0.475,-6.559615242271,-0.645));
#6196=CARTESIAN_POINT('',(0.475,-6.559615242271,-0.645));
#6197=VECTOR('',#7465,0.8696152422706);
#6198=CARTESIAN_POINT('',(0.475,-6.995,-0.3936304929239));
#6199=CARTESIAN_POINT('',(0.475,-6.995,-0.3936304929239));
#6200=VECTOR('',#7466,0.502739014152183);
#6201=CARTESIAN_POINT('',(0.475,-7.12,-0.1771241419778));
#6202=AXIS2_PLACEMENT_3D('',#7467,#7468,#7469);
#6203=CARTESIAN_POINT('',(0.475,-7.12,0.8871241419778));
#6204=CARTESIAN_POINT('',(0.475,-7.12,0.8871241419778));
#6205=VECTOR('',#7470,1.064248283956);
#6206=CARTESIAN_POINT('',(0.475,-6.995,1.103630492924));
#6207=AXIS2_PLACEMENT_3D('',#7471,#7472,#7473);
#6208=CARTESIAN_POINT('',(0.475,-6.995,1.103630492924));
#6209=VECTOR('',#7474,0.502739014152183);
#6210=AXIS2_PLACEMENT_3D('',#7475,#7476,#7477);
#6211=CARTESIAN_POINT('',(1.305662386292,-6.04,-0.645));
#6213=CARTESIAN_POINT('',(0.474999999999995,-6.55961524227074,-0.645));
#6214=CARTESIAN_POINT('',(0.836157559257347,-6.55961524227075,-0.645));
#6215=CARTESIAN_POINT('',(1.30566238629193,-6.03999999999994,-0.645));
#6222=AXIS2_PLACEMENT_3D('',#7478,#7479,#7480);
#6223=CARTESIAN_POINT('',(1.305662386292,-5.69,-0.645));
#6224=CARTESIAN_POINT('',(1.305662386292,-5.69,-0.645));
#6225=VECTOR('',#7481,0.35);
#6226=AXIS2_PLACEMENT_3D('',#7482,#7483,#7484);
#6227=CARTESIAN_POINT('',(1.305662386292,-5.69,-0.645));
#6228=VECTOR('',#7485,0.8306623862918);
#6229=AXIS2_PLACEMENT_3D('',#7486,#7487,#7488);
#6230=CARTESIAN_POINT('',(1.475,-3.94,0.355));
#6231=AXIS2_PLACEMENT_3D('',#7489,#7490,#7491);
#6232=AXIS2_PLACEMENT_3D('',#7492,#7493,#7494);
#6233=CARTESIAN_POINT('',(1.18,-3.94,-3.655));
#6234=CARTESIAN_POINT('',(0.475,-3.94,-3.655));
#6235=VECTOR('',#7495,0.705);
#6236=CARTESIAN_POINT('',(1.18,-3.94,-3.645));
#6237=CARTESIAN_POINT('',(1.18,-3.94,-3.645));
#6238=VECTOR('',#7496,0.009999999999998);
#6239=CARTESIAN_POINT('',(1.475,-3.94,-3.645));
#6240=CARTESIAN_POINT('',(1.18,-3.94,-3.645));
#6241=VECTOR('',#7497,0.295);
#6242=CARTESIAN_POINT('',(1.475,-3.94,-3.645));
#6243=VECTOR('',#7498,4.0);
#6244=CARTESIAN_POINT('',(1.475,-3.94,3.545));
#6245=CARTESIAN_POINT('',(1.475,-3.94,0.355));
#6246=VECTOR('',#7499,3.19);
#6247=CARTESIAN_POINT('',(1.475,-3.94,3.545));
#6248=VECTOR('',#7500,1.0);
#6249=CARTESIAN_POINT('',(1.475,-3.43,-3.645));
#6250=VECTOR('',#7501,0.51);
#6251=CARTESIAN_POINT('',(1.475,-3.43,3.545));
#6252=VECTOR('',#7502,0.51);
#6253=CARTESIAN_POINT('',(1.18,-6.12,-3.645));
#6254=CARTESIAN_POINT('',(1.18,-3.94,-3.645));
#6255=VECTOR('',#7503,2.18);
#6256=CARTESIAN_POINT('',(1.82,-6.12,-3.645));
#6257=CARTESIAN_POINT('',(1.82,-6.12,-3.645));
#6258=VECTOR('',#7504,0.64);
#6259=CARTESIAN_POINT('',(1.82,-3.43,-3.645));
#6260=VECTOR('',#7505,2.69);
#6261=CARTESIAN_POINT('',(1.82,-0.32,-4.955));
#6262=CARTESIAN_POINT('',(1.82,-0.32,-4.285));
#6263=VECTOR('',#7506,0.67);
#6264=CARTESIAN_POINT('',(1.82,0.32,-4.955));
#6265=CARTESIAN_POINT('',(1.82,-0.32,-4.955));
#6266=VECTOR('',#7507,0.64);
#6267=CARTESIAN_POINT('',(1.82,0.32,-4.955));
#6268=VECTOR('',#7508,0.67);
#6269=CARTESIAN_POINT('',(1.82,1.82,1.555));
#6270=CARTESIAN_POINT('',(1.82,1.18,1.555));
#6271=CARTESIAN_POINT('',(1.82,1.82,1.555));
#6272=VECTOR('',#7509,0.64);
#6273=CARTESIAN_POINT('',(1.82,1.18,-1.645));
#6274=CARTESIAN_POINT('',(1.82,1.18,1.555));
#6275=VECTOR('',#7510,3.2);
#6276=CARTESIAN_POINT('',(1.82,1.82,-1.645));
#6277=CARTESIAN_POINT('',(1.82,1.18,-1.645));
#6278=VECTOR('',#7511,0.64);
#6279=CARTESIAN_POINT('',(1.82,1.82,-1.645));
#6280=VECTOR('',#7512,3.2);
#6281=CARTESIAN_POINT('',(1.82,-1.18,1.555));
#6282=CARTESIAN_POINT('',(1.82,-1.82,1.555));
#6283=CARTESIAN_POINT('',(1.82,-1.18,1.555));
#6284=VECTOR('',#7513,0.64);
#6285=CARTESIAN_POINT('',(1.82,-1.82,-1.645));
#6286=CARTESIAN_POINT('',(1.82,-1.82,1.555));
#6287=VECTOR('',#7514,3.2);
#6288=CARTESIAN_POINT('',(1.82,-1.18,-1.645));
#6289=CARTESIAN_POINT('',(1.82,-1.82,-1.645));
#6290=VECTOR('',#7515,0.64);
#6291=CARTESIAN_POINT('',(1.82,-1.18,-1.645));
#6292=VECTOR('',#7516,3.2);
#6293=CARTESIAN_POINT('',(1.82,-6.12,-6.645));
#6294=CARTESIAN_POINT('',(1.82,-6.12,-7.285));
#6295=CARTESIAN_POINT('',(1.82,-6.12,-6.645));
#6296=VECTOR('',#7517,0.64);
#6297=CARTESIAN_POINT('',(1.82,1.589,-7.285));
#6298=CARTESIAN_POINT('',(1.82,-6.12,-7.285));
#6299=VECTOR('',#7518,7.709);
#6300=CARTESIAN_POINT('',(1.82,1.589,-7.285));
#6301=VECTOR('',#7519,3.0);
#6302=CARTESIAN_POINT('',(1.82,0.949,-6.645));
#6303=CARTESIAN_POINT('',(1.82,0.949,-4.285));
#6304=VECTOR('',#7520,2.36);
#6305=CARTESIAN_POINT('',(1.82,0.949,-6.645));
#6306=VECTOR('',#7521,7.069);
#6307=CARTESIAN_POINT('',(1.82,-6.12,-3.645));
#6308=VECTOR('',#7522,0.64);
#6309=CARTESIAN_POINT('',(1.18,0.32,-4.955));
#6310=CARTESIAN_POINT('',(1.82,0.32,-4.955));
#6311=VECTOR('',#7523,0.64);
#6312=CARTESIAN_POINT('',(1.18,0.32,-4.955));
#6313=VECTOR('',#7524,0.67);
#6314=CARTESIAN_POINT('',(1.18,0.32,-3.655));
#6315=CARTESIAN_POINT('',(1.18,0.32,-4.285));
#6316=VECTOR('',#7525,0.63);
#6317=CARTESIAN_POINT('',(1.82,0.32,-3.655));
#6318=CARTESIAN_POINT('',(1.18,0.32,-3.655));
#6319=VECTOR('',#7526,0.64);
#6320=CARTESIAN_POINT('',(1.82,0.32,-3.655));
#6321=VECTOR('',#7527,0.63);
#6322=CARTESIAN_POINT('',(1.82,-2.78,-4.955));
#6323=CARTESIAN_POINT('',(1.82,-2.78,-4.955));
#6324=VECTOR('',#7528,0.67);
#6325=CARTESIAN_POINT('',(1.82,-2.78,-4.955));
#6326=VECTOR('',#7529,0.65);
#6327=CARTESIAN_POINT('',(1.82,3.175,-3.655));
#6328=CARTESIAN_POINT('',(1.82,1.589,-3.655));
#6329=CARTESIAN_POINT('',(1.82,3.175,-3.655));
#6330=VECTOR('',#7530,1.586);
#6331=CARTESIAN_POINT('',(1.82,3.175,-4.955));
#6332=CARTESIAN_POINT('',(1.82,3.175,-4.955));
#6333=VECTOR('',#7531,1.3);
#6334=CARTESIAN_POINT('',(1.82,1.6,-4.955));
#6335=CARTESIAN_POINT('',(1.82,1.6,-4.955));
#6336=VECTOR('',#7532,1.575);
#6337=CARTESIAN_POINT('',(1.82,1.6,-4.285));
#6338=VECTOR('',#7533,0.67);
#6339=CARTESIAN_POINT('',(1.82,1.589,-3.655));
#6340=VECTOR('',#7534,0.63);
#6341=CARTESIAN_POINT('',(1.82,0.949,-3.655));
#6342=CARTESIAN_POINT('',(1.82,0.949,-3.655));
#6343=VECTOR('',#7535,0.629);
#6344=CARTESIAN_POINT('',(1.82,0.949,-3.655));
#6345=VECTOR('',#7536,0.63);
#6346=CARTESIAN_POINT('',(1.82,-1.18,-3.655));
#6347=CARTESIAN_POINT('',(1.82,-1.18,-3.655));
#6348=VECTOR('',#7537,0.63);
#6349=CARTESIAN_POINT('',(1.82,-0.32,-3.655));
#6350=CARTESIAN_POINT('',(1.82,-0.32,-3.655));
#6351=VECTOR('',#7538,0.86);
#6352=CARTESIAN_POINT('',(1.82,-0.32,-3.655));
#6353=VECTOR('',#7539,0.63);
#6354=CARTESIAN_POINT('',(5.075,-2.78,-4.955));
#6355=CARTESIAN_POINT('',(5.075,-2.78,-4.955));
#6356=VECTOR('',#7540,0.67);
#6357=CARTESIAN_POINT('',(1.82,-2.78,-4.955));
#6358=VECTOR('',#7541,3.255);
#6359=CARTESIAN_POINT('',(-1.82,-2.78,-4.955));
#6360=CARTESIAN_POINT('',(-1.82,-2.78,-4.955));
#6361=VECTOR('',#7542,0.67);
#6362=CARTESIAN_POINT('',(-5.075,-2.78,-4.955));
#6363=VECTOR('',#7543,3.255);
#6364=CARTESIAN_POINT('',(1.18,-2.78,-4.955));
#6365=CARTESIAN_POINT('',(1.18,-2.78,-4.955));
#6366=VECTOR('',#7544,0.67);
#6367=CARTESIAN_POINT('',(-1.18,-2.78,-4.955));
#6368=VECTOR('',#7545,2.36);
#6369=CARTESIAN_POINT('',(5.075,-2.78,-4.955));
#6370=VECTOR('',#7546,1.16);
#6371=CARTESIAN_POINT('',(3.325,3.175,-4.955));
#6372=CARTESIAN_POINT('',(1.82,3.175,-4.955));
#6373=VECTOR('',#7547,1.505);
#6374=CARTESIAN_POINT('',(3.325,3.43,-4.955));
#6375=CARTESIAN_POINT('',(3.325,3.175,-4.955));
#6376=VECTOR('',#7548,0.255);
#6377=CARTESIAN_POINT('',(5.075,3.43,-4.955));
#6378=CARTESIAN_POINT('',(5.075,3.43,-4.955));
#6379=VECTOR('',#7549,1.75);
#6380=CARTESIAN_POINT('',(5.075,1.6,-4.955));
#6381=CARTESIAN_POINT('',(5.075,3.43,-4.955));
#6382=VECTOR('',#7550,1.83);
#6383=CARTESIAN_POINT('',(5.075,1.6,-4.955));
#6384=VECTOR('',#7551,3.255);
#6385=CARTESIAN_POINT('',(-1.82,-2.78,-4.955));
#6386=VECTOR('',#7552,0.65);
#6387=CARTESIAN_POINT('',(-3.825,-3.94,-4.955));
#6388=VECTOR('',#7553,0.51);
#6389=CARTESIAN_POINT('',(1.18,-2.78,-4.955));
#6390=VECTOR('',#7554,0.65);
#6391=CARTESIAN_POINT('',(-1.82,1.6,-4.955));
#6392=CARTESIAN_POINT('',(-1.82,3.175,-4.955));
#6393=CARTESIAN_POINT('',(-1.82,1.6,-4.955));
#6394=VECTOR('',#7555,1.575);
#6395=CARTESIAN_POINT('',(-1.82,1.6,-4.955));
#6396=VECTOR('',#7556,3.255);
#6397=CARTESIAN_POINT('',(-3.325,3.43,-4.955));
#6398=CARTESIAN_POINT('',(-3.325,3.43,-4.955));
#6399=VECTOR('',#7557,1.75);
#6400=CARTESIAN_POINT('',(-3.325,3.175,-4.955));
#6401=CARTESIAN_POINT('',(-3.325,3.175,-4.955));
#6402=VECTOR('',#7558,0.255);
#6403=CARTESIAN_POINT('',(-3.325,3.175,-4.955));
#6404=VECTOR('',#7559,1.505);
#6405=CARTESIAN_POINT('',(1.18,3.175,-4.955));
#6406=CARTESIAN_POINT('',(-1.18,3.175,-4.955));
#6407=VECTOR('',#7560,2.36);
#6408=CARTESIAN_POINT('',(1.18,1.6,-4.955));
#6409=CARTESIAN_POINT('',(1.18,1.6,-4.955));
#6410=VECTOR('',#7561,1.575);
#6411=CARTESIAN_POINT('',(1.18,1.6,-4.955));
#6412=VECTOR('',#7562,2.36);
#6413=CARTESIAN_POINT('',(5.075,-1.0,-3.685));
#6414=CARTESIAN_POINT('',(5.075,-1.0,-3.685));
#6415=VECTOR('',#7563,0.6);
#6416=CARTESIAN_POINT('',(5.075,1.0,-3.685));
#6417=CARTESIAN_POINT('',(5.075,1.0,-3.685));
#6418=VECTOR('',#7564,2.0);
#6419=CARTESIAN_POINT('',(5.075,1.0,-4.285));
#6420=VECTOR('',#7565,0.6);
#6421=CARTESIAN_POINT('',(5.075,1.6,-4.955));
#6422=VECTOR('',#7566,0.67);
#6423=CARTESIAN_POINT('',(5.075,3.43,1.785));
#6424=VECTOR('',#7567,6.74);
#6425=CARTESIAN_POINT('',(5.075,0.575,-0.195));
#6426=VECTOR('',#7568,0.525);
#6427=CARTESIAN_POINT('',(5.075,-1.1,-0.195));
#6428=VECTOR('',#7569,0.525);
#6429=CARTESIAN_POINT('',(-3.325,3.43,-3.205));
#6430=CARTESIAN_POINT('',(-3.325,3.43,-4.955));
#6431=VECTOR('',#7570,1.75);
#6432=CARTESIAN_POINT('',(-3.440485608557,3.43,4.955));
#6433=CARTESIAN_POINT('',(-3.440485608557,3.43,4.955));
#6434=VECTOR('',#7571,2.15392202739798);
#6435=CARTESIAN_POINT('',(3.440485608557,3.43,4.955));
#6436=CARTESIAN_POINT('',(-3.440485608557,3.43,4.955));
#6437=VECTOR('',#7572,6.880971217115);
#6438=CARTESIAN_POINT('',(4.825,3.43,3.305));
#6439=VECTOR('',#7573,2.15392202739798);
#6440=CARTESIAN_POINT('',(3.325,3.43,-3.205));
#6441=CARTESIAN_POINT('',(3.325,3.43,-4.955));
#6442=VECTOR('',#7574,1.75);
#6443=CARTESIAN_POINT('',(-3.325,3.43,-3.205));
#6444=VECTOR('',#7575,6.65);
#6445=CARTESIAN_POINT('',(-0.7,3.43,4.415));
#6446=CARTESIAN_POINT('',(-0.7,3.43,1.255));
#6447=CARTESIAN_POINT('',(-0.7,3.43,4.415));
#6448=VECTOR('',#7576,3.16);
#6449=CARTESIAN_POINT('',(0.7,3.43,1.255));
#6450=CARTESIAN_POINT('',(-0.7,3.43,1.255));
#6451=VECTOR('',#7577,1.4);
#6452=CARTESIAN_POINT('',(0.7,3.43,4.415));
#6453=CARTESIAN_POINT('',(0.7,3.43,4.415));
#6454=VECTOR('',#7578,3.16);
#6455=CARTESIAN_POINT('',(-0.7,3.43,4.415));
#6456=VECTOR('',#7579,1.4);
#6457=CARTESIAN_POINT('',(-0.7,4.83,2.755));
#6458=CARTESIAN_POINT('',(-0.7,4.83,2.755));
#6459=VECTOR('',#7580,2.17154323005594);
#6460=CARTESIAN_POINT('',(-0.7,4.83,2.005));
#6461=CARTESIAN_POINT('',(-0.7,4.83,2.005));
#6462=VECTOR('',#7581,0.75);
#6463=CARTESIAN_POINT('',(-0.7,4.18,2.005));
#6464=CARTESIAN_POINT('',(-0.7,4.18,2.005));
#6465=VECTOR('',#7582,0.65);
#6466=AXIS2_PLACEMENT_3D('',#7583,#7584,#7585);
#6467=CARTESIAN_POINT('',(0.7,4.18,2.005));
#6468=CARTESIAN_POINT('',(-0.7,4.18,2.005));
#6469=VECTOR('',#7586,1.4);
#6470=AXIS2_PLACEMENT_3D('',#7587,#7588,#7589);
#6471=CARTESIAN_POINT('',(0.7,4.83,2.005));
#6472=CARTESIAN_POINT('',(0.7,4.18,2.005));
#6473=VECTOR('',#7590,0.65);
#6474=CARTESIAN_POINT('',(0.7,4.83,2.755));
#6475=CARTESIAN_POINT('',(0.7,4.83,2.005));
#6476=VECTOR('',#7591,0.75);
#6477=CARTESIAN_POINT('',(0.7,4.83,2.755));
#6478=VECTOR('',#7592,2.17154323005594);
#6479=CARTESIAN_POINT('',(-0.7,4.83,2.755));
#6480=VECTOR('',#7593,1.4);
#6481=CARTESIAN_POINT('',(-0.7,4.83,2.005));
#6482=VECTOR('',#7594,1.4);
#6483=CARTESIAN_POINT('',(-3.325,3.175,-3.205));
#6484=CARTESIAN_POINT('',(-3.325,3.43,-3.205));
#6485=VECTOR('',#7595,0.255);
#6486=CARTESIAN_POINT('',(-3.325,3.175,-4.955));
#6487=VECTOR('',#7596,1.75);
#6488=CARTESIAN_POINT('',(-1.82,3.175,-3.655));
#6489=CARTESIAN_POINT('',(-1.82,3.175,-4.955));
#6490=VECTOR('',#7597,1.3);
#6491=CARTESIAN_POINT('',(3.325,3.175,-3.205));
#6492=CARTESIAN_POINT('',(-3.325,3.175,-3.205));
#6493=VECTOR('',#7598,6.65);
#6494=CARTESIAN_POINT('',(3.325,3.175,-3.205));
#6495=VECTOR('',#7599,1.75);
#6496=CARTESIAN_POINT('',(1.18,3.175,-3.655));
#6497=CARTESIAN_POINT('',(1.18,3.175,-3.655));
#6498=VECTOR('',#7600,0.64);
#6499=CARTESIAN_POINT('',(1.18,3.175,-4.955));
#6500=VECTOR('',#7601,1.3);
#6501=CARTESIAN_POINT('',(-1.82,3.175,-3.655));
#6502=VECTOR('',#7602,0.64);
#6503=CARTESIAN_POINT('',(-1.82,-0.32,-3.655));
#6504=CARTESIAN_POINT('',(-1.82,-0.32,-4.285));
#6505=VECTOR('',#7603,0.63);
#6506=CARTESIAN_POINT('',(-1.82,-1.18,-3.655));
#6507=CARTESIAN_POINT('',(-1.82,-0.32,-3.655));
#6508=VECTOR('',#7604,0.86);
#6509=CARTESIAN_POINT('',(-1.82,-1.18,-3.655));
#6510=VECTOR('',#7605,0.63);
#6511=CARTESIAN_POINT('',(-1.82,1.589,-3.655));
#6512=CARTESIAN_POINT('',(-1.82,3.175,-3.655));
#6513=VECTOR('',#7606,1.586);
#6514=CARTESIAN_POINT('',(-1.82,1.589,-4.285));
#6515=VECTOR('',#7607,0.63);
#6516=CARTESIAN_POINT('',(-1.82,1.6,-4.285));
#6517=VECTOR('',#7608,0.67);
#6518=CARTESIAN_POINT('',(-1.82,0.949,-3.655));
#6519=CARTESIAN_POINT('',(-1.82,0.949,-3.655));
#6520=VECTOR('',#7609,0.629);
#6521=CARTESIAN_POINT('',(-1.82,0.949,-4.285));
#6522=VECTOR('',#7610,0.63);
#6523=CARTESIAN_POINT('',(-1.82,-1.18,-3.655));
#6524=VECTOR('',#7611,0.64);
#6525=CARTESIAN_POINT('',(-1.82,-1.18,1.555));
#6526=CARTESIAN_POINT('',(-1.18,-1.18,1.555));
#6527=VECTOR('',#7612,0.64);
#6528=CARTESIAN_POINT('',(-1.82,-1.18,-1.645));
#6529=CARTESIAN_POINT('',(-1.82,-1.18,-1.645));
#6530=VECTOR('',#7613,0.64);
#6531=CARTESIAN_POINT('',(-1.82,-1.18,-1.645));
#6532=VECTOR('',#7614,3.2);
#6533=CARTESIAN_POINT('',(-1.82,1.589,-3.655));
#6534=VECTOR('',#7615,0.64);
#6535=CARTESIAN_POINT('',(-1.82,0.949,-3.655));
#6536=VECTOR('',#7616,0.64);
#6537=CARTESIAN_POINT('',(-1.82,-0.32,-3.655));
#6538=VECTOR('',#7617,0.64);
#6539=CARTESIAN_POINT('',(-1.82,1.589,-7.285));
#6540=CARTESIAN_POINT('',(-1.18,1.589,-7.285));
#6541=VECTOR('',#7618,0.64);
#6542=CARTESIAN_POINT('',(-1.82,1.589,-7.285));
#6543=VECTOR('',#7619,3.0);
#6544=CARTESIAN_POINT('',(-1.82,-0.32,-4.955));
#6545=CARTESIAN_POINT('',(-1.82,-0.32,-4.955));
#6546=VECTOR('',#7620,0.64);
#6547=CARTESIAN_POINT('',(-1.82,-0.32,-4.285));
#6548=VECTOR('',#7621,0.67);
#6549=CARTESIAN_POINT('',(-1.82,1.18,1.555));
#6550=CARTESIAN_POINT('',(-1.82,1.82,1.555));
#6551=CARTESIAN_POINT('',(-1.82,1.18,1.555));
#6552=VECTOR('',#7622,0.64);
#6553=CARTESIAN_POINT('',(-1.82,1.82,-1.645));
#6554=CARTESIAN_POINT('',(-1.82,1.82,-1.645));
#6555=VECTOR('',#7623,3.2);
#6556=CARTESIAN_POINT('',(-1.82,1.18,-1.645));
#6557=CARTESIAN_POINT('',(-1.82,1.18,-1.645));
#6558=VECTOR('',#7624,0.64);
#6559=CARTESIAN_POINT('',(-1.82,1.18,1.555));
#6560=VECTOR('',#7625,3.2);
#6561=CARTESIAN_POINT('',(-1.82,-1.82,1.555));
#6562=CARTESIAN_POINT('',(-1.82,-1.82,1.555));
#6563=VECTOR('',#7626,0.64);
#6564=CARTESIAN_POINT('',(-1.82,-1.82,-1.645));
#6565=CARTESIAN_POINT('',(-1.82,-1.82,-1.645));
#6566=VECTOR('',#7627,0.64);
#6567=CARTESIAN_POINT('',(-1.82,-1.82,1.555));
#6568=VECTOR('',#7628,3.2);
#6569=CARTESIAN_POINT('',(-1.82,-6.12,-7.285));
#6570=CARTESIAN_POINT('',(-1.82,-6.12,-6.645));
#6571=CARTESIAN_POINT('',(-1.82,-6.12,-7.285));
#6572=VECTOR('',#7629,0.64);
#6573=CARTESIAN_POINT('',(-1.82,0.949,-6.645));
#6574=CARTESIAN_POINT('',(-1.82,0.949,-6.645));
#6575=VECTOR('',#7630,7.069);
#6576=CARTESIAN_POINT('',(-1.82,0.949,-4.285));
#6577=VECTOR('',#7631,2.36);
#6578=CARTESIAN_POINT('',(-1.82,-6.12,-7.285));
#6579=VECTOR('',#7632,7.709);
#6580=CARTESIAN_POINT('',(-1.82,-6.12,-3.645));
#6581=CARTESIAN_POINT('',(-1.82,-6.12,-4.285));
#6582=VECTOR('',#7633,0.64);
#6583=CARTESIAN_POINT('',(-1.82,-3.43,-3.645));
#6584=VECTOR('',#7634,2.69);
#6585=CARTESIAN_POINT('',(-1.18,-0.32,-4.955));
#6586=VECTOR('',#7635,0.64);
#6587=CARTESIAN_POINT('',(-1.64,1.36,2.555));
#6588=CARTESIAN_POINT('',(-1.64,1.36,2.555));
#6589=VECTOR('',#7636,1.03189146716103);
#6590=CARTESIAN_POINT('',(-1.64,1.64,2.555));
#6591=CARTESIAN_POINT('',(-1.64,1.36,2.555));
#6592=VECTOR('',#7637,0.28);
#6593=CARTESIAN_POINT('',(-1.82,1.82,1.555));
#6594=VECTOR('',#7638,1.03189146716103);
#6595=CARTESIAN_POINT('',(-1.36,1.64,2.555));
#6596=CARTESIAN_POINT('',(-1.36,1.64,2.555));
#6597=VECTOR('',#7639,1.03189146716103);
#6598=CARTESIAN_POINT('',(-1.18,1.82,1.555));
#6599=VECTOR('',#7640,0.64);
#6600=CARTESIAN_POINT('',(-1.36,1.64,2.555));
#6601=VECTOR('',#7641,0.28);
#6602=CARTESIAN_POINT('',(-1.36,1.36,2.555));
#6603=CARTESIAN_POINT('',(-1.36,1.64,2.555));
#6604=VECTOR('',#7642,0.28);
#6605=CARTESIAN_POINT('',(-1.18,1.18,1.555));
#6606=VECTOR('',#7643,1.03189146716103);
#6607=CARTESIAN_POINT('',(-1.36,1.36,2.555));
#6608=VECTOR('',#7644,0.28);
#6609=CARTESIAN_POINT('',(-1.18,1.18,1.555));
#6610=VECTOR('',#7645,0.64);
#6611=CARTESIAN_POINT('',(-1.82,1.18,-1.645));
#6612=VECTOR('',#7646,0.64);
#6613=CARTESIAN_POINT('',(0.23,2.77,-1.645));
#6614=CARTESIAN_POINT('',(0.23,0.93,-1.645));
#6615=CARTESIAN_POINT('',(0.23,2.77,-1.645));
#6616=VECTOR('',#7647,1.84);
#6617=CARTESIAN_POINT('',(0.93,0.23,-1.645));
#6618=CARTESIAN_POINT('',(0.23,0.93,-1.645));
#6619=VECTOR('',#7648,0.989949493661133);
#6620=CARTESIAN_POINT('',(2.77,0.23,-1.645));
#6621=CARTESIAN_POINT('',(0.93,0.23,-1.645));
#6622=VECTOR('',#7649,1.84);
#6623=CARTESIAN_POINT('',(2.77,2.77,-1.645));
#6624=CARTESIAN_POINT('',(2.77,0.23,-1.645));
#6625=VECTOR('',#7650,2.54);
#6626=CARTESIAN_POINT('',(2.77,2.77,-1.645));
#6627=VECTOR('',#7651,2.54);
#6628=CARTESIAN_POINT('',(1.18,1.18,-1.645));
#6629=CARTESIAN_POINT('',(1.18,1.18,-1.645));
#6630=VECTOR('',#7652,0.64);
#6631=CARTESIAN_POINT('',(1.18,1.82,-1.645));
#6632=CARTESIAN_POINT('',(1.18,1.18,-1.645));
#6633=VECTOR('',#7653,0.64);
#6634=CARTESIAN_POINT('',(1.18,1.82,-1.645));
#6635=VECTOR('',#7654,0.64);
#6636=CARTESIAN_POINT('',(2.77,-0.23,-1.645));
#6637=CARTESIAN_POINT('',(0.23,-0.23,-1.645));
#6638=CARTESIAN_POINT('',(2.77,-0.23,-1.645));
#6639=VECTOR('',#7655,2.54);
#6640=CARTESIAN_POINT('',(0.23,-2.77,-1.645));
#6641=CARTESIAN_POINT('',(0.23,-0.23,-1.645));
#6642=VECTOR('',#7656,2.54);
#6643=CARTESIAN_POINT('',(2.07,-2.77,-1.645));
#6644=CARTESIAN_POINT('',(0.23,-2.77,-1.645));
#6645=VECTOR('',#7657,1.84);
#6646=CARTESIAN_POINT('',(2.77,-2.07,-1.645));
#6647=CARTESIAN_POINT('',(2.07,-2.77,-1.645));
#6648=VECTOR('',#7658,0.989949493661133);
#6649=CARTESIAN_POINT('',(2.77,-2.07,-1.645));
#6650=VECTOR('',#7659,1.84);
#6651=CARTESIAN_POINT('',(1.18,-1.82,-1.645));
#6652=CARTESIAN_POINT('',(1.18,-1.82,-1.645));
#6653=VECTOR('',#7660,0.64);
#6654=CARTESIAN_POINT('',(1.18,-1.18,-1.645));
#6655=CARTESIAN_POINT('',(1.18,-1.82,-1.645));
#6656=VECTOR('',#7661,0.64);
#6657=CARTESIAN_POINT('',(1.18,-1.18,-1.645));
#6658=VECTOR('',#7662,0.64);
#6659=CARTESIAN_POINT('',(-2.77,-0.23,-1.645));
#6660=CARTESIAN_POINT('',(-2.77,-2.07,-1.645));
#6661=CARTESIAN_POINT('',(-2.77,-0.23,-1.645));
#6662=VECTOR('',#7663,1.84);
#6663=CARTESIAN_POINT('',(-2.07,-2.77,-1.645));
#6664=CARTESIAN_POINT('',(-2.77,-2.07,-1.645));
#6665=VECTOR('',#7664,0.989949493661133);
#6666=CARTESIAN_POINT('',(-0.23,-2.77,-1.645));
#6667=CARTESIAN_POINT('',(-2.07,-2.77,-1.645));
#6668=VECTOR('',#7665,1.84);
#6669=CARTESIAN_POINT('',(-0.23,-0.23,-1.645));
#6670=CARTESIAN_POINT('',(-0.23,-2.77,-1.645));
#6671=VECTOR('',#7666,2.54);
#6672=CARTESIAN_POINT('',(-0.23,-0.23,-1.645));
#6673=VECTOR('',#7667,2.54);
#6674=CARTESIAN_POINT('',(-1.82,-1.82,-1.645));
#6675=VECTOR('',#7668,0.64);
#6676=CARTESIAN_POINT('',(-2.77,0.23,-1.645));
#6677=CARTESIAN_POINT('',(-0.93,0.23,-1.645));
#6678=CARTESIAN_POINT('',(-2.77,0.23,-1.645));
#6679=VECTOR('',#7669,1.84);
#6680=CARTESIAN_POINT('',(-0.23,0.93,-1.645));
#6681=CARTESIAN_POINT('',(-0.93,0.23,-1.645));
#6682=VECTOR('',#7670,0.989949493661133);
#6683=CARTESIAN_POINT('',(-0.23,2.77,-1.645));
#6684=CARTESIAN_POINT('',(-0.23,0.93,-1.645));
#6685=VECTOR('',#7671,1.84);
#6686=CARTESIAN_POINT('',(-2.77,2.77,-1.645));
#6687=CARTESIAN_POINT('',(-0.23,2.77,-1.645));
#6688=VECTOR('',#7672,2.54);
#6689=CARTESIAN_POINT('',(-2.77,2.77,-1.645));
#6690=VECTOR('',#7673,2.54);
#6691=CARTESIAN_POINT('',(-1.82,1.82,-1.645));
#6692=VECTOR('',#7674,0.64);
#6693=CARTESIAN_POINT('',(0.23,2.77,4.955));
#6694=CARTESIAN_POINT('',(0.23,0.93,4.955));
#6695=CARTESIAN_POINT('',(0.23,2.77,4.955));
#6696=VECTOR('',#7675,1.84);
#6697=CARTESIAN_POINT('',(0.23,0.93,4.955));
#6698=VECTOR('',#7676,6.6);
#6699=CARTESIAN_POINT('',(0.23,2.77,4.955));
#6700=VECTOR('',#7677,6.6);
#6701=CARTESIAN_POINT('',(3.440485608557,3.43,4.955));
#6702=VECTOR('',#7678,0.75);
#6703=CARTESIAN_POINT('',(-3.440485608557,3.43,4.955));
#6704=VECTOR('',#7679,0.75);
#6705=CARTESIAN_POINT('',(-3.440485608557,-2.41,4.955));
#6706=VECTOR('',#7680,1.02);
#6707=CARTESIAN_POINT('',(3.440485608557,-2.41,4.955));
#6708=VECTOR('',#7681,1.02);
#6709=CARTESIAN_POINT('',(0.93,0.23,4.955));
#6710=CARTESIAN_POINT('',(2.77,0.23,4.955));
#6711=CARTESIAN_POINT('',(0.93,0.23,4.955));
#6712=VECTOR('',#7682,1.84);
#6713=CARTESIAN_POINT('',(0.23,0.93,4.955));
#6714=VECTOR('',#7683,0.989949493661133);
#6715=CARTESIAN_POINT('',(2.77,2.77,4.955));
#6716=CARTESIAN_POINT('',(2.77,2.77,4.955));
#6717=VECTOR('',#7684,2.54);
#6718=CARTESIAN_POINT('',(2.77,0.23,4.955));
#6719=VECTOR('',#7685,2.54);
#6720=CARTESIAN_POINT('',(2.77,-0.23,4.955));
#6721=CARTESIAN_POINT('',(0.23,-0.23,4.955));
#6722=CARTESIAN_POINT('',(2.77,-0.23,4.955));
#6723=VECTOR('',#7686,2.54);
#6724=CARTESIAN_POINT('',(2.77,-2.07,4.955));
#6725=CARTESIAN_POINT('',(2.77,-2.07,4.955));
#6726=VECTOR('',#7687,1.84);
#6727=CARTESIAN_POINT('',(2.07,-2.77,4.955));
#6728=CARTESIAN_POINT('',(2.07,-2.77,4.955));
#6729=VECTOR('',#7688,0.989949493661133);
#6730=CARTESIAN_POINT('',(0.23,-2.77,4.955));
#6731=CARTESIAN_POINT('',(0.23,-2.77,4.955));
#6732=VECTOR('',#7689,1.84);
#6733=CARTESIAN_POINT('',(0.23,-0.23,4.955));
#6734=VECTOR('',#7690,2.54);
#6735=CARTESIAN_POINT('',(-2.77,-0.23,4.955));
#6736=CARTESIAN_POINT('',(-2.77,-2.07,4.955));
#6737=CARTESIAN_POINT('',(-2.77,-0.23,4.955));
#6738=VECTOR('',#7691,1.84);
#6739=CARTESIAN_POINT('',(-0.23,-0.23,4.955));
#6740=CARTESIAN_POINT('',(-0.23,-0.23,4.955));
#6741=VECTOR('',#7692,2.54);
#6742=CARTESIAN_POINT('',(-0.23,-2.77,4.955));
#6743=CARTESIAN_POINT('',(-0.23,-2.77,4.955));
#6744=VECTOR('',#7693,2.54);
#6745=CARTESIAN_POINT('',(-2.07,-2.77,4.955));
#6746=CARTESIAN_POINT('',(-2.07,-2.77,4.955));
#6747=VECTOR('',#7694,1.84);
#6748=CARTESIAN_POINT('',(-2.77,-2.07,4.955));
#6749=VECTOR('',#7695,0.989949493661133);
#6750=CARTESIAN_POINT('',(-2.77,0.23,4.955));
#6751=CARTESIAN_POINT('',(-0.93,0.23,4.955));
#6752=CARTESIAN_POINT('',(-2.77,0.23,4.955));
#6753=VECTOR('',#7696,1.84);
#6754=CARTESIAN_POINT('',(-2.77,2.77,4.955));
#6755=CARTESIAN_POINT('',(-2.77,2.77,4.955));
#6756=VECTOR('',#7697,2.54);
#6757=CARTESIAN_POINT('',(-0.23,2.77,4.955));
#6758=CARTESIAN_POINT('',(-0.23,2.77,4.955));
#6759=VECTOR('',#7698,2.54);
#6760=CARTESIAN_POINT('',(-0.23,0.93,4.955));
#6761=CARTESIAN_POINT('',(-0.23,0.93,4.955));
#6762=VECTOR('',#7699,1.84);
#6763=CARTESIAN_POINT('',(-0.93,0.23,4.955));
#6764=VECTOR('',#7700,0.989949493661133);
#6765=CARTESIAN_POINT('',(4.825,2.68,3.305));
#6766=VECTOR('',#7701,2.15392202739798);
#6767=CARTESIAN_POINT('',(4.825,-2.41,3.305));
#6768=VECTOR('',#7702,2.15392202739798);
#6769=CARTESIAN_POINT('',(4.825,-3.05,3.305));
#6770=VECTOR('',#7703,1.63170334348199);
#6771=CARTESIAN_POINT('',(-3.440485608557,2.68,4.955));
#6772=VECTOR('',#7704,2.15392202739798);
#6773=CARTESIAN_POINT('',(-3.440485608557,2.68,3.305));
#6774=VECTOR('',#7705,1.384514391443);
#6775=CARTESIAN_POINT('',(-3.440485608557,-2.41,4.955));
#6776=VECTOR('',#7706,2.15392202739798);
#6777=CARTESIAN_POINT('',(-3.805,-3.43,4.520588664446));
#6778=VECTOR('',#7707,1.63170334348199);
#6779=CARTESIAN_POINT('',(-3.440485608557,-2.41,3.305));
#6780=VECTOR('',#7708,1.384514391443);
#6781=CARTESIAN_POINT('',(-3.440323739038,1.1,3.305));
#6782=VECTOR('',#7709,1.384676260962);
#6783=CARTESIAN_POINT('',(-5.075,1.1,-0.195));
#6784=VECTOR('',#7710,1.634838130481);
#6785=CARTESIAN_POINT('',(2.77,0.23,4.955));
#6786=VECTOR('',#7711,6.6);
#6787=CARTESIAN_POINT('',(0.93,0.23,4.955));
#6788=VECTOR('',#7712,6.6);
#6789=CARTESIAN_POINT('',(2.77,2.77,4.955));
#6790=VECTOR('',#7713,6.6);
#6791=CARTESIAN_POINT('',(0.23,-0.23,4.955));
#6792=VECTOR('',#7714,6.6);
#6793=CARTESIAN_POINT('',(2.77,-0.23,4.955));
#6794=VECTOR('',#7715,6.6);
#6795=CARTESIAN_POINT('',(2.77,-2.07,4.955));
#6796=VECTOR('',#7716,6.6);
#6797=CARTESIAN_POINT('',(2.07,-2.77,4.955));
#6798=VECTOR('',#7717,6.6);
#6799=CARTESIAN_POINT('',(0.23,-2.77,4.955));
#6800=VECTOR('',#7718,6.6);
#6801=CARTESIAN_POINT('',(-2.77,-2.07,4.955));
#6802=VECTOR('',#7719,6.6);
#6803=CARTESIAN_POINT('',(-2.77,-0.23,4.955));
#6804=VECTOR('',#7720,6.6);
#6805=CARTESIAN_POINT('',(-0.23,-0.23,4.955));
#6806=VECTOR('',#7721,6.6);
#6807=CARTESIAN_POINT('',(-0.23,-2.77,4.955));
#6808=VECTOR('',#7722,6.6);
#6809=CARTESIAN_POINT('',(-2.07,-2.77,4.955));
#6810=VECTOR('',#7723,6.6);
#6811=CARTESIAN_POINT('',(-0.93,0.23,4.955));
#6812=VECTOR('',#7724,6.6);
#6813=CARTESIAN_POINT('',(-2.77,0.23,4.955));
#6814=VECTOR('',#7725,6.6);
#6815=CARTESIAN_POINT('',(-2.77,2.77,4.955));
#6816=VECTOR('',#7726,6.6);
#6817=CARTESIAN_POINT('',(-0.23,2.77,4.955));
#6818=VECTOR('',#7727,6.6);
#6819=CARTESIAN_POINT('',(-0.23,0.93,4.955));
#6820=VECTOR('',#7728,6.6);
#6821=CARTESIAN_POINT('',(1.18,-1.18,-3.655));
#6822=CARTESIAN_POINT('',(1.18,-1.18,-3.655));
#6823=VECTOR('',#7729,0.63);
#6824=CARTESIAN_POINT('',(1.18,-1.18,-3.655));
#6825=VECTOR('',#7730,0.64);
#6826=CARTESIAN_POINT('',(1.18,-1.18,1.555));
#6827=CARTESIAN_POINT('',(1.82,-1.18,1.555));
#6828=VECTOR('',#7731,0.64);
#6829=CARTESIAN_POINT('',(1.18,-1.18,-1.645));
#6830=VECTOR('',#7732,3.2);
#6831=CARTESIAN_POINT('',(1.18,1.589,-3.655));
#6832=CARTESIAN_POINT('',(1.18,3.175,-3.655));
#6833=VECTOR('',#7733,1.586);
#6834=CARTESIAN_POINT('',(1.18,1.589,-4.285));
#6835=VECTOR('',#7734,0.63);
#6836=CARTESIAN_POINT('',(1.18,1.6,-4.285));
#6837=VECTOR('',#7735,0.67);
#6838=CARTESIAN_POINT('',(1.18,0.949,-3.655));
#6839=CARTESIAN_POINT('',(1.18,0.949,-3.655));
#6840=VECTOR('',#7736,0.629);
#6841=CARTESIAN_POINT('',(1.18,0.949,-4.285));
#6842=VECTOR('',#7737,0.63);
#6843=CARTESIAN_POINT('',(1.18,-0.32,-3.655));
#6844=CARTESIAN_POINT('',(1.18,-0.32,-4.285));
#6845=VECTOR('',#7738,0.63);
#6846=CARTESIAN_POINT('',(1.18,-0.32,-3.655));
#6847=VECTOR('',#7739,0.86);
#6848=CARTESIAN_POINT('',(1.18,1.589,-3.655));
#6849=VECTOR('',#7740,0.64);
#6850=CARTESIAN_POINT('',(1.18,0.949,-3.655));
#6851=VECTOR('',#7741,0.64);
#6852=CARTESIAN_POINT('',(1.18,-0.32,-3.655));
#6853=VECTOR('',#7742,0.64);
#6854=CARTESIAN_POINT('',(1.18,1.589,-7.285));
#6855=CARTESIAN_POINT('',(1.82,1.589,-7.285));
#6856=VECTOR('',#7743,0.64);
#6857=CARTESIAN_POINT('',(1.18,1.589,-7.285));
#6858=VECTOR('',#7744,3.0);
#6859=CARTESIAN_POINT('',(1.18,-0.32,-4.955));
#6860=CARTESIAN_POINT('',(1.18,-0.32,-4.955));
#6861=VECTOR('',#7745,0.64);
#6862=CARTESIAN_POINT('',(1.18,-0.32,-4.285));
#6863=VECTOR('',#7746,0.67);
#6864=CARTESIAN_POINT('',(1.18,1.18,1.555));
#6865=CARTESIAN_POINT('',(1.18,1.82,1.555));
#6866=CARTESIAN_POINT('',(1.18,1.18,1.555));
#6867=VECTOR('',#7747,0.64);
#6868=CARTESIAN_POINT('',(1.18,1.82,-1.645));
#6869=VECTOR('',#7748,3.2);
#6870=CARTESIAN_POINT('',(1.18,1.18,1.555));
#6871=VECTOR('',#7749,3.2);
#6872=CARTESIAN_POINT('',(1.18,-1.82,1.555));
#6873=CARTESIAN_POINT('',(1.18,-1.82,1.555));
#6874=VECTOR('',#7750,0.64);
#6875=CARTESIAN_POINT('',(1.18,-1.82,1.555));
#6876=VECTOR('',#7751,3.2);
#6877=CARTESIAN_POINT('',(1.18,-6.12,-7.285));
#6878=CARTESIAN_POINT('',(1.18,-6.12,-6.645));
#6879=CARTESIAN_POINT('',(1.18,-6.12,-7.285));
#6880=VECTOR('',#7752,0.64);
#6881=CARTESIAN_POINT('',(1.18,0.949,-6.645));
#6882=CARTESIAN_POINT('',(1.18,0.949,-6.645));
#6883=VECTOR('',#7753,7.069);
#6884=CARTESIAN_POINT('',(1.18,0.949,-4.285));
#6885=VECTOR('',#7754,2.36);
#6886=CARTESIAN_POINT('',(1.18,-6.12,-7.285));
#6887=VECTOR('',#7755,7.709);
#6888=CARTESIAN_POINT('',(1.18,-3.43,-3.655));
#6889=VECTOR('',#7756,0.51);
#6890=CARTESIAN_POINT('',(1.18,-6.12,-4.285));
#6891=VECTOR('',#7757,0.64);
#6892=CARTESIAN_POINT('',(1.82,-0.32,-4.955));
#6893=VECTOR('',#7758,0.64);
#6894=CARTESIAN_POINT('',(1.36,1.36,2.555));
#6895=CARTESIAN_POINT('',(1.36,1.36,2.555));
#6896=VECTOR('',#7759,1.03189146716103);
#6897=CARTESIAN_POINT('',(1.36,1.64,2.555));
#6898=CARTESIAN_POINT('',(1.36,1.36,2.555));
#6899=VECTOR('',#7760,0.28);
#6900=CARTESIAN_POINT('',(1.18,1.82,1.555));
#6901=VECTOR('',#7761,1.03189146716103);
#6902=CARTESIAN_POINT('',(1.64,1.64,2.555));
#6903=CARTESIAN_POINT('',(1.64,1.64,2.555));
#6904=VECTOR('',#7762,1.03189146716103);
#6905=CARTESIAN_POINT('',(1.82,1.82,1.555));
#6906=VECTOR('',#7763,0.64);
#6907=CARTESIAN_POINT('',(1.64,1.64,2.555));
#6908=VECTOR('',#7764,0.28);
#6909=CARTESIAN_POINT('',(1.64,1.36,2.555));
#6910=CARTESIAN_POINT('',(1.64,1.64,2.555));
#6911=VECTOR('',#7765,0.28);
#6912=CARTESIAN_POINT('',(1.82,1.18,1.555));
#6913=VECTOR('',#7766,1.03189146716103);
#6914=CARTESIAN_POINT('',(1.64,1.36,2.555));
#6915=VECTOR('',#7767,0.28);
#6916=CARTESIAN_POINT('',(1.82,1.18,1.555));
#6917=VECTOR('',#7768,0.64);
#6918=CARTESIAN_POINT('',(1.36,-1.64,2.555));
#6919=CARTESIAN_POINT('',(1.36,-1.64,2.555));
#6920=VECTOR('',#7769,1.03189146716103);
#6921=CARTESIAN_POINT('',(1.36,-1.36,2.555));
#6922=CARTESIAN_POINT('',(1.36,-1.64,2.555));
#6923=VECTOR('',#7770,0.28);
#6924=CARTESIAN_POINT('',(1.36,-1.36,2.555));
#6925=VECTOR('',#7771,1.03189146716103);
#6926=CARTESIAN_POINT('',(1.64,-1.36,2.555));
#6927=CARTESIAN_POINT('',(1.64,-1.36,2.555));
#6928=VECTOR('',#7772,0.28);
#6929=CARTESIAN_POINT('',(1.64,-1.36,2.555));
#6930=VECTOR('',#7773,1.03189146716103);
#6931=CARTESIAN_POINT('',(1.64,-1.64,2.555));
#6932=CARTESIAN_POINT('',(1.64,-1.36,2.555));
#6933=VECTOR('',#7774,0.28);
#6934=CARTESIAN_POINT('',(1.82,-1.82,1.555));
#6935=VECTOR('',#7775,1.03189146716103);
#6936=CARTESIAN_POINT('',(1.64,-1.64,2.555));
#6937=VECTOR('',#7776,0.28);
#6938=CARTESIAN_POINT('',(1.82,-1.82,1.555));
#6939=VECTOR('',#7777,0.64);
#6940=CARTESIAN_POINT('',(1.36,-7.12,-7.105));
#6941=CARTESIAN_POINT('',(1.36,-7.12,-7.105));
#6942=VECTOR('',#7778,1.03189146716103);
#6943=CARTESIAN_POINT('',(1.36,-7.12,-6.825));
#6944=CARTESIAN_POINT('',(1.36,-7.12,-7.105));
#6945=VECTOR('',#7779,0.28);
#6946=CARTESIAN_POINT('',(1.36,-7.12,-6.825));
#6947=VECTOR('',#7780,1.03189146716103);
#6948=CARTESIAN_POINT('',(1.82,-6.12,-6.645));
#6949=VECTOR('',#7781,0.64);
#6950=CARTESIAN_POINT('',(1.64,-7.12,-6.825));
#6951=CARTESIAN_POINT('',(1.64,-7.12,-6.825));
#6952=VECTOR('',#7782,0.28);
#6953=CARTESIAN_POINT('',(1.64,-7.12,-6.825));
#6954=VECTOR('',#7783,1.03189146716103);
#6955=CARTESIAN_POINT('',(1.82,0.949,-6.645));
#6956=VECTOR('',#7784,0.64);
#6957=CARTESIAN_POINT('',(1.64,-7.12,-7.105));
#6958=CARTESIAN_POINT('',(1.64,-7.12,-6.825));
#6959=VECTOR('',#7785,0.28);
#6960=CARTESIAN_POINT('',(1.82,-6.12,-7.285));
#6961=VECTOR('',#7786,1.03189146716103);
#6962=CARTESIAN_POINT('',(1.64,-7.12,-7.105));
#6963=VECTOR('',#7787,0.28);
#6964=CARTESIAN_POINT('',(1.82,-6.12,-7.285));
#6965=VECTOR('',#7788,0.64);
#6966=CARTESIAN_POINT('',(1.36,-7.12,-4.105));
#6967=CARTESIAN_POINT('',(1.36,-7.12,-4.105));
#6968=VECTOR('',#7789,1.03189146716103);
#6969=CARTESIAN_POINT('',(1.36,-7.12,-3.825));
#6970=CARTESIAN_POINT('',(1.36,-7.12,-4.105));
#6971=VECTOR('',#7790,0.28);
#6972=CARTESIAN_POINT('',(1.36,-7.12,-3.825));
#6973=VECTOR('',#7791,1.03189146716103);
#6974=CARTESIAN_POINT('',(1.64,-7.12,-3.825));
#6975=CARTESIAN_POINT('',(1.64,-7.12,-3.825));
#6976=VECTOR('',#7792,0.28);
#6977=CARTESIAN_POINT('',(1.64,-7.12,-3.825));
#6978=VECTOR('',#7793,1.03189146716103);
#6979=CARTESIAN_POINT('',(1.64,-7.12,-4.105));
#6980=CARTESIAN_POINT('',(1.64,-7.12,-3.825));
#6981=VECTOR('',#7794,0.28);
#6982=CARTESIAN_POINT('',(1.82,-6.12,-4.285));
#6983=VECTOR('',#7795,1.03189146716103);
#6984=CARTESIAN_POINT('',(1.64,-7.12,-4.105));
#6985=VECTOR('',#7796,0.28);
#6986=CARTESIAN_POINT('',(-1.18,-1.82,1.555));
#6987=VECTOR('',#7797,0.64);
#6988=CARTESIAN_POINT('',(-1.36,-1.64,2.555));
#6989=CARTESIAN_POINT('',(-1.64,-1.64,2.555));
#6990=CARTESIAN_POINT('',(-1.36,-1.64,2.555));
#6991=VECTOR('',#7798,0.28);
#6992=CARTESIAN_POINT('',(-1.64,-1.64,2.555));
#6993=VECTOR('',#7799,1.03189146716103);
#6994=CARTESIAN_POINT('',(-1.18,-1.82,1.555));
#6995=VECTOR('',#7800,1.03189146716103);
#6996=CARTESIAN_POINT('',(-1.36,-1.36,2.555));
#6997=CARTESIAN_POINT('',(-1.36,-1.36,2.555));
#6998=VECTOR('',#7801,0.28);
#6999=CARTESIAN_POINT('',(-1.64,-1.36,2.555));
#7000=CARTESIAN_POINT('',(-1.36,-1.36,2.555));
#7001=VECTOR('',#7802,0.28);
#7002=CARTESIAN_POINT('',(-1.64,-1.64,2.555));
#7003=VECTOR('',#7803,0.28);
#7004=CARTESIAN_POINT('',(-1.64,-1.36,2.555));
#7005=VECTOR('',#7804,1.03189146716103);
#7006=CARTESIAN_POINT('',(-1.36,-1.36,2.555));
#7007=VECTOR('',#7805,1.03189146716103);
#7008=CARTESIAN_POINT('',(-1.64,-7.12,-7.105));
#7009=CARTESIAN_POINT('',(-1.64,-7.12,-7.105));
#7010=VECTOR('',#7806,1.03189146716103);
#7011=CARTESIAN_POINT('',(-1.64,-7.12,-6.825));
#7012=CARTESIAN_POINT('',(-1.64,-7.12,-7.105));
#7013=VECTOR('',#7807,0.28);
#7014=CARTESIAN_POINT('',(-1.64,-7.12,-6.825));
#7015=VECTOR('',#7808,1.03189146716103);
#7016=CARTESIAN_POINT('',(-1.18,-6.12,-6.645));
#7017=VECTOR('',#7809,0.64);
#7018=CARTESIAN_POINT('',(-1.36,-7.12,-6.825));
#7019=CARTESIAN_POINT('',(-1.36,-7.12,-6.825));
#7020=VECTOR('',#7810,0.28);
#7021=CARTESIAN_POINT('',(-1.36,-7.12,-6.825));
#7022=VECTOR('',#7811,1.03189146716103);
#7023=CARTESIAN_POINT('',(-1.18,0.949,-6.645));
#7024=VECTOR('',#7812,0.64);
#7025=CARTESIAN_POINT('',(-1.36,-7.12,-7.105));
#7026=CARTESIAN_POINT('',(-1.36,-7.12,-6.825));
#7027=VECTOR('',#7813,0.28);
#7028=CARTESIAN_POINT('',(-1.18,-6.12,-7.285));
#7029=VECTOR('',#7814,1.03189146716103);
#7030=CARTESIAN_POINT('',(-1.36,-7.12,-7.105));
#7031=VECTOR('',#7815,0.28);
#7032=CARTESIAN_POINT('',(-1.18,-6.12,-7.285));
#7033=VECTOR('',#7816,0.64);
#7034=CARTESIAN_POINT('',(-1.64,-7.12,-4.105));
#7035=CARTESIAN_POINT('',(-1.64,-7.12,-4.105));
#7036=VECTOR('',#7817,1.03189146716103);
#7037=CARTESIAN_POINT('',(-1.64,-7.12,-3.825));
#7038=CARTESIAN_POINT('',(-1.64,-7.12,-4.105));
#7039=VECTOR('',#7818,0.28);
#7040=CARTESIAN_POINT('',(-1.64,-7.12,-3.825));
#7041=VECTOR('',#7819,1.03189146716103);
#7042=CARTESIAN_POINT('',(-1.18,-6.12,-3.645));
#7043=VECTOR('',#7820,0.64);
#7044=CARTESIAN_POINT('',(-1.36,-7.12,-3.825));
#7045=CARTESIAN_POINT('',(-1.36,-7.12,-3.825));
#7046=VECTOR('',#7821,0.28);
#7047=CARTESIAN_POINT('',(-1.36,-7.12,-3.825));
#7048=VECTOR('',#7822,1.03189146716103);
#7049=CARTESIAN_POINT('',(-1.475,-3.94,-3.645));
#7050=CARTESIAN_POINT('',(-1.18,-3.94,-3.645));
#7051=VECTOR('',#7823,0.295);
#7052=CARTESIAN_POINT('',(-1.475,-3.43,-3.645));
#7053=VECTOR('',#7824,0.51);
#7054=CARTESIAN_POINT('',(-0.475,-3.94,-3.655));
#7055=VECTOR('',#7825,0.705);
#7056=CARTESIAN_POINT('',(-1.475,-3.94,0.355));
#7057=AXIS2_PLACEMENT_3D('',#7826,#7827,#7828);
#7058=CARTESIAN_POINT('',(-1.475,-3.94,-3.645));
#7059=VECTOR('',#7829,4.0);
#7060=CARTESIAN_POINT('',(-1.475,-3.94,3.545));
#7061=CARTESIAN_POINT('',(-1.475,-3.94,3.545));
#7062=VECTOR('',#7830,1.0);
#7063=CARTESIAN_POINT('',(-1.475,-3.94,0.355));
#7064=VECTOR('',#7831,3.19);
#7065=AXIS2_PLACEMENT_3D('',#7832,#7833,#7834);
#7066=CARTESIAN_POINT('',(-1.475,-3.43,3.545));
#7067=VECTOR('',#7835,0.51);
#7068=AXIS2_PLACEMENT_3D('',#7836,#7837,#7838);
#7069=CARTESIAN_POINT('',(-1.305662386292,-5.69,-0.645));
#7070=CARTESIAN_POINT('',(-1.305662386292,-5.69,-0.645));
#7071=VECTOR('',#7839,0.8306623862918);
#7072=AXIS2_PLACEMENT_3D('',#7840,#7841,#7842);
#7073=CARTESIAN_POINT('',(-1.305662386292,-6.04,-0.645));
#7074=CARTESIAN_POINT('',(-1.305662386292,-6.04,-0.645));
#7075=VECTOR('',#7843,0.35);
#7076=AXIS2_PLACEMENT_3D('',#7844,#7845,#7846);
#7078=CARTESIAN_POINT('',(-0.475000000000003,-6.55961524227075,-0.645));
#7079=CARTESIAN_POINT('',(-0.836157559258612,-6.55961524227074,-0.645));
#7080=CARTESIAN_POINT('',(-1.3056623862957,-6.03999999999577,-0.645));
#7087=AXIS2_PLACEMENT_3D('',#7847,#7848,#7849);
#7088=AXIS2_PLACEMENT_3D('',#7850,#7851,#7852);
#7089=CARTESIAN_POINT('',(-1.36,-7.12,-4.105));
#7090=CARTESIAN_POINT('',(-1.36,-7.12,-3.825));
#7091=VECTOR('',#7853,0.28);
#7092=CARTESIAN_POINT('',(-1.18,-6.12,-4.285));
#7093=VECTOR('',#7854,1.03189146716103);
#7094=CARTESIAN_POINT('',(-1.36,-7.12,-4.105));
#7095=VECTOR('',#7855,0.28);
#7096=CARTESIAN_POINT('',(3.325,3.43,-3.205));
#7097=VECTOR('',#7856,0.255);
#7098=CARTESIAN_POINT('',(3.825,1.0,-3.685));
#7099=CARTESIAN_POINT('',(5.075,1.0,-3.685));
#7100=VECTOR('',#7857,1.25);
#7101=CARTESIAN_POINT('',(3.825,1.0,-4.285));
#7102=VECTOR('',#7858,0.6);
#7103=CARTESIAN_POINT('',(3.825,-1.0,-3.685));
#7104=CARTESIAN_POINT('',(3.825,1.0,-3.685));
#7105=VECTOR('',#7859,2.0);
#7106=CARTESIAN_POINT('',(3.825,-1.0,-3.685));
#7107=VECTOR('',#7860,0.6);
#7108=CARTESIAN_POINT('',(5.075,-1.0,-3.685));
#7109=VECTOR('',#7861,1.25);
#7110=AXIS2_PLACEMENT_3D('',#7862,#7863,#7864);
#7111=CARTESIAN_POINT('',(-3.825,1.0,-3.685));
#7112=CARTESIAN_POINT('',(-3.825,1.0,-4.285));
#7113=VECTOR('',#7865,0.6);
#7114=CARTESIAN_POINT('',(-5.075,1.0,-3.685));
#7115=VECTOR('',#7866,1.25);
#7116=CARTESIAN_POINT('',(-3.825,-1.0,-3.685));
#7117=CARTESIAN_POINT('',(-3.825,1.0,-3.685));
#7118=VECTOR('',#7867,2.0);
#7119=CARTESIAN_POINT('',(-5.075,-1.0,-3.685));
#7120=VECTOR('',#7868,1.25);
#7121=CARTESIAN_POINT('',(-3.825,-1.0,-3.685));
#7122=VECTOR('',#7869,0.6);
#7123=CARTESIAN_POINT('',(4.775,-2.2,2.805));
#7124=CARTESIAN_POINT('',(4.825,-2.2,2.805));
#7125=VECTOR('',#7870,0.05);
#7126=CARTESIAN_POINT('',(4.775,-2.2,1.605));
#7127=CARTESIAN_POINT('',(4.775,-2.2,1.605));
#7128=VECTOR('',#7871,1.2);
#7129=CARTESIAN_POINT('',(4.825,-2.2,1.605));
#7130=CARTESIAN_POINT('',(4.825,-2.2,1.605));
#7131=VECTOR('',#7872,0.05);
#7132=CARTESIAN_POINT('',(4.825,-2.2,1.605));
#7133=VECTOR('',#7873,0.18);
#7134=CARTESIAN_POINT('',(4.825,-2.35,1.605));
#7135=CARTESIAN_POINT('',(4.825,-2.35,1.605));
#7136=VECTOR('',#7874,0.15);
#7137=CARTESIAN_POINT('',(4.825,-2.35,1.785));
#7138=VECTOR('',#7875,0.18);
#7139=CARTESIAN_POINT('',(4.775,-2.35,1.605));
#7140=CARTESIAN_POINT('',(4.825,-2.35,1.605));
#7141=VECTOR('',#7876,0.05);
#7142=CARTESIAN_POINT('',(4.775,-2.35,2.6007447052));
#7143=CARTESIAN_POINT('',(4.775,-2.35,2.6007447052));
#7144=VECTOR('',#7877,0.9957447052002);
#7145=CARTESIAN_POINT('',(4.825,-2.35,2.6007447052));
#7146=VECTOR('',#7878,0.05);
#7147=CARTESIAN_POINT('',(4.775,-2.5,2.422021250725));
#7148=CARTESIAN_POINT('',(4.775,-2.5,2.422021250725));
#7149=VECTOR('',#7879,0.233328251996204);
#7150=CARTESIAN_POINT('',(4.825,-2.5,2.422021250725));
#7151=VECTOR('',#7880,0.05);
#7152=CARTESIAN_POINT('',(4.775,-2.5,2.62627661705));
#7153=CARTESIAN_POINT('',(4.775,-2.5,2.62627661705));
#7154=VECTOR('',#7881,0.2042553663254);
#7155=CARTESIAN_POINT('',(4.825,-2.5,2.62627661705));
#7156=VECTOR('',#7882,0.05);
#7157=CARTESIAN_POINT('',(4.775,-2.35,2.805));
#7158=CARTESIAN_POINT('',(4.775,-2.35,2.805));
#7159=VECTOR('',#7883,0.233328197209507);
#7160=CARTESIAN_POINT('',(4.825,-2.35,2.805));
#7161=VECTOR('',#7884,0.05);
#7162=CARTESIAN_POINT('',(4.775,-2.2,2.805));
#7163=VECTOR('',#7885,0.15);
#7164=CARTESIAN_POINT('',(4.775,-2.35,1.605));
#7165=VECTOR('',#7886,0.15);
#7166=DIRECTION('',(0.0,0.0,-1.0));
#7167=DIRECTION('',(0.0,1.0,0.0));
#7168=DIRECTION('',(0.0,0.0,-1.0));
#7169=DIRECTION('',(0.0,-1.0,0.0));
#7170=DIRECTION('',(0.0,1.0,0.0));
#7171=DIRECTION('',(0.0,0.0,-1.0));
#7172=DIRECTION('',(0.0,1.0,0.0));
#7173=DIRECTION('',(0.0,-1.0,0.0));
#7174=DIRECTION('',(0.0,0.0,1.0));
#7175=DIRECTION('',(0.0,1.0,0.0));
#7176=DIRECTION('',(-1.0,0.0,0.0));
#7177=DIRECTION('',(0.0,0.0,-1.0));
#7178=DIRECTION('',(1.0,0.0,0.0));
#7179=DIRECTION('',(0.0,0.0,-1.0));
#7180=DIRECTION('',(1.0,0.0,0.0));
#7181=DIRECTION('',(0.0,-1.0,0.0));
#7182=DIRECTION('',(1.0,0.0,0.0));
#7183=DIRECTION('',(0.0,1.0,0.0));
#7184=DIRECTION('',(1.0,0.0,0.0));
#7185=DIRECTION('',(1.0,0.0,0.0));
#7186=DIRECTION('',(0.0,-1.0,0.0));
#7187=DIRECTION('',(0.0,-1.0,0.0));
#7188=DIRECTION('',(0.0,0.0,-1.0));
#7189=DIRECTION('',(0.0,0.0,-1.0));
#7190=DIRECTION('',(0.0,1.0,0.0));
#7191=DIRECTION('',(1.0,0.0,0.0));
#7192=DIRECTION('',(0.0,1.0,0.0));
#7193=DIRECTION('',(-0.937082114832659,-0.349109023172922,0.0));
#7194=DIRECTION('',(-1.0,0.0,0.0));
#7195=DIRECTION('',(-0.937082114832659,0.349109023172922,0.0));
#7196=DIRECTION('',(1.0,0.0,0.0));
#7197=DIRECTION('',(0.0,1.0,0.0));
#7198=DIRECTION('',(0.0,0.0,-1.0));
#7199=DIRECTION('',(0.0,1.0,0.0));
#7200=DIRECTION('',(0.0,0.0,1.0));
#7201=DIRECTION('',(-1.0,0.0,0.0));
#7202=DIRECTION('',(0.0,0.0,-1.0));
#7203=DIRECTION('',(1.0,0.0,0.0));
#7204=DIRECTION('',(0.0,0.0,1.0));
#7205=DIRECTION('',(0.0,0.0,-1.0));
#7206=DIRECTION('',(0.0,0.0,1.0));
#7207=DIRECTION('',(-1.0,0.0,0.0));
#7208=DIRECTION('',(0.0,-1.0,0.0));
#7209=DIRECTION('',(0.0,0.0,-1.0));
#7210=DIRECTION('',(1.0,0.0,0.0));
#7211=DIRECTION('',(0.0,-1.0,0.0));
#7212=DIRECTION('',(1.0,0.0,0.0));
#7213=DIRECTION('',(0.0,1.0,0.0));
#7214=DIRECTION('',(0.0,1.0,0.0));
#7215=DIRECTION('',(0.0,1.0,0.0));
#7216=DIRECTION('',(0.0,1.0,0.0));
#7217=DIRECTION('',(0.0,-1.0,0.0));
#7218=DIRECTION('',(1.0,0.0,0.0));
#7219=DIRECTION('',(0.0,0.0,-1.0));
#7220=DIRECTION('',(-1.0,0.0,0.0));
#7221=DIRECTION('',(0.0,0.0,1.0));
#7222=DIRECTION('',(-1.0,0.0,0.0));
#7223=DIRECTION('',(0.0,0.0,-1.0));
#7224=DIRECTION('',(0.0,0.0,1.0));
#7225=DIRECTION('',(0.0,-1.0,0.0));
#7226=DIRECTION('',(0.0,1.0,0.0));
#7227=DIRECTION('',(0.0,0.0,1.0));
#7228=DIRECTION('',(0.0,0.0,-1.0));
#7229=DIRECTION('',(0.0,1.0,0.0));
#7230=DIRECTION('',(0.0,-1.0,0.0));
#7231=DIRECTION('',(0.0,0.0,-1.0));
#7232=DIRECTION('',(0.0,0.0,-1.0));
#7233=DIRECTION('',(0.0,0.64287114276419,0.765974342782488));
#7234=DIRECTION('',(0.0,0.0,-1.0));
#7235=DIRECTION('',(0.0,-0.642871293713882,-0.765974216092578));
#7236=DIRECTION('',(0.0,-1.0,0.0));
#7237=DIRECTION('',(-1.0,0.0,0.0));
#7238=DIRECTION('',(0.0,-1.0,0.0));
#7239=DIRECTION('',(-1.0,0.0,0.0));
#7240=DIRECTION('',(-1.0,0.0,0.0));
#7241=DIRECTION('',(0.0,-1.0,0.0));
#7242=DIRECTION('',(0.0,0.0,-1.0));
#7243=DIRECTION('',(-1.0,0.0,0.0));
#7244=DIRECTION('',(0.0,0.0,-1.0));
#7245=DIRECTION('',(0.0,0.0,-1.0));
#7246=DIRECTION('',(0.0,1.0,0.0));
#7247=DIRECTION('',(0.0,0.0,1.0));
#7248=DIRECTION('',(0.0,1.0,0.0));
#7249=DIRECTION('',(0.0,0.0,1.0));
#7250=DIRECTION('',(0.0,1.0,0.0));
#7251=DIRECTION('',(0.0,0.0,-1.0));
#7252=DIRECTION('',(0.0,-1.0,0.0));
#7253=DIRECTION('',(-1.0,0.0,0.0));
#7254=DIRECTION('',(0.0,0.0,1.0));
#7255=DIRECTION('',(-1.0,0.0,0.0));
#7256=DIRECTION('',(-1.0,0.0,0.0));
#7257=DIRECTION('',(0.0,0.0,-1.0));
#7258=DIRECTION('',(0.0,1.0,0.0));
#7259=DIRECTION('',(-1.0,0.0,0.0));
#7260=DIRECTION('',(0.0,1.0,0.0));
#7261=DIRECTION('',(0.0,-1.0,0.0));
#7262=DIRECTION('',(-1.0,0.0,0.0));
#7263=DIRECTION('',(0.0,1.0,0.0));
#7264=DIRECTION('',(1.0,0.0,0.0));
#7265=DIRECTION('',(0.0,0.0,-1.0));
#7266=DIRECTION('',(0.0,1.0,0.0));
#7267=DIRECTION('',(0.0,0.0,-1.0));
#7268=DIRECTION('',(-1.0,0.0,0.0));
#7269=DIRECTION('',(0.0,0.0,-1.0));
#7270=DIRECTION('',(1.0,0.0,0.0));
#7271=DIRECTION('',(1.0,0.0,0.0));
#7272=DIRECTION('',(0.0,1.0,0.0));
#7273=DIRECTION('',(-1.0,0.0,0.0));
#7274=DIRECTION('',(0.0,1.0,0.0));
#7275=DIRECTION('',(0.0,-1.0,0.0));
#7276=DIRECTION('',(-1.0,0.0,0.0));
#7277=DIRECTION('',(0.0,-1.0,0.0));
#7278=DIRECTION('',(1.0,0.0,0.0));
#7279=DIRECTION('',(0.0,-1.0,0.0));
#7280=DIRECTION('',(1.0,0.0,0.0));
#7281=DIRECTION('',(0.0,1.0,0.0));
#7282=DIRECTION('',(-1.0,0.0,0.0));
#7283=DIRECTION('',(0.0,0.0,-1.0));
#7284=DIRECTION('',(0.0,0.0,-1.0));
#7285=DIRECTION('',(0.0,0.0,-1.0));
#7286=DIRECTION('',(0.0,-1.0,0.0));
#7287=DIRECTION('',(0.0,0.0,-1.0));
#7288=DIRECTION('',(0.0,0.0,-1.0));
#7289=DIRECTION('',(1.0,0.0,0.0));
#7290=DIRECTION('',(0.0,1.0,0.0));
#7291=DIRECTION('',(1.0,0.0,0.0));
#7292=DIRECTION('',(0.0,1.0,0.0));
#7293=DIRECTION('',(1.0,0.0,0.0));
#7294=DIRECTION('',(0.0,-1.0,0.0));
#7295=DIRECTION('',(-1.0,0.0,0.0));
#7296=DIRECTION('',(0.0,0.0,-1.0));
#7297=DIRECTION('',(0.0,0.0,-1.0));
#7298=DIRECTION('',(0.0,0.0,-1.0));
#7299=DIRECTION('',(0.0,0.0,-1.0));
#7300=DIRECTION('',(0.0,0.0,-1.0));
#7301=DIRECTION('',(1.0,0.0,0.0));
#7302=DIRECTION('',(0.0,0.0,-1.0));
#7303=DIRECTION('',(0.0,1.0,0.0));
#7304=DIRECTION('',(0.0,-1.0,0.0));
#7305=DIRECTION('',(0.0,0.0,-1.0));
#7306=DIRECTION('',(0.0,1.0,0.0));
#7307=DIRECTION('',(0.0,0.0,-1.0));
#7308=DIRECTION('',(0.0,-1.0,0.0));
#7309=DIRECTION('',(0.0,0.0,1.0));
#7310=DIRECTION('',(0.0,1.0,0.0));
#7311=DIRECTION('',(0.0,0.0,-1.0));
#7312=DIRECTION('',(1.0,0.0,0.0));
#7313=DIRECTION('',(0.0,0.0,1.0));
#7314=DIRECTION('',(0.0,1.0,0.0));
#7315=DIRECTION('',(0.0,0.0,1.0));
#7316=DIRECTION('',(0.0,-1.0,0.0));
#7317=DIRECTION('',(0.0,1.0,0.0));
#7318=DIRECTION('',(0.0,1.0,0.0));
#7319=DIRECTION('',(0.0,0.0,-1.0));
#7320=DIRECTION('',(0.0,0.0,1.0));
#7321=DIRECTION('',(0.0,-1.0,0.0));
#7322=DIRECTION('',(0.0,0.0,1.0));
#7323=DIRECTION('',(0.0,1.0,0.0));
#7324=DIRECTION('',(0.0,0.0,1.0));
#7325=DIRECTION('',(0.0,-1.0,0.0));
#7326=DIRECTION('',(0.0,0.0,-1.0));
#7327=DIRECTION('',(0.0,1.0,0.0));
#7328=DIRECTION('',(-1.0,0.0,0.0));
#7329=DIRECTION('',(0.0,1.0,0.0));
#7330=DIRECTION('',(0.0,1.0,0.0));
#7331=DIRECTION('',(1.0,0.0,0.0));
#7332=DIRECTION('',(-1.0,0.0,0.0));
#7333=DIRECTION('',(0.0,1.0,0.0));
#7334=DIRECTION('',(1.0,0.0,0.0));
#7335=DIRECTION('',(-1.0,0.0,0.0));
#7336=DIRECTION('',(2.0185873175E-14,1.0,8.074349270001E-14));
#7337=DIRECTION('',(0.0,1.0,0.0));
#7338=DIRECTION('',(0.0,1.0,0.0));
#7339=DIRECTION('',(0.0,1.0,0.0));
#7340=DIRECTION('',(0.0,1.0,0.0));
#7341=DIRECTION('',(-1.0,0.0,0.0));
#7342=DIRECTION('',(0.0,1.0,0.0));
#7343=DIRECTION('',(0.0,1.0,0.0));
#7344=DIRECTION('',(0.0,1.0,0.0));
#7345=DIRECTION('',(0.0,1.0,0.0));
#7346=DIRECTION('',(-4.037174635001E-14,1.0,8.074349270001E-14));
#7347=DIRECTION('',(-1.0,0.0,0.0));
#7348=DIRECTION('',(4.037174635001E-14,1.0,8.074349270001E-14));
#7349=DIRECTION('',(0.0,1.0,0.0));
#7350=DIRECTION('',(0.0,1.0,0.0));
#7351=DIRECTION('',(0.0,1.0,0.0));
#7352=DIRECTION('',(0.0,1.0,0.0));
#7353=DIRECTION('',(-1.0,0.0,0.0));
#7354=DIRECTION('',(0.0,1.0,0.0));
#7355=DIRECTION('',(0.0,1.0,0.0));
#7356=DIRECTION('',(0.0,1.0,0.0));
#7357=DIRECTION('',(0.0,1.0,0.0));
#7358=DIRECTION('',(-2.0185873175E-14,1.0,8.074349270001E-14));
#7359=DIRECTION('',(-1.0,0.0,0.0));
#7360=DIRECTION('',(0.0,1.0,0.0));
#7361=DIRECTION('',(1.0,0.0,0.0));
#7362=DIRECTION('',(0.0,1.0,0.0));
#7363=DIRECTION('',(-1.0,0.0,0.0));
#7364=DIRECTION('',(0.0,1.0,0.0));
#7365=DIRECTION('',(1.0,0.0,0.0));
#7366=DIRECTION('',(0.0,1.0,0.0));
#7367=DIRECTION('',(0.0,1.0,0.0));
#7368=DIRECTION('',(-1.0,0.0,0.0));
#7369=DIRECTION('',(0.0,1.0,0.0));
#7370=DIRECTION('',(0.0,1.0,0.0));
#7371=DIRECTION('',(1.0,0.0,0.0));
#7372=DIRECTION('',(0.0,1.0,0.0));
#7373=DIRECTION('',(0.0,0.0,-1.0));
#7374=DIRECTION('',(0.0,1.0,0.0));
#7375=DIRECTION('',(0.0,0.0,1.0));
#7376=DIRECTION('',(0.0,-1.0,0.0));
#7377=DIRECTION('',(0.0,0.0,-1.0));
#7378=DIRECTION('',(0.0,1.0,0.0));
#7379=DIRECTION('',(0.0,0.0,1.0));
#7380=DIRECTION('',(0.0,-1.0,0.0));
#7381=DIRECTION('',(0.0,0.0,-1.0));
#7382=DIRECTION('',(0.0,1.0,0.0));
#7383=DIRECTION('',(0.0,0.0,1.0));
#7384=DIRECTION('',(0.0,0.0,-1.0));
#7385=DIRECTION('',(0.0,1.0,0.0));
#7386=DIRECTION('',(0.0,0.0,1.0));
#7387=DIRECTION('',(0.0,0.0,-1.0));
#7388=DIRECTION('',(0.0,-1.0,0.0));
#7389=DIRECTION('',(0.0,0.0,-1.0));
#7390=DIRECTION('',(0.0,-1.0,0.0));
#7391=DIRECTION('',(0.0,0.0,-1.0));
#7392=DIRECTION('',(0.0,0.0,1.0));
#7393=DIRECTION('',(0.0,-1.0,0.0));
#7394=DIRECTION('',(-1.0,0.0,0.0));
#7395=DIRECTION('',(0.0,0.0,1.0));
#7396=DIRECTION('',(0.0,0.0,1.0));
#7397=DIRECTION('',(1.0,0.0,0.0));
#7398=DIRECTION('',(0.0,0.0,-1.0));
#7399=DIRECTION('',(0.0,0.0,1.0));
#7400=DIRECTION('',(0.0,-1.0,0.0));
#7401=DIRECTION('',(0.0,0.0,1.0));
#7402=DIRECTION('',(0.0,0.0,-1.0));
#7403=DIRECTION('',(0.0,-1.0,0.0));
#7404=DIRECTION('',(0.0,0.0,-1.0));
#7405=DIRECTION('',(0.0,-1.0,0.0));
#7406=DIRECTION('',(0.0,0.0,1.0));
#7407=DIRECTION('',(0.0,1.0,0.0));
#7408=DIRECTION('',(0.0,0.0,-1.0));
#7409=DIRECTION('',(0.0,0.0,-1.0));
#7410=DIRECTION('',(0.0,-1.0,0.0));
#7411=DIRECTION('',(0.0,0.0,-1.0));
#7412=DIRECTION('',(0.0,0.0,-1.0));
#7413=DIRECTION('',(-1.0,0.0,0.0));
#7414=DIRECTION('',(-1.0,0.0,0.0));
#7415=DIRECTION('',(0.0,0.0,1.0));
#7416=DIRECTION('',(0.0,0.0,1.0));
#7417=DIRECTION('',(1.0,0.0,0.0));
#7418=DIRECTION('',(0.0,0.0,1.0));
#7419=DIRECTION('',(-1.0,0.0,0.0));
#7420=DIRECTION('',(0.0,0.0,1.0));
#7421=DIRECTION('',(-1.0,0.0,0.0));
#7422=DIRECTION('',(0.0,0.0,1.0));
#7423=DIRECTION('',(0.0,0.0,1.0));
#7424=DIRECTION('',(-1.0,0.0,0.0));
#7425=DIRECTION('',(0.0,0.0,-1.0));
#7426=DIRECTION('',(-0.642787609686505,0.0,0.766044443119007));
#7427=DIRECTION('',(1.0,0.0,0.0));
#7428=DIRECTION('',(-0.642787609686505,0.0,-0.766044443119007));
#7429=DIRECTION('',(0.0,0.0,-1.0));
#7430=DIRECTION('',(0.0,0.0,-1.0));
#7431=DIRECTION('',(-1.0,0.0,0.0));
#7432=DIRECTION('',(0.0,0.0,1.0));
#7433=DIRECTION('',(0.0,0.0,1.0));
#7434=DIRECTION('',(1.0,0.0,0.0));
#7435=DIRECTION('',(0.0,0.0,-1.0));
#7436=DIRECTION('',(1.0,0.0,0.0));
#7437=DIRECTION('',(0.0,1.0,0.0));
#7438=DIRECTION('',(0.0,0.866025403784429,0.500000000000017));
#7439=CARTESIAN_POINT('',(-0.475,-6.87,0.8871241419778));
#7440=DIRECTION('',(-1.0,0.0,0.0));
#7441=DIRECTION('',(0.0,-1.0,0.0));
#7442=DIRECTION('',(0.0,0.0,-1.0));
#7443=CARTESIAN_POINT('',(-0.475,-6.87,-0.1771241419778));
#7444=DIRECTION('',(1.0,0.0,0.0));
#7445=DIRECTION('',(0.0,-1.0,0.0));
#7446=DIRECTION('',(0.0,0.866025403784429,-0.500000000000017));
#7447=DIRECTION('',(0.0,1.0,0.0));
#7448=DIRECTION('',(0.0,1.0,0.0));
#7449=DIRECTION('',(0.0,0.0,-1.0));
#7450=DIRECTION('',(0.0,-1.0,0.0));
#7451=DIRECTION('',(0.0,-1.0,0.0));
#7452=DIRECTION('',(0.0,0.0,-1.0));
#7453=DIRECTION('',(0.0,1.0,0.0));
#7454=DIRECTION('',(0.0,1.0,0.0));
#7455=DIRECTION('',(0.0,-1.0,0.0));
#7456=DIRECTION('',(-1.0,0.0,0.0));
#7457=DIRECTION('',(1.0,0.0,0.0));
#7458=DIRECTION('',(0.0,1.0,0.0));
#7459=DIRECTION('',(0.0,1.0,0.0));
#7460=DIRECTION('',(0.0,0.0,-1.0));
#7461=DIRECTION('',(0.0,-1.0,0.0));
#7462=DIRECTION('',(0.0,-1.0,0.0));
#7463=DIRECTION('',(0.0,0.0,-1.0));
#7464=DIRECTION('',(0.0,1.0,0.0));
#7465=DIRECTION('',(0.0,1.0,0.0));
#7466=DIRECTION('',(0.0,0.866025403784429,-0.500000000000017));
#7467=CARTESIAN_POINT('',(0.475,-6.87,-0.1771241419778));
#7468=DIRECTION('',(1.0,0.0,0.0));
#7469=DIRECTION('',(0.0,-1.0,0.0));
#7470=DIRECTION('',(0.0,0.0,-1.0));
#7471=CARTESIAN_POINT('',(0.475,-6.87,0.8871241419778));
#7472=DIRECTION('',(-1.0,0.0,0.0));
#7473=DIRECTION('',(0.0,-1.0,0.0));
#7474=DIRECTION('',(0.0,0.866025403784429,0.500000000000017));
#7475=CARTESIAN_POINT('',(0.475,-6.995,0.355));
#7476=DIRECTION('',(0.0,-1.0,0.0));
#7477=DIRECTION('',(0.0,0.0,-1.0));
#7478=CARTESIAN_POINT('',(0.475,-6.04,0.355));
#7479=DIRECTION('',(0.0,-1.0,0.0));
#7480=DIRECTION('',(0.63897106637829,0.0,-0.769230769230788));
#7481=DIRECTION('',(0.0,-1.0,0.0));
#7482=CARTESIAN_POINT('',(0.475,-5.69,0.355));
#7483=DIRECTION('',(0.0,-1.0,0.0));
#7484=DIRECTION('',(0.63897106637829,0.0,-0.769230769230788));
#7485=DIRECTION('',(-1.0,0.0,0.0));
#7486=CARTESIAN_POINT('',(0.475,-5.69,0.355));
#7487=DIRECTION('',(0.0,-1.0,-0.0));
#7488=DIRECTION('',(-2.137179322403E-14,0.0,-1.0));
#7489=CARTESIAN_POINT('',(0.475,-3.94,0.355));
#7490=DIRECTION('',(0.0,-1.0,0.0));
#7491=DIRECTION('',(0.0,0.0,-1.0));
#7492=CARTESIAN_POINT('',(0.475,-3.94,0.355));
#7493=DIRECTION('',(0.0,-1.0,0.0));
#7494=DIRECTION('',(1.0,0.0,0.0));
#7495=DIRECTION('',(1.0,0.0,0.0));
#7496=DIRECTION('',(0.0,0.0,-1.0));
#7497=DIRECTION('',(1.0,0.0,0.0));
#7498=DIRECTION('',(0.0,0.0,1.0));
#7499=DIRECTION('',(0.0,0.0,1.0));
#7500=DIRECTION('',(-1.0,0.0,0.0));
#7501=DIRECTION('',(0.0,-1.0,0.0));
#7502=DIRECTION('',(0.0,-1.0,0.0));
#7503=DIRECTION('',(0.0,-1.0,0.0));
#7504=DIRECTION('',(-1.0,0.0,0.0));
#7505=DIRECTION('',(0.0,-1.0,0.0));
#7506=DIRECTION('',(0.0,0.0,-1.0));
#7507=DIRECTION('',(0.0,1.0,0.0));
#7508=DIRECTION('',(0.0,0.0,1.0));
#7509=DIRECTION('',(0.0,-1.0,0.0));
#7510=DIRECTION('',(0.0,0.0,-1.0));
#7511=DIRECTION('',(0.0,1.0,0.0));
#7512=DIRECTION('',(0.0,0.0,1.0));
#7513=DIRECTION('',(0.0,-1.0,0.0));
#7514=DIRECTION('',(0.0,0.0,-1.0));
#7515=DIRECTION('',(0.0,1.0,0.0));
#7516=DIRECTION('',(0.0,0.0,1.0));
#7517=DIRECTION('',(0.0,0.0,-1.0));
#7518=DIRECTION('',(0.0,1.0,0.0));
#7519=DIRECTION('',(0.0,0.0,1.0));
#7520=DIRECTION('',(0.0,0.0,-1.0));
#7521=DIRECTION('',(0.0,-1.0,0.0));
#7522=DIRECTION('',(0.0,0.0,-1.0));
#7523=DIRECTION('',(-1.0,0.0,0.0));
#7524=DIRECTION('',(0.0,0.0,1.0));
#7525=DIRECTION('',(0.0,0.0,1.0));
#7526=DIRECTION('',(1.0,0.0,0.0));
#7527=DIRECTION('',(0.0,0.0,-1.0));
#7528=DIRECTION('',(0.0,0.0,1.0));
#7529=DIRECTION('',(0.0,-1.0,0.0));
#7530=DIRECTION('',(0.0,-1.0,0.0));
#7531=DIRECTION('',(0.0,0.0,1.0));
#7532=DIRECTION('',(0.0,1.0,0.0));
#7533=DIRECTION('',(0.0,0.0,-1.0));
#7534=DIRECTION('',(0.0,0.0,-1.0));
#7535=DIRECTION('',(0.0,-1.0,0.0));
#7536=DIRECTION('',(0.0,0.0,-1.0));
#7537=DIRECTION('',(0.0,0.0,-1.0));
#7538=DIRECTION('',(0.0,-1.0,0.0));
#7539=DIRECTION('',(0.0,0.0,-1.0));
#7540=DIRECTION('',(0.0,0.0,1.0));
#7541=DIRECTION('',(1.0,0.0,0.0));
#7542=DIRECTION('',(0.0,0.0,1.0));
#7543=DIRECTION('',(1.0,0.0,0.0));
#7544=DIRECTION('',(0.0,0.0,1.0));
#7545=DIRECTION('',(1.0,0.0,0.0));
#7546=DIRECTION('',(0.0,-1.0,0.0));
#7547=DIRECTION('',(1.0,0.0,0.0));
#7548=DIRECTION('',(0.0,1.0,0.0));
#7549=DIRECTION('',(-1.0,0.0,0.0));
#7550=DIRECTION('',(0.0,-1.0,0.0));
#7551=DIRECTION('',(-1.0,0.0,0.0));
#7552=DIRECTION('',(0.0,-1.0,0.0));
#7553=DIRECTION('',(0.0,1.0,0.0));
#7554=DIRECTION('',(0.0,-1.0,0.0));
#7555=DIRECTION('',(0.0,1.0,0.0));
#7556=DIRECTION('',(-1.0,0.0,0.0));
#7557=DIRECTION('',(-1.0,0.0,0.0));
#7558=DIRECTION('',(0.0,1.0,0.0));
#7559=DIRECTION('',(1.0,0.0,0.0));
#7560=DIRECTION('',(1.0,0.0,0.0));
#7561=DIRECTION('',(0.0,1.0,0.0));
#7562=DIRECTION('',(-1.0,0.0,0.0));
#7563=DIRECTION('',(0.0,0.0,-1.0));
#7564=DIRECTION('',(0.0,-1.0,0.0));
#7565=DIRECTION('',(0.0,0.0,1.0));
#7566=DIRECTION('',(0.0,0.0,1.0));
#7567=DIRECTION('',(0.0,0.0,-1.0));
#7568=DIRECTION('',(0.0,1.0,0.0));
#7569=DIRECTION('',(0.0,1.0,0.0));
#7570=DIRECTION('',(0.0,0.0,1.0));
#7571=DIRECTION('',(-0.642787609686505,0.0,-0.766044443119007));
#7572=DIRECTION('',(1.0,0.0,0.0));
#7573=DIRECTION('',(-0.642787609686505,0.0,0.766044443119007));
#7574=DIRECTION('',(0.0,0.0,1.0));
#7575=DIRECTION('',(1.0,0.0,0.0));
#7576=DIRECTION('',(0.0,0.0,-1.0));
#7577=DIRECTION('',(1.0,0.0,0.0));
#7578=DIRECTION('',(0.0,0.0,-1.0));
#7579=DIRECTION('',(1.0,0.0,0.0));
#7580=DIRECTION('',(0.0,-0.644702799660219,0.764433319597122));
#7581=DIRECTION('',(0.0,0.0,1.0));
#7582=DIRECTION('',(0.0,1.0,0.0));
#7583=CARTESIAN_POINT('',(-0.7,4.18,1.255));
#7584=DIRECTION('',(-1.0,0.0,0.0));
#7585=DIRECTION('',(0.0,-1.0,0.0));
#7586=DIRECTION('',(1.0,0.0,0.0));
#7587=CARTESIAN_POINT('',(0.7,4.18,1.255));
#7588=DIRECTION('',(-1.0,0.0,0.0));
#7589=DIRECTION('',(0.0,-1.0,0.0));
#7590=DIRECTION('',(0.0,1.0,0.0));
#7591=DIRECTION('',(0.0,0.0,1.0));
#7592=DIRECTION('',(0.0,-0.644702799660219,0.764433319597122));
#7593=DIRECTION('',(1.0,0.0,0.0));
#7594=DIRECTION('',(1.0,0.0,0.0));
#7595=DIRECTION('',(0.0,-1.0,0.0));
#7596=DIRECTION('',(0.0,0.0,1.0));
#7597=DIRECTION('',(0.0,0.0,1.0));
#7598=DIRECTION('',(1.0,0.0,0.0));
#7599=DIRECTION('',(0.0,0.0,-1.0));
#7600=DIRECTION('',(1.0,0.0,0.0));
#7601=DIRECTION('',(0.0,0.0,1.0));
#7602=DIRECTION('',(1.0,0.0,0.0));
#7603=DIRECTION('',(0.0,0.0,1.0));
#7604=DIRECTION('',(0.0,-1.0,0.0));
#7605=DIRECTION('',(0.0,0.0,-1.0));
#7606=DIRECTION('',(0.0,-1.0,0.0));
#7607=DIRECTION('',(0.0,0.0,1.0));
#7608=DIRECTION('',(0.0,0.0,-1.0));
#7609=DIRECTION('',(0.0,-1.0,0.0));
#7610=DIRECTION('',(0.0,0.0,1.0));
#7611=DIRECTION('',(1.0,0.0,0.0));
#7612=DIRECTION('',(-1.0,0.0,0.0));
#7613=DIRECTION('',(1.0,0.0,0.0));
#7614=DIRECTION('',(0.0,0.0,1.0));
#7615=DIRECTION('',(1.0,0.0,0.0));
#7616=DIRECTION('',(1.0,0.0,0.0));
#7617=DIRECTION('',(1.0,0.0,0.0));
#7618=DIRECTION('',(-1.0,0.0,0.0));
#7619=DIRECTION('',(0.0,0.0,1.0));
#7620=DIRECTION('',(0.0,1.0,0.0));
#7621=DIRECTION('',(0.0,0.0,-1.0));
#7622=DIRECTION('',(0.0,1.0,0.0));
#7623=DIRECTION('',(0.0,0.0,1.0));
#7624=DIRECTION('',(0.0,1.0,0.0));
#7625=DIRECTION('',(0.0,0.0,-1.0));
#7626=DIRECTION('',(0.0,1.0,0.0));
#7627=DIRECTION('',(0.0,1.0,0.0));
#7628=DIRECTION('',(0.0,0.0,-1.0));
#7629=DIRECTION('',(0.0,0.0,1.0));
#7630=DIRECTION('',(0.0,-1.0,0.0));
#7631=DIRECTION('',(0.0,0.0,-1.0));
#7632=DIRECTION('',(0.0,1.0,0.0));
#7633=DIRECTION('',(0.0,0.0,1.0));
#7634=DIRECTION('',(0.0,-1.0,0.0));
#7635=DIRECTION('',(-1.0,0.0,0.0));
#7636=DIRECTION('',(-0.174436949745496,-0.174436949745496,-0.969094165252776));
#7637=DIRECTION('',(0.0,1.0,0.0));
#7638=DIRECTION('',(0.174436949745496,-0.174436949745496,0.969094165252776));
#7639=DIRECTION('',(0.174436949745496,0.174436949745496,-0.969094165252776));
#7640=DIRECTION('',(-1.0,0.0,0.0));
#7641=DIRECTION('',(-1.0,0.0,0.0));
#7642=DIRECTION('',(0.0,-1.0,0.0));
#7643=DIRECTION('',(-0.174436949745496,0.174436949745496,0.969094165252776));
#7644=DIRECTION('',(-1.0,0.0,0.0));
#7645=DIRECTION('',(-1.0,0.0,0.0));
#7646=DIRECTION('',(1.0,0.0,0.0));
#7647=DIRECTION('',(0.0,-1.0,0.0));
#7648=DIRECTION('',(0.707106781186548,-0.707106781186548,0.0));
#7649=DIRECTION('',(1.0,0.0,0.0));
#7650=DIRECTION('',(0.0,1.0,0.0));
#7651=DIRECTION('',(-1.0,0.0,0.0));
#7652=DIRECTION('',(1.0,0.0,0.0));
#7653=DIRECTION('',(0.0,1.0,0.0));
#7654=DIRECTION('',(1.0,0.0,0.0));
#7655=DIRECTION('',(-1.0,0.0,0.0));
#7656=DIRECTION('',(0.0,-1.0,0.0));
#7657=DIRECTION('',(1.0,0.0,0.0));
#7658=DIRECTION('',(0.707106781186548,0.707106781186548,0.0));
#7659=DIRECTION('',(0.0,1.0,0.0));
#7660=DIRECTION('',(1.0,0.0,0.0));
#7661=DIRECTION('',(0.0,1.0,0.0));
#7662=DIRECTION('',(1.0,0.0,0.0));
#7663=DIRECTION('',(0.0,-1.0,0.0));
#7664=DIRECTION('',(0.707106781186548,-0.707106781186548,0.0));
#7665=DIRECTION('',(1.0,0.0,0.0));
#7666=DIRECTION('',(0.0,1.0,0.0));
#7667=DIRECTION('',(-1.0,0.0,0.0));
#7668=DIRECTION('',(1.0,0.0,0.0));
#7669=DIRECTION('',(1.0,0.0,0.0));
#7670=DIRECTION('',(0.707106781186548,0.707106781186548,0.0));
#7671=DIRECTION('',(0.0,1.0,0.0));
#7672=DIRECTION('',(-1.0,0.0,0.0));
#7673=DIRECTION('',(0.0,-1.0,0.0));
#7674=DIRECTION('',(1.0,0.0,0.0));
#7675=DIRECTION('',(0.0,-1.0,0.0));
#7676=DIRECTION('',(0.0,0.0,-1.0));
#7677=DIRECTION('',(0.0,0.0,-1.0));
#7678=DIRECTION('',(0.0,-1.0,0.0));
#7679=DIRECTION('',(0.0,-1.0,0.0));
#7680=DIRECTION('',(0.0,-1.0,0.0));
#7681=DIRECTION('',(0.0,-1.0,0.0));
#7682=DIRECTION('',(1.0,0.0,0.0));
#7683=DIRECTION('',(0.707106781186548,-0.707106781186548,0.0));
#7684=DIRECTION('',(-1.0,0.0,0.0));
#7685=DIRECTION('',(0.0,1.0,0.0));
#7686=DIRECTION('',(-1.0,0.0,0.0));
#7687=DIRECTION('',(0.0,1.0,0.0));
#7688=DIRECTION('',(0.707106781186548,0.707106781186548,0.0));
#7689=DIRECTION('',(1.0,0.0,0.0));
#7690=DIRECTION('',(0.0,-1.0,0.0));
#7691=DIRECTION('',(0.0,-1.0,0.0));
#7692=DIRECTION('',(-1.0,0.0,0.0));
#7693=DIRECTION('',(0.0,1.0,0.0));
#7694=DIRECTION('',(1.0,0.0,0.0));
#7695=DIRECTION('',(0.707106781186548,-0.707106781186548,0.0));
#7696=DIRECTION('',(1.0,0.0,0.0));
#7697=DIRECTION('',(0.0,-1.0,0.0));
#7698=DIRECTION('',(-1.0,0.0,0.0));
#7699=DIRECTION('',(0.0,1.0,0.0));
#7700=DIRECTION('',(0.707106781186548,0.707106781186548,0.0));
#7701=DIRECTION('',(-0.642787609686505,0.0,0.766044443119007));
#7702=DIRECTION('',(-0.642787609686505,0.0,0.766044443119007));
#7703=DIRECTION('',(-0.625113629922105,-0.232885469971002,0.744981414239305));
#7704=DIRECTION('',(-0.642787609686505,0.0,-0.766044443119007));
#7705=DIRECTION('',(-1.0,0.0,0.0));
#7706=DIRECTION('',(-0.642787609686505,0.0,-0.766044443119007));
#7707=DIRECTION('',(-0.625113629922105,0.232885469971002,-0.744981414239305));
#7708=DIRECTION('',(-1.0,0.0,0.0));
#7709=DIRECTION('',(-1.0,0.0,0.0));
#7710=DIRECTION('',(1.0,0.0,0.0));
#7711=DIRECTION('',(0.0,0.0,-1.0));
#7712=DIRECTION('',(0.0,0.0,-1.0));
#7713=DIRECTION('',(0.0,0.0,-1.0));
#7714=DIRECTION('',(0.0,0.0,-1.0));
#7715=DIRECTION('',(0.0,0.0,-1.0));
#7716=DIRECTION('',(0.0,0.0,-1.0));
#7717=DIRECTION('',(0.0,0.0,-1.0));
#7718=DIRECTION('',(0.0,0.0,-1.0));
#7719=DIRECTION('',(0.0,0.0,-1.0));
#7720=DIRECTION('',(0.0,0.0,-1.0));
#7721=DIRECTION('',(0.0,0.0,-1.0));
#7722=DIRECTION('',(0.0,0.0,-1.0));
#7723=DIRECTION('',(0.0,0.0,-1.0));
#7724=DIRECTION('',(0.0,0.0,-1.0));
#7725=DIRECTION('',(0.0,0.0,-1.0));
#7726=DIRECTION('',(0.0,0.0,-1.0));
#7727=DIRECTION('',(0.0,0.0,-1.0));
#7728=DIRECTION('',(0.0,0.0,-1.0));
#7729=DIRECTION('',(0.0,0.0,-1.0));
#7730=DIRECTION('',(1.0,0.0,0.0));
#7731=DIRECTION('',(-1.0,0.0,0.0));
#7732=DIRECTION('',(0.0,0.0,1.0));
#7733=DIRECTION('',(0.0,-1.0,0.0));
#7734=DIRECTION('',(0.0,0.0,1.0));
#7735=DIRECTION('',(0.0,0.0,-1.0));
#7736=DIRECTION('',(0.0,-1.0,0.0));
#7737=DIRECTION('',(0.0,0.0,1.0));
#7738=DIRECTION('',(0.0,0.0,1.0));
#7739=DIRECTION('',(0.0,-1.0,0.0));
#7740=DIRECTION('',(1.0,0.0,0.0));
#7741=DIRECTION('',(1.0,0.0,0.0));
#7742=DIRECTION('',(1.0,0.0,0.0));
#7743=DIRECTION('',(-1.0,0.0,0.0));
#7744=DIRECTION('',(0.0,0.0,1.0));
#7745=DIRECTION('',(0.0,1.0,0.0));
#7746=DIRECTION('',(0.0,0.0,-1.0));
#7747=DIRECTION('',(0.0,1.0,0.0));
#7748=DIRECTION('',(0.0,0.0,1.0));
#7749=DIRECTION('',(0.0,0.0,-1.0));
#7750=DIRECTION('',(0.0,1.0,0.0));
#7751=DIRECTION('',(0.0,0.0,-1.0));
#7752=DIRECTION('',(0.0,0.0,1.0));
#7753=DIRECTION('',(0.0,-1.0,0.0));
#7754=DIRECTION('',(0.0,0.0,-1.0));
#7755=DIRECTION('',(0.0,1.0,0.0));
#7756=DIRECTION('',(0.0,-1.0,0.0));
#7757=DIRECTION('',(0.0,0.0,1.0));
#7758=DIRECTION('',(-1.0,0.0,0.0));
#7759=DIRECTION('',(-0.174436949745496,-0.174436949745496,-0.969094165252776));
#7760=DIRECTION('',(0.0,1.0,0.0));
#7761=DIRECTION('',(0.174436949745496,-0.174436949745496,0.969094165252776));
#7762=DIRECTION('',(0.174436949745496,0.174436949745496,-0.969094165252776));
#7763=DIRECTION('',(-1.0,0.0,0.0));
#7764=DIRECTION('',(-1.0,0.0,0.0));
#7765=DIRECTION('',(0.0,-1.0,0.0));
#7766=DIRECTION('',(-0.174436949745496,0.174436949745496,0.969094165252776));
#7767=DIRECTION('',(-1.0,0.0,0.0));
#7768=DIRECTION('',(-1.0,0.0,0.0));
#7769=DIRECTION('',(-0.174436949745496,-0.174436949745496,-0.969094165252776));
#7770=DIRECTION('',(0.0,1.0,0.0));
#7771=DIRECTION('',(-0.174436949745496,0.174436949745496,-0.969094165252776));
#7772=DIRECTION('',(-1.0,0.0,0.0));
#7773=DIRECTION('',(0.174436949745496,0.174436949745496,-0.969094165252776));
#7774=DIRECTION('',(0.0,-1.0,0.0));
#7775=DIRECTION('',(-0.174436949745496,0.174436949745496,0.969094165252776));
#7776=DIRECTION('',(-1.0,0.0,0.0));
#7777=DIRECTION('',(-1.0,0.0,0.0));
#7778=DIRECTION('',(-0.174436949745496,0.969094165252776,-0.174436949745496));
#7779=DIRECTION('',(0.0,0.0,1.0));
#7780=DIRECTION('',(-0.174436949745496,0.969094165252776,0.174436949745496));
#7781=DIRECTION('',(-1.0,0.0,0.0));
#7782=DIRECTION('',(-1.0,0.0,0.0));
#7783=DIRECTION('',(0.174436949745496,0.969094165252776,0.174436949745496));
#7784=DIRECTION('',(-1.0,0.0,0.0));
#7785=DIRECTION('',(0.0,0.0,-1.0));
#7786=DIRECTION('',(-0.174436949745496,-0.969094165252776,0.174436949745496));
#7787=DIRECTION('',(-1.0,0.0,0.0));
#7788=DIRECTION('',(-1.0,0.0,0.0));
#7789=DIRECTION('',(-0.174436949745496,0.969094165252776,-0.174436949745496));
#7790=DIRECTION('',(0.0,0.0,1.0));
#7791=DIRECTION('',(-0.174436949745496,0.969094165252776,0.174436949745496));
#7792=DIRECTION('',(-1.0,0.0,0.0));
#7793=DIRECTION('',(0.174436949745496,0.969094165252776,0.174436949745496));
#7794=DIRECTION('',(0.0,0.0,-1.0));
#7795=DIRECTION('',(-0.174436949745496,-0.969094165252776,0.174436949745496));
#7796=DIRECTION('',(-1.0,0.0,0.0));
#7797=DIRECTION('',(-1.0,0.0,0.0));
#7798=DIRECTION('',(-1.0,0.0,0.0));
#7799=DIRECTION('',(-0.174436949745496,-0.174436949745496,-0.969094165252776));
#7800=DIRECTION('',(-0.174436949745496,0.174436949745496,0.969094165252776));
#7801=DIRECTION('',(0.0,-1.0,0.0));
#7802=DIRECTION('',(-1.0,0.0,0.0));
#7803=DIRECTION('',(0.0,1.0,0.0));
#7804=DIRECTION('',(-0.174436949745496,0.174436949745496,-0.969094165252776));
#7805=DIRECTION('',(0.174436949745496,0.174436949745496,-0.969094165252776));
#7806=DIRECTION('',(-0.174436949745496,0.969094165252776,-0.174436949745496));
#7807=DIRECTION('',(0.0,0.0,1.0));
#7808=DIRECTION('',(-0.174436949745496,0.969094165252776,0.174436949745496));
#7809=DIRECTION('',(-1.0,0.0,0.0));
#7810=DIRECTION('',(-1.0,0.0,0.0));
#7811=DIRECTION('',(0.174436949745496,0.969094165252776,0.174436949745496));
#7812=DIRECTION('',(-1.0,0.0,0.0));
#7813=DIRECTION('',(0.0,0.0,-1.0));
#7814=DIRECTION('',(-0.174436949745496,-0.969094165252776,0.174436949745496));
#7815=DIRECTION('',(-1.0,0.0,0.0));
#7816=DIRECTION('',(-1.0,0.0,0.0));
#7817=DIRECTION('',(-0.174436949745496,0.969094165252776,-0.174436949745496));
#7818=DIRECTION('',(0.0,0.0,1.0));
#7819=DIRECTION('',(-0.174436949745496,0.969094165252776,0.174436949745496));
#7820=DIRECTION('',(-1.0,0.0,0.0));
#7821=DIRECTION('',(-1.0,0.0,0.0));
#7822=DIRECTION('',(0.174436949745496,0.969094165252776,0.174436949745496));
#7823=DIRECTION('',(-1.0,0.0,0.0));
#7824=DIRECTION('',(0.0,-1.0,0.0));
#7825=DIRECTION('',(-1.0,0.0,0.0));
#7826=CARTESIAN_POINT('',(-0.475,-3.94,0.355));
#7827=DIRECTION('',(0.0,1.0,0.0));
#7828=DIRECTION('',(0.0,0.0,-1.0));
#7829=DIRECTION('',(0.0,0.0,1.0));
#7830=DIRECTION('',(1.0,0.0,0.0));
#7831=DIRECTION('',(0.0,0.0,1.0));
#7832=CARTESIAN_POINT('',(-0.475,-3.94,0.355));
#7833=DIRECTION('',(0.0,1.0,0.0));
#7834=DIRECTION('',(-1.0,0.0,0.0));
#7835=DIRECTION('',(0.0,-1.0,0.0));
#7836=CARTESIAN_POINT('',(-0.475,-5.69,0.355));
#7837=DIRECTION('',(0.0,1.0,0.0));
#7838=DIRECTION('',(0.0,0.0,-1.0));
#7839=DIRECTION('',(1.0,0.0,0.0));
#7840=CARTESIAN_POINT('',(-0.475,-5.69,0.355));
#7841=DIRECTION('',(0.0,1.0,0.0));
#7842=DIRECTION('',(-0.63897106637829,0.0,-0.769230769230788));
#7843=DIRECTION('',(0.0,1.0,0.0));
#7844=CARTESIAN_POINT('',(-0.475,-6.04,0.355));
#7845=DIRECTION('',(0.0,1.0,0.0));
#7846=DIRECTION('',(-0.63897106637829,0.0,-0.769230769230788));
#7847=CARTESIAN_POINT('',(-0.475,-6.995,0.355));
#7848=DIRECTION('',(0.0,1.0,0.0));
#7849=DIRECTION('',(0.0,0.0,-1.0));
#7850=CARTESIAN_POINT('',(-0.475,-7.12,0.355));
#7851=DIRECTION('',(0.0,1.0,0.0));
#7852=DIRECTION('',(0.0,0.0,-1.0));
#7853=DIRECTION('',(0.0,0.0,-1.0));
#7854=DIRECTION('',(-0.174436949745496,-0.969094165252776,0.174436949745496));
#7855=DIRECTION('',(-1.0,0.0,0.0));
#7856=DIRECTION('',(0.0,-1.0,0.0));
#7857=DIRECTION('',(-1.0,0.0,0.0));
#7858=DIRECTION('',(0.0,0.0,1.0));
#7859=DIRECTION('',(0.0,-1.0,0.0));
#7860=DIRECTION('',(0.0,0.0,-1.0));
#7861=DIRECTION('',(-1.0,0.0,0.0));
#7862=CARTESIAN_POINT('',(0.475,-7.12,0.355));
#7863=DIRECTION('',(0.0,-1.0,0.0));
#7864=DIRECTION('',(0.0,0.0,-1.0));
#7865=DIRECTION('',(0.0,0.0,1.0));
#7866=DIRECTION('',(1.0,0.0,0.0));
#7867=DIRECTION('',(0.0,-1.0,0.0));
#7868=DIRECTION('',(1.0,0.0,0.0));
#7869=DIRECTION('',(0.0,0.0,-1.0));
#7870=DIRECTION('',(-1.0,0.0,0.0));
#7871=DIRECTION('',(0.0,0.0,1.0));
#7872=DIRECTION('',(-1.0,0.0,0.0));
#7873=DIRECTION('',(0.0,0.0,1.0));
#7874=DIRECTION('',(0.0,1.0,0.0));
#7875=DIRECTION('',(0.0,0.0,-1.0));
#7876=DIRECTION('',(-1.0,0.0,0.0));
#7877=DIRECTION('',(0.0,0.0,-1.0));
#7878=DIRECTION('',(-1.0,0.0,0.0));
#7879=DIRECTION('',(0.0,0.64287114276419,0.765974342782488));
#7880=DIRECTION('',(-1.0,0.0,0.0));
#7881=DIRECTION('',(0.0,0.0,-1.0));
#7882=DIRECTION('',(-1.0,0.0,0.0));
#7883=DIRECTION('',(0.0,-0.642871293713882,-0.765974216092578));
#7884=DIRECTION('',(-1.0,0.0,0.0));
#7885=DIRECTION('',(0.0,-1.0,0.0));
#7886=DIRECTION('',(0.0,1.0,0.0));
#7887=PRESENTATION_LAYER_ASSIGNMENT('','',(#25,#51,#52,#53,#54,#55,#56,#57,#58,#59,#60,#61,#62,#63,#64,#65,#66,#67,#68,#69,#70,#71,#72,#73,#74,#75,#76,#77,#78,#79,#80,#81,#82,#83,#84,#85,#86,#87,#88,#89,#90,#91,#92,#93,#94,#95,#96,#97,#98,#99,#100,#101,#102,#103,#104,#105,#106,#107,#108,#109,#110,#111,#112,#113,#114,#115,#116,#117,#118,#119,#120,#121,#122,#123,#124,#125,#126,#127,#128,#129,#130,#131,#132,#133,#134,#135,#136,#137,#138,#139,#140,#141,#142,#143,#144,#145,#146,#147,#148,#149,#150,#151,#152,#153,#154,#155,#156,#157,#158,#159,#160,#161,#162,#163,#164,#165,#166,#167,#168,#169,#170,#171,#172,#173,#174,#175,#176,#177,#178,#179,#180,#181,#182,#183,#184,#185,#186,#187,#188,#189,#190,#191,#192,#193,#194,#195,#196,#197,#198,#199,#200,#201,#202,#203,#204,#205,#206,#207,#208,#209,#210,#211,#212,#213,#214,#215,#216,#217,#218,#219,#220,#221,#222,#223,#224,#225,#226,#227,#228,#229,#230,#231,#232,#233,#234,#235,#236,#237,#238,#239,#240,#241,#242,#243,#244,#245,#246,#247,#248,#249,#250,#251,#252,#253,#254,#255,#256,#257,#258,#259,#260,#261,#262,#263,#264,#265,#266,#267,#268,#269,#270,#271,#272,#273,#274,#275,#276,#277,#278,#279,#280,#281,#282,#283,#284,#285,#286,#287,#288,#289,#290,#291,#292,#293,#294,#295,#296,#297,#298,#299,#300,#301,#302,#303,#304,#305,#306,#307,#308,#309,#310,#311,#312,#313,#3548,#3549,#3550,#3551,#3552,#3553,#3554,#3555,#3556,#3557,#3558,#3559,#3560,#3561,#3562,#3563,#3564,#3565,#3566,#3567,#3568,#3569,#3570,#3571,#3572,#3573,#3574,#3575,#3576,#3577,#3578,#3579,#3580,#3581,#3582,#3583,#3584,#3585,#3586,#3587,#3588,#3589,#3590,#3591,#3592,#3593,#3594,#3595,#3596,#3597,#3598,#3599,#3600,#3601,#3602,#3603,#3604,#3605,#3606,#3607,#3608,#3609,#3610,#3611,#3612,#3613,#3614,#3615,#3616,#3617,#3618,#3619,#3620,#3621,#3622,#3623,#3624,#3625,#3626,#3627,#3628,#3629,#3630,#3631,#3632,#3633,#3634,#3635,#3636,#3637,#3638,#3639,#3640,#3641,#3642,#3643,#3644,#3645,#3646,#3647,#3648,#3649,#3650,#3651,#3652,#3653,#3654,#3655,#3656,#3657,#3658,#3659,#3660,#3661,#3662,#3663,#3664,#3665,#3666,#3667,#3668,#3669,#3670,#3671,#3672,#3673,#3674,#3675,#3676,#3677,#3678,#3679,#3680,#3681,#3682,#3683,#3684,#3685,#3686,#3687,#3688,#3689,#3690,#3691,#3692,#3693,#3694,#3695,#3696,#3697,#3698,#3699,#3700,#3701,#3702,#3703,#3704,#3705,#3706,#3707,#3708,#3709,#3710,#3711,#3712,#3713,#3714,#3715,#3716,#3717,#3718,#3719,#3720,#3721,#3722,#3723,#3724,#3725,#3726,#3727,#3728,#3729,#3730,#3731,#3732,#3733,#3734,#3735,#3736,#3737,#3738,#3739,#3740,#3741,#3742,#3743,#3744,#3745,#3746,#3747,#3748,#3749,#3750,#3751,#3752,#3753,#3754,#3755,#3756,#3757,#3758,#3759,#3760,#3761,#3762,#3763,#3764,#3765,#3766,#3767,#3768,#3769,#3770,#3771,#3772,#3773,#3774,#3775,#3776,#3777,#3778,#3779,#3780,#3781,#3782,#3783,#3784,#3785,#3786,#3787,#3788,#3789,#3790,#3791,#3792,#3793,#3794,#3795,#3796,#3797,#3798,#3799,#3800,#3801,#3802,#3803,#3804,#3805,#3806,#3807,#3808,#3809,#3810,#3811,#3812,#3813,#3814,#3815,#3816,#3817,#3818,#3819,#3820,#3821,#3822,#3823,#3824,#3825,#3826,#3827,#3828,#3829,#3830,#3831,#3832,#3833,#3834,#3835,#3836,#3837,#3838,#3839,#3840,#3841,#3842,#3843,#3844,#3845,#3846,#3847,#3848,#3849,#3850,#3851,#3852,#3853,#3854,#3855,#3856,#3857,#3858,#3859,#3860,#3861,#3862,#3863,#3864,#3865,#3866,#3867,#3868,#3869,#3870,#3871,#3872,#3873,#3874,#3875,#3876,#3877,#3878,#3879,#3880,#3881,#3882,#3883,#3884,#3885,#3886,#3887,#3888,#3889,#3890,#3891,#3892,#3893,#3894,#3895,#3896,#3897,#3898,#3899,#3900,#3901,#3902,#3903,#3904,#3905,#3906,#3907,#3908,#3909,#3910,#3911,#3912,#3913,#3914,#3915,#3916,#3917,#3918,#3919,#3920,#3921,#3922,#3923,#3924,#3925,#3926,#3927,#3928,#3929,#3930,#3931,#3932,#3933,#3934,#3935,#3936,#3937,#3938,#3939,#3940,#3941,#3942,#3943,#3944,#3945,#3946,#3947,#3948,#3949,#3950,#3951,#3952,#3953,#3954,#3955,#3956,#3957,#3958,#3959,#3960,#3961,#3962,#3963,#3964,#3965,#3966,#3967,#3968,#3969,#3970,#3971,#3972,#3973,#3974,#3975,#3976,#3977,#3978,#3979,#3980,#3981,#3982,#3983,#3984,#3985,#3986,#3987,#3988,#3989,#3990,#3991,#3992,#3993,#3994,#3995,#3996,#3997,#3998,#3999,#4000,#4001,#4002,#4003,#4004,#4005,#4006,#4007,#4008,#4009,#4010,#4011,#4012,#4013,#4014,#4015,#4016,#4017,#4018,#4019,#4020,#4021,#4022,#4023,#4024,#4025,#4026,#4027,#4028,#4029,#4030,#4031,#4032,#4033,#4034,#4035,#4036,#4037,#4038,#4039,#4040,#4041,#4042,#4043,#4044,#4045,#4046,#4047,#4048,#4049,#4050,#4051,#4052,#4053,#4054,#4055,#4056,#4057,#4058,#4059,#4060,#4061,#4062,#4063,#4064,#4065,#4066,#4067,#4068,#4069,#4070,#4071,#4072,#4073,#4074,#4075,#4076,#4077,#4078,#4079,#4080,#4081,#4082,#4083,#4084,#4085,#4086,#4087,#4088,#4089,#4090,#4091,#4092,#4093,#4094,#4095,#4096,#4097,#4098,#4099,#4100,#4101,#4102,#4103,#4104,#4105,#4106,#4107,#4108,#4109,#4110,#4111,#4112,#4113,#4114,#4115,#4116,#4117,#4118,#4119,#4120,#4121,#4122,#4123,#4124,#4125,#4126,#4127,#4128,#4129,#4130,#4131,#4132,#4133,#4134,#4135,#4136,#4137,#4138,#4139,#4140,#4141,#4142,#4143,#4144,#4145,#4146,#4147,#4148,#4149,#4150,#4151,#4152,#4153,#4154,#4155,#4156,#4157,#4158,#4159,#4160,#4161,#4162,#4163,#4164,#4165,#4166,#4167,#4168,#4169,#4170,#4171,#4172,#4173,#4174,#4175,#4176,#4177,#4178,#4179,#4180,#4181,#4182,#4183,#4184,#4185,#4186,#4187,#4188,#4189,#4190,#4191,#4192,#4193,#4194,#4195,#4196,#4197,#4198,#4199,#4200,#4201,#4202,#4203,#4204,#4205,#4206,#4207,#4208,#4209,#4210,#4211,#4212,#4213,#4214,#4215,#4216,#4217,#4218,#4219,#4220,#4221,#4222,#4223,#4224,#4225,#4226,#4227,#4228,#4229,#4230,#4231,#4232,#4233,#4234,#4236,#4238,#4240,#4243,#4244,#4246,#4248,#4250,#4253,#4255,#4257,#4259,#4262,#4264,#4267,#4269,#4272,#4273,#4277,#4278,#4280,#4282,#4285,#4286,#4289,#4292,#4294,#4297,#4299,#4301,#4304,#4306,#4309,#4312,#4313,#4315,#4317,#4320,#4321,#4323,#4326,#4329,#4331,#4333,#4335,#4338,#4340,#4343,#4345,#4347,#4349,#4352,#4354,#4356,#4358,#4361,#4363,#4366,#4369,#4371,#4374,#4375,#4378,#4380,#4383,#4385,#4388,#4389,#4391,#4394,#4397,#4398,#4400,#4403,#4405,#4407,#4410,#4412,#4415,#4419,#4421,#4423,#4426,#4427,#4429,#4431,#4433,#4435,#4437,#4439,#4445,#4446,#4450,#4452,#4454,#4456,#4458,#4460,#4467,#4469,#4473,#4475,#4477,#4479,#4481,#4483,#4485,#4488,#4491,#4492,#4494,#4498,#4501,#4503,#4505,#4507,#4509,#4511,#4514,#4515,#4517,#4519,#4521,#4524,#4526,#4529,#4531,#4533,#4535,#4537,#4539,#4541,#4543,#4545,#4547,#4549,#4551,#4553,#4555,#4557,#4559,#4561,#4563,#4565,#4567,#4569,#4571,#4573,#4575,#4577,#4579,#4581,#4583,#4585,#4587,#4589,#4591,#4593,#4595,#4597,#4599,#4601,#4604,#4606,#4609,#4610,#4612,#4614,#4617,#4618,#4620,#4622,#4625,#4626,#4628,#4631,#4634,#4635,#4637,#4640,#4643,#4646,#4648,#4651,#4653,#4656,#4658,#4661,#4662,#4664,#4666,#4670,#4673,#4674,#4677,#4680,#4682,#4684,#4686,#4688,#4690,#4693,#4696,#4698,#4700,#4702,#4705,#4707,#4710,#4712,#4714,#4717,#4718,#4720,#4722,#4724,#4726,#4728,#4730,#4732,#4734,#4737,#4739,#4742,#4743,#4745,#4747,#4750,#4752,#4755,#4757,#4760,#4762,#4764,#4766,#4768,#4770,#4772,#4774,#4778,#4781,#4786,#4789,#4791,#4793,#4796,#4801,#4803,#4806,#4808,#4811,#4812,#4814,#4816,#4819,#4820,#4822,#4824,#4827,#4828,#4830,#4833,#4837,#4840,#4842,#4845,#4848,#4849,#4851,#4853,#4857,#4860,#4862,#4865,#4868,#4871,#4875,#4877,#4879,#4881,#4887,#4888,#4891,#4893,#4896,#4898,#4901,#4903,#4910,#4912,#4914,#4917,#4920,#4921,#4923,#4925,#4928,#4930,#4932,#4935,#4938,#4940,#4945,#4948,#4950,#4953,#4957,#4959,#4962,#4966,#4970,#4972,#4978,#4981,#4984,#4985,#4987,#4989,#4992,#4994,#4997,#4998,#5000,#5004,#5008,#5010,#5013,#5017,#5023,#5024,#5026,#5028,#5030,#5033,#5035,#5038,#5039,#5041,#5043,#5045,#5048,#5050,#5053,#5054,#5056,#5058,#5060,#5064,#5065,#5067,#5069,#5071,#5075,#5076,#5084,#5085,#5088,#5091,#5092,#5094,#5096,#5098,#5101,#5102,#5104,#5106,#5108,#5111,#5112,#5114,#5116,#5118,#5149,#5152,#5155,#5159,#5162,#5168,#5171,#5174,#5175,#5179,#5182,#5183,#5185,#5192,#5194,#5197,#5201,#5206,#5208,#5211,#5214,#5219,#5221,#5225,#5229,#5234,#5236,#5239,#5242,#5247,#5248,#5252,#5254,#5259,#5261,#5265,#5269,#5274,#5276,#5280,#5283,#5287,#5290,#5296,#5299,#5305,#5310,#5313,#5318,#5321,#5325,#5327,#5329,#5332,#5335,#5337,#5340,#5343,#5346));
ENDSEC;
END-ISO-10303-21;
